importance_rank,pool_index,feature_name,family,l2_importance,mean_absolute_coefficient,maximum_absolute_coefficient,coefficient_AnnualCrop,coefficient_Forest,coefficient_HerbaceousVegetation,coefficient_Highway,coefficient_Industrial,coefficient_Pasture,coefficient_PermanentCrop,coefficient_Residential,coefficient_River,coefficient_SeaLake
1,316,corn2frac_ndvi,harris_corners,1.846718668937683,0.474703311920166,1.0827597379684448,-0.015192024409770966,0.36120250821113586,1.0827597379684448,-0.9366918206214905,0.24788369238376617,-0.25264233350753784,-0.7026355862617493,0.624663233757019,-0.46635353565216064,0.057008832693099976
2,325,lbp2uni_ndbi,lbp,1.4743207693099976,0.39988163113594055,0.8409613966941833,-0.29336193203926086,-0.7782663702964783,0.6214703321456909,-0.3555859923362732,-0.25191929936408997,0.2319193333387375,0.8409613966941833,-0.14632464945316315,-0.17395076155662537,0.30505630373954773
3,317,corn2mag_ndvi,harris_corners,1.1684191226959229,0.2975466847419739,0.6667397022247314,-0.5810466408729553,0.258859783411026,0.31732848286628723,0.07432897388935089,-0.08661074936389923,-0.15333525836467743,0.15628401935100555,0.5879971981048584,-0.6667397022247314,0.09293573349714279
4,287,ixgm_ndvi,index_texture,1.1421738862991333,0.30712080001831055,0.5330750942230225,-0.47475799918174744,-0.3117756247520447,-0.12888343632221222,0.5187684893608093,-0.043818216770887375,-0.4009001553058624,0.5330750942230225,0.4837593138217926,-0.08662310242652893,-0.08884669095277786
5,318,corn2frac_ndbi,harris_corners,1.1162737607955933,0.29622262716293335,0.7000231742858887,-0.3982275128364563,0.4499649107456207,0.36500459909439087,-0.7000231742858887,0.30488601326942444,0.08488412946462631,0.05299561843276024,0.22337910532951355,-0.32483533024787903,-0.058025989681482315
6,294,ixgs_ndwi,index_texture,1.095995545387268,0.253709614276886,0.7571872472763062,-0.580435037612915,-0.21010416746139526,-0.41114741563796997,0.15352995693683624,0.19915509223937988,0.07495450973510742,0.020003892481327057,-0.06686192750930786,0.7571872472763062,0.063716821372509
7,297,ixgs_nbr,index_texture,1.0644303560256958,0.2749595642089844,0.6314545273780823,-0.6314545273780823,-0.2120126187801361,-0.22961893677711487,-0.0021349291782826185,0.1888037621974945,0.5931523442268372,0.19497205317020416,-0.21277371048927307,0.3978697955608368,-0.0868031308054924
8,336,sslope2_ndvi,spectral_slope,1.041045069694519,0.30372294783592224,0.5534465312957764,-0.2820896804332733,-0.2644839286804199,0.18190854787826538,0.33718711137771606,-0.22019663453102112,-0.5534465312957764,0.49158117175102234,0.36040836572647095,-0.19839781522750854,0.1475297510623932
9,319,corn2mag_ndbi,harris_corners,0.9648243188858032,0.2777239680290222,0.5012015700340271,-0.5012015700340271,0.3093944787979126,-0.2296440154314041,-0.18898925185203552,0.14479060471057892,0.3386165201663971,0.372767835855484,0.22305132448673248,-0.40945228934288025,-0.05933195725083351
10,322,lbp2ent_ndvi,lbp,0.945219099521637,0.22565758228302002,0.685380756855011,-0.685380756855011,0.22811496257781982,0.04980595409870148,0.15201473236083984,0.2076713889837265,0.0028552240692079067,0.03690168634057045,0.4509245455265045,-0.21269571781158447,-0.2302110642194748
11,92,g0mean_b1,multiscale_gradients,0.9436782598495483,0.2534165680408478,0.5226247310638428,-0.3265898823738098,-0.13901595771312714,0.41782346367836,0.1659291386604309,0.1607038676738739,-0.35398295521736145,-0.36703404784202576,0.5226247310638428,-0.05062250792980194,-0.02983894944190979
12,94,g0mean_b3,multiscale_gradients,0.9317141175270081,0.22849507629871368,0.6310195326805115,-0.3677440285682678,-0.16479548811912537,0.14553633332252502,0.020739106461405754,-0.22666007280349731,-0.34149664640426636,0.34079599380493164,0.6310195326805115,0.004382888320833445,-0.04178076982498169
13,329,blob2lrg_ndvi,blobs,0.919710099697113,0.2126094400882721,0.575478732585907,0.21781760454177856,0.02908952534198761,0.08832380175590515,-0.575478732585907,0.4863821268081665,0.044198308140039444,-0.044056300073862076,0.13011105358600616,-0.44351139664649963,0.06712546944618225
14,288,ixgm_ndwi,index_texture,0.9165850877761841,0.2430848330259323,0.5790043473243713,-0.4051048159599304,-0.10887233167886734,-0.2796739935874939,0.5790043473243713,0.1955697238445282,-0.281120240688324,0.12675395607948303,0.31409499049186707,-0.003951285965740681,-0.1367025226354599
15,111,g0std_b7,multiscale_gradients,0.9031245708465576,0.17626513540744781,0.7246384620666504,-0.13053491711616516,-0.1481092870235443,-0.476811021566391,0.129978746175766,-0.07036848366260529,0.7246384620666504,-0.03796834871172905,0.02468251623213291,-0.01753365807235241,0.002025836380198598
16,320,lbp2ent_pan,lbp,0.8909532427787781,0.22118577361106873,0.49723729491233826,-0.20576442778110504,0.49723729491233826,-0.028080252930521965,-0.151906356215477,0.1565847247838974,-0.45330289006233215,-0.207207590341568,0.4521079957485199,-0.05463983118534088,-0.0050262752920389175
17,29,p10_b3,spectral_statistics,0.8867477178573608,0.22445723414421082,0.5266879200935364,-0.0741310715675354,-0.11544033139944077,-0.26459312438964844,0.44417497515678406,0.0656454861164093,-0.5266879200935364,0.3876936733722687,-0.13260143995285034,0.2247702181339264,-0.00883398111909628
18,118,g1mean_b1,multiscale_gradients,0.8581609725952148,0.22879543900489807,0.5229101181030273,-0.18799236416816711,-0.14525969326496124,0.5229101181030273,0.1394110471010208,0.3249429166316986,-0.37498828768730164,-0.3306880593299866,0.1567116230726242,-0.07985033839941025,-0.02519957348704338
19,144,g2mean_b1,multiscale_gradients,0.849816083908081,0.21411076188087463,0.49977296590805054,-0.12479455024003983,-0.12739858031272888,0.4807613790035248,0.09001800417900085,0.49977296590805054,-0.3386688530445099,-0.1581958383321762,-0.23893283307552338,-0.06532116234302521,-0.01724315993487835
20,310,linet3_ndvi,hough_lines,0.8473644852638245,0.18641653656959534,0.6086565852165222,-0.0830928236246109,-0.001382402959279716,0.09761404991149902,0.6086565852165222,0.07420314848423004,-0.07739429920911789,-0.37515929341316223,-0.3948460519313812,0.151607945561409,-0.00020861372468061745
21,324,lbp2ent_ndbi,lbp,0.8408199548721313,0.24523527920246124,0.3651778995990753,-0.3651778995990753,0.20476584136486053,-0.3181673288345337,-0.0150320865213871,0.34063616394996643,0.13710497319698334,-0.21587461233139038,0.22870595753192902,0.31496483087539673,-0.3119230270385742
22,292,ixgm_bsi,index_texture,0.8397448658943176,0.21375629305839539,0.5130011439323425,-0.10537412017583847,-0.12109524756669998,-0.1768832504749298,0.1909620314836502,-0.03824040666222572,-0.44350388646125793,0.364817351102829,0.5130011439323425,-0.10524777323007584,-0.07843784987926483
23,298,ixgs_bsi,index_texture,0.8389500379562378,0.21079692244529724,0.5791664123535156,0.4144654870033264,-0.09074688702821732,-0.5791664123535156,0.16235792636871338,0.14143969118595123,0.2513194680213928,-0.1788448989391327,0.0666409358382225,-0.20522695779800415,0.017760632559657097
24,314,corn2frac_pan,harris_corners,0.8248787522315979,0.2059079110622406,0.5092257857322693,-0.3265460133552551,0.3041383922100067,0.04029818996787071,-0.5092257857322693,0.05928925797343254,0.2487003356218338,0.026668375357985497,0.34154725074768066,-0.1937670111656189,0.008898611180484295
25,202,oent_b7,orientation_entropy,0.8144790530204773,0.1958903968334198,0.5604994893074036,-0.07184029370546341,0.20975619554519653,0.1373242884874344,0.2124289870262146,-0.346952348947525,0.057303350418806076,-0.5604994893074036,-0.0001588438026374206,0.33406177163124084,0.028578510507941246
26,41,p25_b2,spectral_statistics,0.796413242816925,0.2053300440311432,0.4912976324558258,-0.04481735825538635,-0.060554493218660355,-0.30568134784698486,-0.20052982866764069,0.09552614390850067,0.4912976324558258,-0.4150686264038086,0.0750623494386673,0.18088319897651672,0.18387940526008606
27,98,g0mean_b7,multiscale_gradients,0.792030394077301,0.20502421259880066,0.5003554821014404,-0.12531019747257233,0.21255475282669067,-0.28632646799087524,0.5003554821014404,-0.029120540246367455,-0.18042942881584167,-0.30832821130752563,0.31221112608909607,-0.005515951197594404,-0.09009011834859848
28,315,corn2mag_pan,harris_corners,0.7851888537406921,0.21080967783927917,0.43721747398376465,-0.43721747398376465,0.18406863510608673,-0.27285754680633545,0.23367108404636383,0.03948989138007164,0.31887152791023254,-0.04284105822443962,0.2573925256729126,-0.3011319637298584,0.020555350929498672
29,50,p25_b11,spectral_statistics,0.774044394493103,0.21313385665416718,0.39898449182510376,0.1924157589673996,-0.19701054692268372,-0.3560839891433716,0.04717094451189041,0.22070103883743286,-0.0082960594445467,0.39898449182510376,0.2063954919576645,-0.3431677520275116,-0.16111265122890472
30,36,p10_b10,spectral_statistics,0.7612546682357788,0.19535157084465027,0.48748043179512024,0.08154842257499695,-0.21122249960899353,0.48748043179512024,0.03961842879652977,0.13081742823123932,0.23729224503040314,-0.0841418206691742,-0.1004272848367691,-0.41232171654701233,-0.16864556074142456
31,145,g2mean_b2,multiscale_gradients,0.7515110373497009,0.1926889270544052,0.44365832209587097,-0.19253963232040405,-0.10070545971393585,0.12051785737276077,-0.11398734152317047,0.38609859347343445,-0.25957855582237244,0.44365832209587097,-0.27595505118370056,0.013168658129870892,-0.020679861307144165
32,293,ixgs_ndvi,index_texture,0.7433376908302307,0.19812993705272675,0.47119635343551636,-0.1605924516916275,-0.23303751647472382,-0.47119635343551636,0.3092937469482422,0.1628125160932541,-0.07596355676651001,0.1374506652355194,-0.04986034333705902,0.30990493297576904,0.07118731737136841
33,93,g0mean_b2,multiscale_gradients,0.7374494075775146,0.16316001117229462,0.4759601652622223,-0.40473130345344543,0.0005063473363406956,0.03970903158187866,-0.06896591931581497,0.07879097014665604,-0.3080637454986572,0.2116565704345703,0.4759601652622223,0.009175321087241173,-0.0340406596660614
34,339,ixcoh_ndwi,index_coherence,0.7340314984321594,0.18553291261196136,0.46405354142189026,-0.36737585067749023,-0.15000860393047333,0.16327327489852905,0.29190582036972046,-0.1767875701189041,-0.052764762192964554,-0.13326740264892578,0.008431618101894855,0.46405354142189026,-0.04746079444885254
35,350,ix2gm_ndvi,index_texture_scale2,0.7321142554283142,0.20528963208198547,0.360225647687912,-0.25264865159988403,-0.27380508184432983,-0.11272070556879044,0.360225647687912,0.08984965085983276,-0.26645609736442566,0.321707546710968,0.25466397404670715,-0.06147624924778938,-0.05934259667992592
36,101,g0mean_b10,multiscale_gradients,0.7278428673744202,0.1918938159942627,0.40766388177871704,-0.2985405921936035,0.06302335858345032,0.1697729080915451,0.07617500424385071,0.03018062748014927,0.40766388177871704,-0.3797966241836548,-0.19509272277355194,0.21265274286270142,-0.08603952825069427
37,275,xcorr_b1_b7,cross_band,0.7254520654678345,0.14945480227470398,0.5562094449996948,0.24816852807998657,-0.019028540700674057,-0.016035839915275574,-0.5562094449996948,-0.14839351177215576,0.05528678372502327,0.3538868725299835,0.03292437642812729,0.057007964700460434,-0.007606226950883865
38,358,xcorr_b1_b7,cross_band_correlation,0.7254520654678345,0.14945480227470398,0.5562094449996948,0.24816852807998657,-0.019028540700674057,-0.016035839915275574,-0.5562094449996948,-0.14839351177215576,0.05528678372502327,0.3538868725299835,0.03292437642812729,0.057007964700460434,-0.007606226950883865
39,105,g0std_b1,multiscale_gradients,0.7218754291534424,0.18137237429618835,0.4375646114349365,-0.36720195412635803,-0.08074396848678589,-0.17856113612651825,0.4375646114349365,0.2184421867132187,0.038229018449783325,-0.26210540533065796,0.19458766281604767,0.018036898225545883,-0.018250884488224983
40,131,g1std_b1,multiscale_gradients,0.7139708399772644,0.15371784567832947,0.48548924922943115,-0.23139339685440063,-0.05264350771903992,-0.04916000738739967,0.48548924922943115,0.23933997750282288,0.01923438347876072,-0.395256906747818,-0.02425764873623848,0.024524202570319176,-0.015879184007644653
41,323,lbp2uni_ndvi,lbp,0.7118886113166809,0.17779406905174255,0.5202129483222961,-0.2543400526046753,-0.09530487656593323,0.20199885964393616,-0.2814132571220398,-0.06436648964881897,0.5202129483222961,-0.04569481685757637,0.06923991441726685,0.09751804918050766,-0.14785140752792358
42,277,xcorr_b3_b11,cross_band,0.70921391248703,0.170688658952713,0.4558158218860626,-0.01246120035648346,0.09682079404592514,0.4558158218860626,0.0035058383364230394,-0.2760375142097473,0.12248498201370239,0.15693700313568115,0.017879024147987366,-0.35298851132392883,-0.21195606887340546
43,360,xcorr_b3_b11,cross_band_correlation,0.70921391248703,0.170688658952713,0.4558158218860626,-0.01246120035648346,0.09682079404592514,0.4558158218860626,0.0035058383364230394,-0.2760375142097473,0.12248498201370239,0.15693700313568115,0.017879024147987366,-0.35298851132392883,-0.21195606887340546
44,261,fftpk_b1,spectral_peaks,0.705893874168396,0.16774709522724152,0.5099280476570129,0.3243735432624817,-0.2471754401922226,0.004433188587427139,0.5099280476570129,-0.06194101274013519,-0.17618094384670258,-0.040706124156713486,-0.1379416137933731,-0.11072750389575958,-0.06406334787607193
45,197,oent_b2,orientation_entropy,0.7033809423446655,0.1827296018600464,0.43387165665626526,-0.43387165665626526,-0.017976002767682076,0.24280282855033875,0.24698959290981293,-0.22368618845939636,0.3186184763908386,-0.1283707618713379,0.03520318493247032,-0.10974296182394028,0.07003442943096161
46,127,g1mean_b10,multiscale_gradients,0.6980249881744385,0.18564827740192413,0.36298200488090515,-0.2804458737373352,0.07519999146461487,0.1717579960823059,0.05534064397215843,0.009963447228074074,0.36298200488090515,-0.34515562653541565,-0.22053000330924988,0.2529965341091156,-0.0821107029914856
47,68,p75_b3,spectral_statistics,0.6938785910606384,0.16953638195991516,0.41479426622390747,0.2960142195224762,-0.19713301956653595,-0.07679055631160736,0.37948861718177795,-0.13332951068878174,-0.41479426622390747,0.0975876972079277,0.07105758041143417,-0.02563611790537834,0.003532390808686614
48,153,g2mean_b10,multiscale_gradients,0.691356360912323,0.192936509847641,0.3759215474128723,-0.29870250821113586,0.11321277171373367,0.16697342693805695,0.06924097239971161,-0.084703728556633,0.2393331378698349,-0.20488044619560242,-0.299269437789917,0.3759215474128723,-0.07712706178426743
49,198,oent_b3,orientation_entropy,0.6752898693084717,0.17887482047080994,0.39237847924232483,-0.39237847924232483,0.1500183492898941,0.2681214213371277,0.19341959059238434,-0.1766652911901474,0.1606418639421463,-0.32532939314842224,0.07515230029821396,0.041410576552152634,0.005610889755189419
50,321,lbp2uni_pan,lbp,0.6689949035644531,0.16122020781040192,0.3961999714374542,-0.005293314810842276,-0.2153148055076599,0.3347826600074768,-0.17641666531562805,0.0057577635161578655,0.3961999714374542,0.06936019659042358,-0.28457286953926086,-0.001372015569359064,-0.12313172221183777
51,63,p50_b11,spectral_statistics,0.6669872403144836,0.17489531636238098,0.38738104701042175,0.14173851907253265,-0.18705607950687408,-0.35166671872138977,-0.039189647883176804,0.07807639241218567,-0.05059096962213516,0.38738104701042175,0.26727917790412903,-0.07728433609008789,-0.16869021952152252
52,365,oent2_b1,orientation_entropy_scale2,0.6664410829544067,0.13651242852210999,0.5347158312797546,0.09233318269252777,-0.05868447944521904,-0.026637976989150047,-0.5347158312797546,-0.06252318620681763,0.05587992072105408,0.35230308771133423,0.08393537253141403,0.08466857671737671,0.013442686758935452
53,17,std_b4,spectral_statistics,0.6635095477104187,0.15836802124977112,0.3909633159637451,0.2828978896141052,-0.07721497863531113,-0.3909633159637451,0.3883226811885834,-0.05042882636189461,0.0917818695306778,0.01723015494644642,0.011606496758759022,-0.1672583967447281,-0.10597549378871918
54,196,oent_b1,orientation_entropy,0.653012752532959,0.18076075613498688,0.35929277539253235,-0.26241350173950195,0.027561165392398834,0.12637107074260712,-0.35929277539253235,-0.2820967435836792,0.22092165052890778,0.13084641098976135,0.1479758471250534,0.20587128400802612,0.044257018715143204
55,37,p10_b11,spectral_statistics,0.6527904272079468,0.18773120641708374,0.3371643126010895,0.2791469097137451,-0.22362539172172546,-0.1826455146074295,0.21291953325271606,0.21814540028572083,0.05591173842549324,0.17253074049949646,-0.04151351749897003,-0.3371643126010895,-0.15370891988277435
56,348,ix2std_nbr,index_texture_scale2,0.649905800819397,0.15673603117465973,0.4042914807796478,-0.1345594823360443,-0.10011465847492218,0.28645089268684387,-0.4042914807796478,0.02248828299343586,-0.14471466839313507,0.0040256064385175705,0.00972164236009121,0.3327866196632385,0.12820689380168915
57,355,ix2gm_bsi,index_texture_scale2,0.6432186961174011,0.17012789845466614,0.32111409306526184,0.07740134745836258,-0.17364126443862915,-0.042372774332761765,0.17672227323055267,0.002785557182505727,-0.32111409306526184,0.30732718110084534,0.28640177845954895,-0.24569092690944672,-0.06782163679599762
58,42,p25_b3,spectral_statistics,0.6274226903915405,0.15552343428134918,0.362527459859848,0.07477036863565445,-0.14758148789405823,-0.29760491847991943,0.362527459859848,0.08379480242729187,-0.3324325978755951,0.15482217073440552,0.05138402059674263,0.004129897337406874,0.04618658870458603
59,262,fftpk_b2,spectral_peaks,0.6271467208862305,0.1488550454378128,0.3885173499584198,0.3885173499584198,-0.3476165235042572,-0.2643571197986603,0.004550653509795666,0.07213539630174637,0.06409382820129395,0.06686563789844513,-0.12595511972904205,0.14811165630817413,-0.006347183603793383
60,91,g0mean_b0,multiscale_gradients,0.6245383620262146,0.16244223713874817,0.37500879168510437,-0.12682613730430603,-0.1021566390991211,0.26771479845046997,0.05477692186832428,0.37500879168510437,-0.24499593675136566,-0.05370236933231354,-0.26812225580215454,0.1147095263004303,-0.01640920899808407
61,75,p75_b10,spectral_statistics,0.6199620962142944,0.15730048716068268,0.42900535464286804,-0.1470511108636856,-0.17510513961315155,0.42900535464286804,0.0016226136358454823,-0.09940465539693832,0.28192171454429626,0.07395109534263611,-0.08583726733922958,-0.08093973249197006,-0.19816596806049347
62,381,tail_aniso_low_ndvi,region_shape,0.6164501309394836,0.1339961439371109,0.44993871450424194,0.08891618251800537,0.03698165714740753,-0.04258212819695473,0.005768815986812115,-0.09791345149278641,0.08837512135505676,-0.02379106916487217,-0.35438308119773865,0.44993871450424194,-0.1513112485408783
63,120,g1mean_b3,multiscale_gradients,0.6144583225250244,0.16030438244342804,0.3116833567619324,-0.12412619590759277,-0.16844135522842407,0.304693341255188,-0.02076398953795433,-0.10579434782266617,-0.3116833567619324,0.1925780028104782,0.30424943566322327,-0.032454073429107666,-0.03825971111655235
64,88,p90_b10,spectral_statistics,0.6135808825492859,0.1447950303554535,0.44772204756736755,-0.025837106630206108,-0.19452978670597076,0.44772204756736755,0.011277592740952969,-0.0307947788387537,0.2472979724407196,0.01767636649310589,-0.17127475142478943,-0.16011539101600647,-0.1414245069026947
65,76,p75_b11,spectral_statistics,0.612693190574646,0.1502578854560852,0.4365432560443878,0.09537768363952637,-0.1864657998085022,-0.25333675742149353,-0.034626979380846024,-0.10286380350589752,-0.018570631742477417,0.4365432560443878,0.20033057034015656,0.019036617130041122,-0.15542669594287872
66,117,g1mean_b0,multiscale_gradients,0.6115617156028748,0.15959985554218292,0.36380481719970703,-0.12835422158241272,-0.09859448671340942,0.26073727011680603,0.0586305633187294,0.36380481719970703,-0.24438932538032532,-0.04946725070476532,-0.2616017460823059,0.11482542753219604,-0.015593549236655235
67,351,ix2gm_ndwi,index_texture_scale2,0.6108593940734863,0.1718786656856537,0.31432539224624634,-0.2323218286037445,-0.11713334918022156,-0.22032129764556885,0.31432539224624634,0.27816668152809143,-0.19321051239967346,0.0061674476601183414,0.13682261109352112,0.12391028553247452,-0.09640734642744064
68,307,linet3_pan,hough_lines,0.6006942987442017,0.14264176785945892,0.4147380590438843,-0.07609420269727707,-0.08754656463861465,0.15156172215938568,0.1848413199186325,0.029780223965644836,-0.11026592552661896,-0.4147380590438843,-0.02456509880721569,0.3224620521068573,0.024562431499361992
69,278,xcorr_b2_b3,cross_band,0.6000468134880066,0.1711619645357132,0.3338445723056793,-0.003266477957367897,-0.21704448759555817,0.3338445723056793,0.12965251505374908,0.1690816581249237,-0.1131170392036438,0.22323161363601685,-0.21455566585063934,-0.15872730314731598,-0.14909833669662476
70,361,xcorr_b2_b3,cross_band_correlation,0.6000468134880066,0.1711619645357132,0.3338445723056793,-0.003266477957367897,-0.21704448759555817,0.3338445723056793,0.12965251505374908,0.1690816581249237,-0.1131170392036438,0.22323161363601685,-0.21455566585063934,-0.15872730314731598,-0.14909833669662476
71,55,p50_b3,spectral_statistics,0.59608393907547,0.1463877111673355,0.38610783219337463,0.3020649254322052,-0.17900432646274567,-0.16668078303337097,0.1786833107471466,0.030763300135731697,-0.38610783219337463,0.05379021540284157,0.13584069907665253,-0.00014696261496283114,0.030794627964496613
72,3,mean_b3,spectral_statistics,0.5953352451324463,0.15002259612083435,0.402986079454422,0.19060103595256805,-0.17300677299499512,-0.17412175238132477,0.24229276180267334,0.03328583762049675,-0.402986079454422,0.17433758080005646,0.03766602650284767,0.060812704265117645,0.011115476489067078
73,195,oent_b0,orientation_entropy,0.5942260026931763,0.16864651441574097,0.29000306129455566,-0.27373629808425903,-0.21544039249420166,0.23419956862926483,-0.05497824028134346,0.10810819268226624,0.17492184042930603,0.29000306129455566,0.03599929437041283,-0.12233836948871613,-0.17673981189727783
74,217,hog0_b2_o1,orientation_histogram,0.5918126106262207,0.14509746432304382,0.36639806628227234,-0.36639806628227234,0.3069821298122406,0.05172727629542351,0.0908338874578476,0.02410324476659298,-0.2582074999809265,0.07206284254789352,0.17977838218212128,-0.07253273576498032,-0.02834852784872055
75,143,g2mean_b0,multiscale_gradients,0.5906831622123718,0.15530410408973694,0.34441447257995605,-0.12497404962778091,-0.08894363045692444,0.2456316351890564,0.06621075421571732,0.34441447257995605,-0.23965655267238617,-0.04885389283299446,-0.2599051594734192,0.12026241421699524,-0.014188393019139767
76,53,p50_b1,spectral_statistics,0.5879712700843811,0.15097996592521667,0.3609919548034668,0.2557263672351837,-0.11176631599664688,0.10387006402015686,-0.28214263916015625,0.1761852502822876,0.06805767863988876,-0.3609919548034668,0.09399498999118805,0.05064065754413605,0.006423830986022949
77,10,mean_b10,spectral_statistics,0.5823925137519836,0.1349915713071823,0.42684027552604675,-0.07155413925647736,-0.18445856869220734,0.42684027552604675,-0.001996238948777318,-0.019314315170049667,0.2417668253183365,0.006349064409732819,-0.07844560593366623,-0.1289372593164444,-0.19025343656539917
78,326,blob2lrg_pan,blobs,0.5822397470474243,0.137436181306839,0.37653592228889465,-0.0200338251888752,0.11854565143585205,0.028476586565375328,-0.37653592228889465,0.3096127510070801,-0.06374534964561462,0.16733211278915405,0.014737902209162712,-0.22686496376991272,0.048476692289114
79,295,ixgs_ndbi,index_texture,0.581501305103302,0.16059619188308716,0.29457738995552063,0.02287641540169716,-0.17955584824085236,-0.25350749492645264,-0.08421023190021515,0.29457738995552063,0.2761019766330719,0.040416765958070755,-0.14164796471595764,0.16900768876075745,-0.1440601348876953
80,296,ixgs_ndmi,index_texture,0.581501305103302,0.16059619188308716,0.29457738995552063,0.02287641540169716,-0.17955584824085236,-0.25350749492645264,-0.08421023190021515,0.29457738995552063,0.2761019766330719,0.040416765958070755,-0.14164796471595764,0.16900768876075745,-0.1440601348876953
81,11,mean_b11,spectral_statistics,0.5763179063796997,0.15909269452095032,0.338151216506958,0.20571431517601013,-0.19522704184055328,-0.2547975778579712,0.041494086384773254,0.07070549577474594,-0.049945320934057236,0.338151216506958,0.13939698040485382,-0.13948273658752441,-0.15601205825805664
82,291,ixgm_nbr,index_texture,0.5679776668548584,0.15086878836154938,0.28692665696144104,-0.25864502787590027,0.14219996333122253,-0.0061122397892177105,0.20389381051063538,0.0022786539047956467,-0.07299459725618362,-0.2595992982387543,0.28692665696144104,0.11904481798410416,-0.1569928377866745
83,330,blob2nc_ndvi,blobs,0.5651415586471558,0.1411742866039276,0.32486122846603394,-0.00992762390524149,0.03415408357977867,0.2723407745361328,-0.23703190684318542,-0.01570098288357258,-0.32486122846603394,0.03701910004019737,0.20304611325263977,-0.1183486208319664,0.1593123972415924
84,26,p10_b0,spectral_statistics,0.5602155923843384,0.1444152444601059,0.36818763613700867,-0.22864660620689392,-0.016312045976519585,-0.11345422267913818,0.1476227194070816,-0.2222796231508255,0.051902152597904205,0.36818763613700867,0.15436260402202606,-0.019972914829850197,-0.12141203880310059
85,354,ix2gm_nbr,index_texture_scale2,0.5522366166114807,0.15425817668437958,0.3054606318473816,-0.16930991411209106,0.014347314834594727,0.3054606318473816,-0.23001611232757568,0.15631471574306488,-0.060405194759368896,-0.19064338505268097,0.08729680627584457,0.20787133276462555,-0.12091647833585739
86,364,oent2_b0,orientation_entropy_scale2,0.5489757061004639,0.14532685279846191,0.3358311057090759,-0.06617965549230576,0.1258082538843155,0.23591478168964386,-0.3358311057090759,0.11539144814014435,-0.04225078970193863,0.22576604783535004,0.02375483326613903,-0.19698339700698853,-0.08538818359375
87,263,fftpk_b3,spectral_peaks,0.5454187989234924,0.1408652812242508,0.3130802810192108,0.1231236532330513,-0.07595337927341461,-0.25385865569114685,-0.3130802810192108,0.12891174852848053,0.22809232771396637,0.20781929790973663,-0.03783290088176727,0.016378693282604218,-0.023601854220032692
88,388,tail_spread_high_ndbi,region_shape,0.5449560284614563,0.13825683295726776,0.39977702498435974,0.0897999107837677,-0.13073879480361938,-0.15869686007499695,0.1678309291601181,-0.16399937868118286,0.39977702498435974,0.025336742401123047,-0.08184213936328888,0.008540165610611439,-0.1560065597295761
89,62,p50_b10,spectral_statistics,0.5445141792297363,0.13359077274799347,0.35088619589805603,-0.16113275289535522,-0.1654212921857834,0.35088619589805603,-0.04921362176537514,-0.07393395900726318,0.25811731815338135,0.014577368274331093,-0.010295725427567959,0.044371578842401505,-0.20795786380767822
90,119,g1mean_b2,multiscale_gradients,0.5427847504615784,0.14684723317623138,0.27141568064689636,-0.2308264672756195,-0.07679108530282974,0.16192416846752167,-0.12319109588861465,0.22469548881053925,-0.27141568064689636,0.23905333876609802,0.10856173932552338,-0.0011240534950047731,-0.030889317393302917
91,49,p25_b10,spectral_statistics,0.5424783825874329,0.13435283303260803,0.33483290672302246,-0.09839896857738495,-0.17063237726688385,0.33483290672302246,0.015118747018277645,0.05399094149470329,0.24037805199623108,0.024742165580391884,0.0027002175338566303,-0.2204708606004715,-0.18226312100887299
92,289,ixgm_ndbi,index_texture,0.5398425459861755,0.13600130379199982,0.4006483852863312,-0.1509087085723877,-0.024190353229641914,0.09142562001943588,0.04832664132118225,0.06999390572309494,-0.1358981877565384,-0.20124857127666473,0.4006483852863312,0.06961068511009216,-0.1677619069814682
93,290,ixgm_ndmi,index_texture,0.5398425459861755,0.13600130379199982,0.4006483852863312,-0.1509087085723877,-0.024190353229641914,0.09142562001943588,0.04832664132118225,0.06999390572309494,-0.1358981877565384,-0.20124857127666473,0.4006483852863312,0.06961068511009216,-0.1677619069814682
94,181,coh0_b12,coherence,0.5252237915992737,0.125708669424057,0.40470466017723083,-0.19272346794605255,0.037135373800992966,0.04654102399945259,0.40470466017723083,-0.17182114720344543,-0.07705581933259964,-0.10870563238859177,-0.07823772728443146,0.13397879898548126,0.006182872224599123
95,79,p90_b1,spectral_statistics,0.5243341326713562,0.1479651778936386,0.28420010209083557,0.12749651074409485,-0.145460307598114,0.24016545712947845,-0.18513086438179016,0.28420010209083557,-0.19189469516277313,-0.07720947265625,-0.11722981929779053,0.08796286582946777,-0.022901689633727074
96,333,blob2nc_ndbi,blobs,0.5205134153366089,0.1334117352962494,0.3716292083263397,-0.023004168644547462,0.18681226670742035,0.0932096391916275,0.18291492760181427,0.13765227794647217,-0.039479564875364304,-0.1564430594444275,-0.3716292083263397,0.06647072732448578,-0.07650148868560791
97,58,p50_b6,spectral_statistics,0.5104832053184509,0.12570104002952576,0.3542241156101227,0.21602219343185425,0.04849372059106827,-0.3542241156101227,-0.01952231489121914,-0.08160309493541718,-0.017000287771224976,0.20385856926441193,0.08208154886960983,0.07804881781339645,-0.1561558097600937
98,89,p90_b11,spectral_statistics,0.5089847445487976,0.12885494530200958,0.2988589406013489,0.29422444105148315,-0.1808668076992035,-0.07063855975866318,0.03156173229217529,-0.043847840279340744,-0.14544913172721863,0.2988589406013489,0.019628407433629036,-0.08912928402423859,-0.1143442913889885
99,377,tail_aniso_low_pan,region_shape,0.5088014602661133,0.13115251064300537,0.33519235253334045,0.09259643405675888,-0.06526938825845718,-0.05962346866726875,0.15111234784126282,-0.2834067642688751,-0.10081005096435547,-0.0644490048289299,0.07686151564121246,0.33519235253334045,-0.08220378309488297
100,106,g0std_b2,multiscale_gradients,0.5087982416152954,0.12474256753921509,0.32299333810806274,-0.32299333810806274,-0.04916626214981079,-0.2371017336845398,0.006662026513367891,0.15707223117351532,0.13188953697681427,0.0024124959018081427,0.17955107986927032,0.1461239904165268,-0.014452924020588398
101,176,coh0_b7,coherence,0.5084921717643738,0.13001099228858948,0.3645588755607605,-0.041098471730947495,-0.16158892214298248,0.1902601718902588,0.1287812888622284,0.042066603899002075,0.17188327014446259,0.06376898288726807,-0.08280815184116364,-0.3645588755607605,0.05329509079456329
102,332,blob2lrg_ndbi,blobs,0.5056723952293396,0.11070488393306732,0.42901742458343506,0.03614385798573494,-0.04699596390128136,-0.0073832240886986256,0.1356128305196762,-0.0701269581913948,0.1471298485994339,0.022361038252711296,0.11293511837720871,-0.42901742458343506,0.09934256225824356
103,335,sslope2_pan,spectral_slope,0.5041705369949341,0.13111665844917297,0.2957475185394287,-0.02739315666258335,-0.11629297584295273,0.11962264031171799,-0.0022376200649887323,-0.1139131709933281,0.16434906423091888,-0.09999845176935196,0.28352510929107666,-0.2957475185394287,0.08808685094118118
104,81,p90_b3,spectral_statistics,0.49892371892929077,0.12158678472042084,0.33185505867004395,0.16065524518489838,-0.19044870138168335,-0.03757304698228836,0.07968463003635406,0.035217028111219406,-0.33185505867004395,0.24121814966201782,-0.029685430228710175,0.09115754812955856,-0.018372977152466774
105,219,hog0_b2_o3,orientation_histogram,0.49748939275741577,0.12033087015151978,0.3276134729385376,0.3276134729385376,-0.18238212168216705,0.03056681901216507,-0.23853397369384766,0.016139408573508263,0.17270198464393616,-0.09186647087335587,-0.08887332677841187,0.003311026841402054,0.05132009834051132
106,54,p50_b2,spectral_statistics,0.4972524642944336,0.12468844652175903,0.26540616154670715,-0.001568860956467688,-0.08443250507116318,-0.2620171904563904,-0.027021048590540886,0.056839969009160995,0.26540616154670715,-0.24840401113033295,0.07337700575590134,0.06899156421422958,0.15882626175880432
107,30,p10_b4,spectral_statistics,0.49597325921058655,0.10816935449838638,0.37017154693603516,-0.1846356987953186,-0.09206762164831161,0.37017154693603516,-0.22188414633274078,0.11845782399177551,0.008076151832938194,-0.03384537622332573,-0.008415160700678825,0.0011514859506860375,0.04298852011561394
108,21,std_b8,spectral_statistics,0.494783490896225,0.10961814969778061,0.34459713101387024,0.03481524810194969,-0.008693749085068703,0.34459713101387024,0.1296035349369049,0.0074800048023462296,-0.1265287548303604,-0.14187821745872498,0.03159378096461296,-0.266009122133255,-0.004982024896889925
109,69,p75_b4,spectral_statistics,0.4850824177265167,0.10815143585205078,0.38320714235305786,-0.011564508080482483,-0.10306128114461899,0.09689445793628693,0.38320714235305786,-0.1330694705247879,-0.02173749729990959,-0.20900359749794006,0.06065404787659645,-0.01079113595187664,-0.05153113976120949
110,337,sslope2_ndbi,spectral_slope,0.4839584231376648,0.12755492329597473,0.31700417399406433,-0.17348560690879822,0.03199964761734009,-0.05376585200428963,0.15663738548755646,0.02278779447078705,0.1810179054737091,-0.31700417399406433,0.1617196947336197,0.08361249417066574,-0.09351882338523865
111,285,ixstd_nbr,index_texture,0.4835405945777893,0.11142992973327637,0.3316011428833008,-0.22217974066734314,-0.06110244616866112,0.09949515759944916,-0.23223960399627686,0.020221726968884468,-0.019715966656804085,-0.021911850199103355,0.05751941725611687,0.3316011428833008,0.0483122244477272
112,28,p10_b2,spectral_statistics,0.48305001854896545,0.11569765955209732,0.3678428530693054,0.023575058206915855,-0.021233197301626205,-0.07807663083076477,-0.11133695393800735,0.1210741475224495,0.19655144214630127,-0.3678428530693054,0.01589932106435299,0.1261874884366989,0.0951995998620987
113,382,tail_spread_low_ndvi,region_shape,0.4819563329219818,0.12634220719337463,0.2625015377998352,0.09178132563829422,-0.03548892214894295,0.044003237038850784,-0.061662472784519196,-0.211198091506958,-0.18996962904930115,0.22212333977222443,0.2625015377998352,-0.13339203596115112,0.011301329359412193
114,100,g0mean_b9,multiscale_gradients,0.4809528887271881,0.137356236577034,0.26605334877967834,0.26605334877967834,-0.15166796743869781,-0.08351768553256989,0.07070713490247726,-0.1767248958349228,0.11380604654550552,0.23621301352977753,-0.09286248683929443,-0.10489989817142487,-0.07710980623960495
115,66,p75_b1,spectral_statistics,0.4808278977870941,0.12649598717689514,0.2552133798599243,0.2552133798599243,-0.13797712326049805,0.22731436789035797,-0.012374335899949074,0.14956054091453552,-0.1411181539297104,-0.20584169030189514,-0.041033852845430374,-0.09413594007492065,0.0003905774501617998
116,146,g2mean_b3,multiscale_gradients,0.4801374077796936,0.12028244882822037,0.28263604640960693,-0.031632374972105026,-0.13606034219264984,0.28263604640960693,0.010755453258752823,0.08195257186889648,-0.22934935986995697,0.2260669320821762,-0.1348186880350113,-0.03567332774400711,-0.033879250288009644
117,108,g0std_b4,multiscale_gradients,0.47876250743865967,0.11395229399204254,0.3311387598514557,0.3311387598514557,-0.014373059384524822,-0.26987898349761963,-0.08989518880844116,0.10342404246330261,0.07092506438493729,-0.12709392607212067,-0.040583133697509766,0.06427271664142609,-0.02793794684112072
118,113,g0std_b9,multiscale_gradients,0.4769274890422821,0.11636855453252792,0.2819058895111084,0.2819058895111084,-0.16926157474517822,-0.021860700100660324,0.2587735056877136,-0.144803985953331,-0.14356014132499695,-0.09712350368499756,-0.005233401898294687,0.023084226995706558,0.01807866059243679
119,308,linepf_ndvi,hough_lines,0.47412171959877014,0.09875810146331787,0.3861197829246521,0.016480615362524986,-0.04008200019598007,-0.05038440227508545,0.22265048325061798,0.028859637677669525,0.08405774086713791,0.029198935255408287,-0.3861197829246521,0.11254198849201202,-0.01720549538731575
120,309,linepl_ndvi,hough_lines,0.47412145137786865,0.09875813871622086,0.3861196041107178,0.01648096926510334,-0.04008227586746216,-0.05038426071405411,0.22265009582042694,0.028859568759799004,0.08405774086713791,0.029199054464697838,-0.3861196041107178,0.11254215240478516,-0.01720564067363739
121,189,coh1_b7,coherence,0.47269362211227417,0.12800253927707672,0.29484590888023376,-0.08614733070135117,-0.13875629007816315,0.29484590888023376,-0.056404754519462585,0.18660932779312134,0.1284865438938141,-0.17576701939105988,-0.033219944685697556,-0.14971722662448883,0.0300710741430521
122,303,ixspr_nbr,index_texture,0.4712384343147278,0.12086081504821777,0.27082350850105286,-0.09812165796756744,0.04243496432900429,0.060137197375297546,0.19299377501010895,-0.03374263271689415,0.05521118640899658,-0.27082350850105286,0.22539079189300537,-0.2016163319349289,0.028136176988482475
123,45,p25_b6,spectral_statistics,0.4710727334022522,0.11457610130310059,0.3283590078353882,0.13323593139648438,0.028791572898626328,-0.3283590078353882,-0.09057977050542831,-0.030984653159976006,0.006285971496254206,0.22790256142616272,0.13100332021713257,0.04566102847456932,-0.12295723706483841
124,272,fftpk_b12,spectral_peaks,0.4699766933917999,0.1005992516875267,0.3703666925430298,-0.08538271486759186,-0.043752286583185196,0.055028874427080154,0.3703666925430298,-0.04668661579489708,0.03861090913414955,-0.2457309365272522,-0.08144423365592957,0.015851110219955444,0.023138156160712242
125,65,p75_b0,spectral_statistics,0.4667474031448364,0.12129487097263336,0.3364357650279999,-0.14545069634914398,-0.05993512272834778,0.1112268716096878,0.13622726500034332,0.3364357650279999,-0.1774139553308487,0.022583328187465668,-0.06142006441950798,-0.08683475106954575,-0.07542088627815247
126,40,p25_b1,spectral_statistics,0.4661614000797272,0.11516920477151871,0.30562618374824524,0.12107761204242706,-0.07751666009426117,-0.10682249814271927,-0.08588205277919769,0.03442678973078728,0.27045005559921265,-0.30562618374824524,0.08523354679346085,0.05182531848549843,0.012831373140215874
127,327,blob2nc_pan,blobs,0.46023881435394287,0.08918069303035736,0.4002413749694824,0.02456328086555004,-0.017345314845442772,-0.14323294162750244,0.012222087010741234,-0.050400253385305405,0.008877170272171497,-0.11526897549629211,0.4002413749694824,-0.11895765364170074,-0.0006979481549933553
128,134,g1std_b4,multiscale_gradients,0.4568179249763489,0.09803436696529388,0.317021906375885,0.317021906375885,-0.005324698053300381,-0.28856369853019714,-0.05453750491142273,0.06948736310005188,0.04742106422781944,-0.10237004607915878,-0.00532026682049036,0.05624063313007355,-0.03405647352337837
129,299,ixspr_ndvi,index_texture,0.45135560631752014,0.12766477465629578,0.23769517242908478,-0.07369562238454819,-0.13011473417282104,-0.15341395139694214,-0.13191446661949158,0.23769517242908478,0.06832621246576309,0.2263662964105606,-0.14918531477451324,0.06154312938451767,0.04439294710755348
130,157,g2std_b1,multiscale_gradients,0.4511379599571228,0.09967268258333206,0.29071810841560364,-0.13508324325084686,-0.020594902336597443,-0.0003678801003843546,0.29071810841560364,0.16845226287841797,0.03919176757335663,-0.2583862841129303,-0.016068143770098686,-0.05738493427634239,-0.010479310527443886
131,238,hog0_b7_o2,orientation_histogram,0.4494355320930481,0.10330857336521149,0.3628532588481903,0.15368840098381042,-0.0992177426815033,-0.1133139505982399,-0.11563963443040848,-0.045507125556468964,-0.029848281294107437,0.3628532588481903,-0.01717771589756012,-0.08535943180322647,-0.01048020925372839
132,139,g1std_b9,multiscale_gradients,0.44838017225265503,0.12771305441856384,0.25247934460639954,-0.12354487180709839,-0.0766909271478653,0.25247934460639954,-0.0971396267414093,0.1543188840150833,-0.13580204546451569,-0.20538882911205292,0.057436972856521606,0.1306535303592682,0.043675635010004044
133,352,ix2gm_ndbi,index_texture_scale2,0.44806456565856934,0.12488572299480438,0.22486311197280884,0.028201645240187645,-0.12136883288621902,0.19254323840141296,0.016091207042336464,0.16272808611392975,-0.17721667885780334,-0.1317577213048935,0.22486311197280884,-0.05667126551270485,-0.13741534948349
134,353,ix2gm_ndmi,index_texture_scale2,0.44806456565856934,0.12488572299480438,0.22486311197280884,0.028201645240187645,-0.12136883288621902,0.19254323840141296,0.016091207042336464,0.16272808611392975,-0.17721667885780334,-0.1317577213048935,0.22486311197280884,-0.05667126551270485,-0.13741534948349
135,236,hog0_b7_o0,orientation_histogram,0.4438835680484772,0.10621295869350433,0.33063584566116333,-0.16326624155044556,-0.0040882788598537445,0.16008956730365753,0.1299017369747162,-0.03307437151670456,0.07486017048358917,-0.33063584566116333,0.07388177514076233,0.07870671153068542,0.013624857179820538
136,173,coh0_b4,coherence,0.4432901442050934,0.0879421979188919,0.39791056513786316,-0.0035198156256228685,-0.008214127272367477,0.39791056513786316,-0.062178175896406174,-0.10058166831731796,-0.07479245215654373,-0.08046214282512665,-0.10107612609863281,0.04180009290575981,-0.008886804804205894
137,160,g2std_b4,multiscale_gradients,0.44131404161453247,0.08315473794937134,0.3271525204181671,0.27713504433631897,0.011828232556581497,-0.3271525204181671,0.06737831234931946,-0.020922696217894554,-0.0025596152991056442,-0.010457037016749382,0.051347147673368454,0.008084201253950596,-0.054682642221450806
138,52,p50_b0,spectral_statistics,0.4405491054058075,0.10702691972255707,0.3637143075466156,-0.11215507239103317,-0.04489573463797569,-0.03288267180323601,-0.06288061290979385,0.3637143075466156,-0.09990769624710083,0.07066020369529724,0.10075906664133072,-0.1053769662976265,-0.077037014067173
139,328,blob2msz_pan,blobs,0.4390049874782562,0.11434133350849152,0.2801716923713684,0.16987848281860352,-0.01942671649158001,0.0868760198354721,-0.11980374902486801,-0.07060562074184418,0.2155849188566208,0.04660216346383095,-0.08170031011104584,-0.2801716923713684,0.052763745188713074
140,373,oent2_b9,orientation_entropy_scale2,0.4377373158931732,0.10750707238912582,0.2571765184402466,0.2571765184402466,-0.07210569083690643,-0.03942220285534859,0.004007468931376934,-0.04630085825920105,0.21976090967655182,0.056589700281620026,-0.022214341908693314,-0.1970445066690445,-0.1604485958814621
141,313,linet3_ndbi,hough_lines,0.43003106117248535,0.09290527552366257,0.3489142060279846,-0.0402638204395771,-0.08737964183092117,0.056286342442035675,0.3489142060279846,-0.035094764083623886,-0.05680493265390396,0.059324633330106735,-0.20474649965763092,-0.02524428442120552,-0.01499363873153925
142,331,blob2msz_ndvi,blobs,0.4298047423362732,0.11097116768360138,0.28586873412132263,0.15468402206897736,0.034662604331970215,0.0435800664126873,-0.20117829740047455,0.03605924919247627,-0.07409454882144928,-0.12469745427370071,-0.05319531261920929,0.28586873412132263,-0.10169140994548798
143,44,p25_b5,spectral_statistics,0.4297293424606323,0.11002494394779205,0.28095632791519165,-0.153751403093338,-0.005769672803580761,-0.07468003034591675,-0.15776541829109192,0.004985792096704245,0.1349809318780899,0.28095632791519165,0.12920141220092773,-0.03354744613170624,-0.12461093068122864
144,371,oent2_b7,orientation_entropy_scale2,0.4288546144962311,0.11903201043605804,0.22884994745254517,0.16074267029762268,0.05129396170377731,-0.09974587708711624,0.13766849040985107,-0.203369140625,-0.1274220198392868,-0.04521968588232994,-0.11940223723649979,0.22884994745254517,0.016606144607067108
145,107,g0std_b3,multiscale_gradients,0.42856109142303467,0.09542569518089294,0.32292917370796204,-0.18230940401554108,-0.037546779960393906,-0.15629908442497253,0.023399462923407555,-0.0246451236307621,-0.06442807614803314,0.32292917370796204,0.009257747791707516,0.12154116481542587,-0.011900943703949451
146,203,oent_b8,orientation_entropy,0.4278887212276459,0.11434098333120346,0.24154509603977203,-0.011703947558999062,0.07815045863389969,-0.12730030715465546,-0.05797470360994339,0.11385247856378555,0.12441027909517288,0.24154509603977203,0.013747112825512886,-0.18047277629375458,-0.1942526251077652
147,180,coh0_b11,coherence,0.4276314973831177,0.11136003583669662,0.2163601815700531,-0.06729074567556381,0.13238535821437836,0.2163601815700531,-0.11749562621116638,-0.2081437110900879,0.20805397629737854,-0.009048263542354107,-0.11219066381454468,-0.023574313148856163,-0.01905757002532482
148,73,p75_b8,spectral_statistics,0.4227250814437866,0.1134127527475357,0.2645551264286041,-0.03727830573916435,0.15333661437034607,0.2645551264286041,0.10935889184474945,-0.1185774877667427,0.02487248368561268,-0.1205596998333931,-0.15455375611782074,0.014939606189727783,-0.13609549403190613
149,366,oent2_b2,orientation_entropy_scale2,0.42020565271377563,0.10530294477939606,0.24848677217960358,-0.189092755317688,-0.038909200578927994,0.018939822912216187,0.2180643379688263,-0.0476369634270668,-0.09780985116958618,0.24848677217960358,-0.02956066094338894,-0.12350498884916306,0.041024088859558105
150,126,g1mean_b9,multiscale_gradients,0.41525954008102417,0.11219608783721924,0.23016148805618286,0.23016148805618286,-0.14760541915893555,-0.03264329209923744,0.102738156914711,-0.1509583294391632,0.0170864500105381,0.21099326014518738,-0.09394526481628418,-0.08221619576215744,-0.05361305549740791
151,280,xcorr_b11_b12,cross_band,0.4149519205093384,0.09786094725131989,0.2618742287158966,0.02343476004898548,-0.015162210911512375,0.012274247594177723,0.09671810269355774,-0.2618742287158966,0.010418437421321869,-0.16077373921871185,-0.05149330943822861,0.22169217467308044,0.12476828694343567
152,363,xcorr_b11_b12,cross_band_correlation,0.4149519205093384,0.09786094725131989,0.2618742287158966,0.02343476004898548,-0.015162210911512375,0.012274247594177723,0.09671810269355774,-0.2618742287158966,0.010418437421321869,-0.16077373921871185,-0.05149330943822861,0.22169217467308044,0.12476828694343567
153,227,hog0_b4_o3,orientation_histogram,0.4145679175853729,0.10565079748630524,0.20889723300933838,-0.0607495978474617,-0.053087081760168076,0.20889723300933838,0.18445302546024323,0.035374715924263,-0.20331864058971405,-0.20005638897418976,0.047580305486917496,-0.011043130420148373,0.05194789916276932
154,210,hog0_b0_o2,orientation_histogram,0.4130654036998749,0.09639114141464233,0.2838118374347687,0.08725553750991821,0.2838118374347687,-0.2266005277633667,-0.019682854413986206,0.046801917254924774,-0.10093970596790314,-0.12418562173843384,0.05152412876486778,0.012562674470245838,-0.01054660975933075
155,164,g2std_b8,multiscale_gradients,0.4113556742668152,0.09812197089195251,0.28387799859046936,0.019256753847002983,-0.022951140999794006,0.07193829119205475,-0.28387799859046936,0.002441409509629011,0.09457390010356903,-0.07107982039451599,0.22235894203186035,-0.11270184814929962,0.0800396278500557
156,15,std_b2,spectral_statistics,0.4109340012073517,0.09746749699115753,0.28637006878852844,-0.03799564391374588,-0.12174397706985474,-0.13502100110054016,-0.052299730479717255,0.17965564131736755,-0.13027457892894745,0.28637006878852844,-0.0100035909563303,0.015802396461367607,0.0055083478800952435
157,39,p25_b0,spectral_statistics,0.409422904253006,0.10293135792016983,0.2559828758239746,-0.1959971934556961,-0.03454891964793205,-0.06376209855079651,-0.04238680750131607,0.06515297293663025,0.002694467781111598,0.2559828758239746,0.190825417637825,-0.08100685477256775,-0.09695600718259811
158,254,hog0_b11_o2,orientation_histogram,0.4081398546695709,0.1069769412279129,0.24802637100219727,-0.24802637100219727,0.0755203515291214,0.1783428192138672,0.10394230484962463,0.1165681779384613,0.0015583906788378954,-0.014455366879701614,0.058951761573553085,-0.1706315279006958,-0.10177230089902878
159,338,ixcoh_ndvi,index_coherence,0.40663954615592957,0.09578502923250198,0.28665176033973694,0.15579356253147125,-0.17081671953201294,-0.132171168923378,0.022534800693392754,-0.0625891238451004,-0.01298888586461544,-0.08512884378433228,0.01394443679600954,0.28665176033973694,-0.015230949968099594
160,193,coh1_b11,coherence,0.4062017500400543,0.10378557443618774,0.27793705463409424,-0.10544403642416,0.1435961127281189,-0.023254264146089554,-0.11640123277902603,-0.17337453365325928,0.27793705463409424,0.05494419485330582,-0.08182971924543381,0.04244980588555336,-0.018624769523739815
161,86,p90_b8,spectral_statistics,0.40591752529144287,0.09741128981113434,0.3062314987182617,-0.02238057181239128,0.12573453783988953,0.3062314987182617,0.05508941411972046,-0.035704027861356735,-0.024230709299445152,-0.13349930942058563,-0.13580384850502014,-0.02109398879110813,-0.11434502899646759
162,137,g1std_b7,multiscale_gradients,0.4057975709438324,0.10133524239063263,0.3079873025417328,0.0004465094243641943,-0.12230038642883301,-0.1323477029800415,-0.093427374958992,-0.1029168888926506,0.3079873025417328,-0.0556841678917408,0.09730131924152374,0.06386119872331619,0.037079498171806335
163,18,std_b5,spectral_statistics,0.40570104122161865,0.0919954776763916,0.2850412130355835,0.13769099116325378,-0.16141068935394287,-0.009238657541573048,0.2850412130355835,-0.0533369705080986,0.007507711183279753,0.002004380337893963,0.02773219160735607,-0.17599104344844818,-0.060000985860824585
164,344,ix2std_ndvi,index_texture_scale2,0.4048347473144531,0.1085859090089798,0.2551294267177582,0.016933145001530647,-0.09606623649597168,-0.2551294267177582,-0.09340202063322067,0.16497817635536194,0.14525438845157623,0.14051105082035065,-0.09833206981420517,0.03737127408385277,0.03788120672106743
165,22,std_b9,spectral_statistics,0.4047827124595642,0.08594024181365967,0.3329656720161438,-0.10165687650442123,0.3329656720161438,0.03677119314670563,-0.14721450209617615,0.023098884150385857,-0.1286005824804306,-0.03694170340895653,0.006706902291625738,-0.015288656577467918,0.03015747293829918
166,208,hog0_b0_o0,orientation_histogram,0.4022469222545624,0.09911833703517914,0.28199464082717896,-0.0232686810195446,0.11132842302322388,-0.004732211120426655,-0.28199464082717896,0.11060672253370285,-0.013867534697055817,0.10307130217552185,-0.17172832787036896,0.11871122568845749,0.051874250173568726
167,155,g2mean_b12,multiscale_gradients,0.40196362137794495,0.11647442728281021,0.22280530631542206,-0.15317967534065247,0.12688450515270233,0.09114763885736465,0.05498431995511055,0.08655001223087311,-0.11304764449596405,-0.10355136543512344,-0.16731354594230652,0.22280530631542206,-0.04528031125664711
168,276,xcorr_b11_b7,cross_band,0.4016447067260742,0.10518982261419296,0.2118481993675232,-0.028051024302840233,-0.06080560013651848,-0.10143615305423737,0.1879262626171112,-0.20991739630699158,-0.015798207372426987,-0.049034781754016876,-0.060904718935489655,0.2118481993675232,0.12617594003677368
169,359,xcorr_b11_b7,cross_band_correlation,0.4016447067260742,0.10518982261419296,0.2118481993675232,-0.028051024302840233,-0.06080560013651848,-0.10143615305423737,0.1879262626171112,-0.20991739630699158,-0.015798207372426987,-0.049034781754016876,-0.060904718935489655,0.2118481993675232,0.12617594003677368
170,271,fftpk_b11,spectral_peaks,0.400617390871048,0.10378582775592804,0.26734647154808044,-0.05489370599389076,0.09463848173618317,0.18594588339328766,-0.13969892263412476,0.09002412110567093,0.04138440638780594,-0.05699077621102333,0.09916332364082336,-0.26734647154808044,0.007772212848067284
171,267,fftpk_b7,spectral_peaks,0.4005187153816223,0.10791214555501938,0.20923355221748352,0.13188578188419342,-0.05656297877430916,0.10569507628679276,-0.20923355221748352,0.08851782232522964,-0.005448807962238789,0.16717953979969025,-0.0602693147957325,-0.2080465853214264,0.0462820790708065
172,200,oent_b5,orientation_entropy,0.4003312289714813,0.10775549709796906,0.2158372402191162,-0.2158372402191162,0.030789541080594063,0.1753070205450058,0.054094284772872925,-0.11597226560115814,0.0815032422542572,-0.1076710894703865,-0.09216374158859253,0.1970842480659485,-0.007132339756935835
173,221,hog0_b3_o1,orientation_histogram,0.399324893951416,0.09521684795618057,0.27659761905670166,0.02748752571642399,-0.18453805148601532,0.10468921065330505,-0.012893072329461575,-0.02126340940594673,-0.1251806616783142,-0.13220877945423126,0.27659761905670166,0.0576486736536026,0.009661460295319557
174,115,g0std_b11,multiscale_gradients,0.3992217779159546,0.1094227060675621,0.2364262342453003,0.17043395340442657,0.10820784419775009,-0.1292959302663803,-0.1350763440132141,0.2364262342453003,-0.04055717587471008,-0.06348151713609695,-0.038894567638635635,-0.1398087441921234,0.032044798135757446
175,78,p90_b0,spectral_statistics,0.39774683117866516,0.11446324735879898,0.19889789819717407,-0.13677164912223816,-0.07867472618818283,0.15279115736484528,0.04359498620033264,0.19889789819717407,-0.12232191115617752,0.1770310401916504,-0.11205638945102692,-0.02854449674487114,-0.09394808858633041
176,170,coh0_b1,coherence,0.3966171145439148,0.08925177156925201,0.3237003982067108,-0.03326818346977234,-0.09438037127256393,0.10603982210159302,0.3237003982067108,-0.016994057223200798,-0.035576142370700836,-0.08073487877845764,-0.0390331856906414,-0.14627115428447723,0.016519473865628242
177,6,mean_b6,spectral_statistics,0.3960241377353668,0.10031731426715851,0.248819962143898,0.18561112880706787,0.03170925751328468,-0.248819962143898,-0.010760320350527763,-0.08224917203187943,-0.0160828810185194,0.14900517463684082,0.08056763559579849,0.05469302088022232,-0.1436745971441269
178,305,linepf_pan,hough_lines,0.39545002579689026,0.07225464284420013,0.2712741494178772,-0.00036969545180909336,-0.07658375799655914,-0.2712741494178772,0.04086116701364517,-0.0015624474035575986,0.00025248611927963793,0.04624174162745476,0.003788571571931243,0.2701280415058136,-0.011484349146485329
179,306,linepl_pan,hough_lines,0.39532920718193054,0.07224045693874359,0.2711516320705414,-0.0003597495669964701,-0.07651897519826889,-0.2711516320705414,0.04082591086626053,-0.001558844931423664,0.0003202648658771068,0.046170055866241455,0.0037801640573889017,0.27010470628738403,-0.011614283546805382
180,43,p25_b4,spectral_statistics,0.3944333493709564,0.10822169482707977,0.22954294085502625,-0.22954294085502625,-0.10101740807294846,0.10280726104974747,-0.18847082555294037,0.12215223908424377,0.11119681596755981,-0.022078778594732285,0.12429259717464447,0.04800087958574295,0.03265710175037384
181,1,mean_b1,spectral_statistics,0.39422449469566345,0.09827928990125656,0.23550109565258026,0.15413254499435425,-0.11410249024629593,0.07713281363248825,-0.12667767703533173,0.19734038412570953,0.011297754943370819,-0.23550109565258026,0.009099513292312622,0.04239221662282944,-0.015116440132260323
182,279,xcorr_b7_b12,cross_band,0.3937560021877289,0.096522256731987,0.2269103229045868,-0.0028534294106066227,4.624323264579289e-05,0.1648203730583191,-0.20609474182128906,0.01774638146162033,0.07308810204267502,0.2269103229045868,-0.13487596809864044,-0.05477670580148697,-0.08401026576757431
183,362,xcorr_b7_b12,cross_band_correlation,0.3937560021877289,0.096522256731987,0.2269103229045868,-0.0028534294106066227,4.624323264579289e-05,0.1648203730583191,-0.20609474182128906,0.01774638146162033,0.07308810204267502,0.2269103229045868,-0.13487596809864044,-0.05477670580148697,-0.08401026576757431
184,32,p10_b6,spectral_statistics,0.3936734199523926,0.10211503505706787,0.24123288691043854,0.09812935441732407,0.012678064405918121,-0.17835505306720734,-0.08412571996450424,-0.08868574351072311,-0.010912537574768066,0.24123288691043854,0.15853452682495117,-0.029725071042776108,-0.11877144873142242
185,269,fftpk_b9,spectral_peaks,0.3914923667907715,0.11470329761505127,0.18383225798606873,-0.12394912540912628,-0.14176316559314728,0.13216908276081085,-0.035542283207178116,0.13659076392650604,-0.08842985332012177,0.06683330237865448,0.173882395029068,-0.18383225798606873,0.06404072791337967
186,218,hog0_b2_o2,orientation_histogram,0.3901183605194092,0.10016845166683197,0.2223379909992218,0.2223379909992218,-0.20316974818706512,0.0809960588812828,-0.09113885462284088,0.010543971322476864,0.040435075759887695,-0.030527520924806595,-0.17600758373737335,0.10659245401620865,0.039935316890478134
187,152,g2mean_b9,multiscale_gradients,0.38919150829315186,0.10395292937755585,0.23476184904575348,0.20958395302295685,-0.094688281416893,-0.06897691637277603,0.05337396636605263,-0.11097808182239532,0.022043801844120026,0.23476184904575348,-0.12354583293199539,-0.07498198002576828,-0.046594634652137756
188,281,ixstd_ndvi,index_texture,0.38807401061058044,0.10158431529998779,0.2587502896785736,0.0016995840705931187,-0.1124952957034111,-0.2587502896785736,-0.07115742564201355,0.1497766077518463,0.10279836505651474,0.1510017365217209,-0.06551884114742279,0.06813716888427734,0.0345078781247139
189,60,p50_b8,spectral_statistics,0.38705015182495117,0.10558208078145981,0.20153002440929413,-0.019485877826809883,0.1504383385181427,0.20153002440929413,0.12410430610179901,-0.15052340924739838,0.05183667317032814,-0.04581223800778389,-0.12278266251087189,-0.02274094708263874,-0.16656634211540222
190,172,coh0_b3,coherence,0.38623130321502686,0.10309163480997086,0.1840592473745346,0.14593783020973206,-0.16011901199817657,-0.017133885994553566,-0.1840592473745346,-0.01497034914791584,0.16584083437919617,0.14108526706695557,-0.011141196824610233,-0.1280342936515808,0.06259430944919586
191,274,xcorr_b2_b7,cross_band,0.3853471577167511,0.10450363159179688,0.22559742629528046,-0.14743418991565704,0.0266647357493639,0.02756856009364128,0.03204729035496712,-0.10303480923175812,0.13294902443885803,0.22559742629528046,0.0776916965842247,-0.10416126251220703,-0.16788731515407562
192,357,xcorr_b2_b7,cross_band_correlation,0.3853471577167511,0.10450363159179688,0.22559742629528046,-0.14743418991565704,0.0266647357493639,0.02756856009364128,0.03204729035496712,-0.10303480923175812,0.13294902443885803,0.22559742629528046,0.0776916965842247,-0.10416126251220703,-0.16788731515407562
193,80,p90_b2,spectral_statistics,0.38485345244407654,0.10774185508489609,0.19776570796966553,0.0010854233987629414,-0.13103032112121582,-0.05413731932640076,-0.11620853841304779,0.17833451926708221,-0.14369405806064606,0.19776570796966553,-0.09364017844200134,0.10454216599464417,0.05698038637638092
194,124,g1mean_b7,multiscale_gradients,0.3848024010658264,0.09662742912769318,0.24821101129055023,-0.02100459858775139,0.06696785986423492,0.015210680663585663,0.21967053413391113,0.08792071044445038,-0.09675097465515137,-0.24821101129055023,0.09336733818054199,-0.04481814429163933,-0.07235243171453476
195,243,hog0_b8_o3,orientation_histogram,0.38003042340278625,0.08948633074760437,0.233737513422966,-0.00506665650755167,-0.048920512199401855,-0.18783248960971832,0.11289846897125244,-0.004241039976477623,0.233737513422966,-0.17339059710502625,-0.027980877086520195,0.09162162989377975,0.009173569269478321
196,13,std_b0,spectral_statistics,0.3769131004810333,0.09166314452886581,0.21137428283691406,-0.027511460706591606,-0.0894402414560318,0.21137428283691406,0.020131880417466164,0.2061304748058319,-0.13896428048610687,0.020677974447607994,-0.15815478563308716,-0.02323075756430626,-0.02101537585258484
197,270,fftpk_b10,spectral_peaks,0.37665343284606934,0.09220142662525177,0.20027199387550354,-0.07737512141466141,0.04645760357379913,0.20027199387550354,-0.007091131992638111,0.04980335384607315,-0.19375503063201904,-0.0017066102009266615,-0.1615772545337677,0.16447366774082184,-0.019502537325024605
198,378,tail_spread_low_pan,region_shape,0.3746242821216583,0.09460783004760742,0.20997947454452515,-0.127572163939476,0.09622721374034882,0.02854115143418312,0.0025262332055717707,-0.20192205905914307,0.20997947454452515,0.07446903735399246,0.007252094801515341,0.05404391884803772,-0.143545001745224
199,71,p75_b6,spectral_statistics,0.37370169162750244,0.10201115906238556,0.24866165220737457,0.11792799830436707,0.05354948714375496,-0.24866165220737457,0.05627017840743065,-0.1085691973567009,0.06609726697206497,0.09841476380825043,0.029365191236138344,0.08843053132295609,-0.15282531082630157
200,147,g2mean_b4,multiscale_gradients,0.37323838472366333,0.09498647600412369,0.20030342042446136,0.037494003772735596,-0.01846330612897873,-0.14746622741222382,0.15712256729602814,0.055263951420784,0.02474740706384182,0.20030342042446136,-0.2001766711473465,-0.02847115695476532,-0.08035601675510406
201,14,std_b1,spectral_statistics,0.3716104030609131,0.08607853949069977,0.2544427812099457,-0.0025075781159102917,-0.10872115939855576,0.16799452900886536,-0.08595479279756546,0.2544427812099457,-0.09642957895994186,-0.12842543423175812,0.007954305037856102,-0.0005541210412047803,-0.007801090367138386
202,138,g1std_b8,multiscale_gradients,0.3713681399822235,0.08647185564041138,0.2527271509170532,-0.011330856010317802,-0.030387597158551216,0.04839296638965607,-0.2527271509170532,-0.00029100634856149554,0.09283239394426346,-0.08777032792568207,0.21435417234897614,-0.049853336066007614,0.07677879184484482
203,149,g2mean_b6,multiscale_gradients,0.37136733531951904,0.10485073179006577,0.18921272456645966,0.17194493114948273,0.052372243255376816,0.08606453239917755,-0.11818035691976547,0.02465863898396492,-0.1097349226474762,-0.15353697538375854,-0.10311079025268555,0.18921272456645966,-0.03969119116663933
204,171,coh0_b2,coherence,0.36991292238235474,0.08887125551700592,0.25376996397972107,0.0634319856762886,0.17346708476543427,0.06851302832365036,-0.25376996397972107,0.02409215457737446,-0.16545656323432922,-0.025129051879048347,0.04687149450182915,0.0503070242702961,0.01767420768737793
205,386,tail_spread_low_ndbi,region_shape,0.3670327663421631,0.10052940994501114,0.22017569839954376,0.06095330789685249,0.11769182980060577,-0.1639491617679596,0.0481170192360878,0.22017569839954376,0.05570973828434944,-0.12549437582492828,-0.09504418075084686,-0.1070789322257042,-0.01107995118945837
206,211,hog0_b0_o3,orientation_histogram,0.36635297536849976,0.09063607454299927,0.2259795069694519,-0.0033216646406799555,-0.16632762551307678,0.13835391402244568,0.2259795069694519,-0.11976952850818634,0.05407771095633507,-0.13134154677391052,0.03476825729012489,-0.022371724247932434,-0.01004925649613142
207,239,hog0_b7_o3,orientation_histogram,0.36614543199539185,0.09045121818780899,0.22732767462730408,0.1617719680070877,0.06986592710018158,0.025320054963231087,-0.22732767462730408,-0.040631480515003204,-0.18429850041866302,0.018159447237849236,0.005946717690676451,0.09093393385410309,0.08025647699832916
208,213,hog0_b1_o1,orientation_histogram,0.36599040031433105,0.08228929340839386,0.28851646184921265,-0.005789915099740028,0.035123761743307114,0.01256692036986351,-0.28851646184921265,0.07162860780954361,-0.08285035192966461,0.15094643831253052,0.1115821897983551,-0.03428959101438522,0.029598640277981758
209,8,mean_b8,spectral_statistics,0.36597463488578796,0.09296522289514542,0.24355164170265198,-0.035678789019584656,0.14624416828155518,0.24355164170265198,0.04279148951172829,-0.08002888411283493,0.03223782405257225,-0.06398017704486847,-0.13145361840724945,-0.007917000912129879,-0.14576862752437592
210,215,hog0_b1_o3,orientation_histogram,0.36583730578422546,0.09114499390125275,0.2230944186449051,0.07997296005487442,-0.09834263473749161,0.07176848500967026,0.2230944186449051,0.07232306897640228,0.0036745623219758272,-0.02053956501185894,-0.15382416546344757,-0.18302014470100403,0.0048899720422923565
211,251,hog0_b10_o3,orientation_histogram,0.3647617697715759,0.09549491107463837,0.2013767808675766,0.06791101396083832,-0.05642964318394661,-0.2013767808675766,-0.15676558017730713,0.11415711790323257,-0.06248246133327484,0.050359535962343216,-0.00042083681910298765,0.1954302191734314,0.04961584880948067
212,166,g2std_b10,multiscale_gradients,0.3632737696170807,0.09025274217128754,0.21713805198669434,-0.21713805198669434,0.19548258185386658,-0.08367295563220978,-0.04702369496226311,-0.03968195989727974,-0.0637478157877922,0.009546468034386635,0.05511302873492241,0.16754113137722015,0.023579677566885948
213,209,hog0_b0_o1,orientation_histogram,0.36261647939682007,0.09970332682132721,0.23492735624313354,-0.058589618653059006,-0.23492735624313354,0.08558429032564163,0.09616301953792572,-0.043652258813381195,0.05973242223262787,0.15137697756290436,0.10565859824419022,-0.123837910592556,-0.03751078620553017
214,343,ixcoh_bsi,index_coherence,0.362214595079422,0.0995410829782486,0.2205524444580078,0.1278580129146576,-0.06459221988916397,0.13976284861564636,-0.15213720500469208,0.026607908308506012,0.04419229179620743,-0.060423705726861954,0.0930425301194191,-0.2205524444580078,0.06624163687229156
215,112,g0std_b8,multiscale_gradients,0.36145541071891785,0.08645523339509964,0.23284345865249634,-0.033568091690540314,-0.038827549666166306,0.026225794106721878,-0.23284345865249634,0.0006090745446272194,0.11199555546045303,-0.07788082957267761,0.21392206847667694,-0.049157142639160156,0.07952278852462769
216,311,linepf_ndbi,hough_lines,0.3613698482513428,0.07876858860254288,0.24229635298252106,0.24229635298252106,-0.09882820397615433,-0.001063672243617475,0.1305849850177765,-0.004872296471148729,-0.049403488636016846,0.02096015401184559,-0.2037283033132553,-0.01954549364745617,-0.01640287972986698
217,312,linepl_ndbi,hough_lines,0.3613680303096771,0.07876794040203094,0.2422972172498703,0.2422972172498703,-0.09882833063602448,-0.001061315881088376,0.13057991862297058,-0.004872175399214029,-0.04940059408545494,0.020961185917258263,-0.20372766256332397,-0.019544221460819244,-0.016406754031777382
218,273,xcorr_b3_b7,cross_band,0.3581027388572693,0.09190285950899124,0.24171218276023865,-0.11938388645648956,0.08795970678329468,0.11019711196422577,0.24171218276023865,0.01964583434164524,-0.1586836576461792,-0.03646399825811386,-0.04191349074244499,-0.08082222193479538,-0.022246556356549263
219,356,xcorr_b3_b7,cross_band_correlation,0.3581027388572693,0.09190285950899124,0.24171218276023865,-0.11938388645648956,0.08795970678329468,0.11019711196422577,0.24171218276023865,0.01964583434164524,-0.1586836576461792,-0.03646399825811386,-0.04191349074244499,-0.08082222193479538,-0.022246556356549263
220,253,hog0_b11_o1,orientation_histogram,0.35648486018180847,0.08357825130224228,0.20657691359519958,0.20657691359519958,0.01004283968359232,-0.014064420014619827,-0.16380575299263,-0.062255728989839554,0.18641826510429382,-0.12666475772857666,0.014852814376354218,-0.0487741082906723,-0.002326928311958909
221,201,oent_b6,orientation_entropy,0.3542843759059906,0.09191633760929108,0.18026773631572723,-0.06459289789199829,0.005013060290366411,0.14740467071533203,0.12689708173274994,-0.12045777589082718,-0.009379261173307896,-0.1732933521270752,-0.07867808640003204,0.18026773631572723,-0.013179394416511059
222,385,tail_aniso_low_ndbi,region_shape,0.35340067744255066,0.08887165039777756,0.2439170479774475,0.10467373579740524,-0.10384777188301086,0.07128207385540009,-0.031537678092718124,-0.15539388358592987,-0.04059777781367302,0.024484997615218163,-0.10549303144216537,0.2439170479774475,-0.007488517556339502
223,161,g2std_b5,multiscale_gradients,0.35261300206184387,0.09278345108032227,0.18768563866615295,-0.007186112925410271,-0.10197562724351883,-0.07243785262107849,0.16826775670051575,-0.17122982442378998,-0.034146521240472794,0.09182531386613846,0.18768563866615295,-0.0769423395395279,0.01613754592835903
224,206,oent_b11,orientation_entropy,0.34556135535240173,0.08557421714067459,0.219319686293602,-0.09869823604822159,-0.01528828963637352,0.03188849613070488,0.12199035286903381,-0.06241290271282196,0.017027823254466057,-0.18983161449432373,0.037645600736141205,0.219319686293602,-0.061639126390218735
225,141,g1std_b11,multiscale_gradients,0.3454749882221222,0.09701088815927505,0.1889619082212448,0.14274214208126068,0.1229536309838295,-0.11399029195308685,-0.11032386869192123,0.1889619082212448,-0.06061580777168274,-0.0431523360311985,-0.032618358731269836,-0.12435448914766312,0.030396072193980217
226,346,ix2std_ndbi,index_texture_scale2,0.3451714813709259,0.07144474238157272,0.30261945724487305,0.09378135949373245,-0.014022097922861576,-0.30261945724487305,0.033292826265096664,0.08916418254375458,0.059848010540008545,-0.003637367859482765,0.015438362956047058,0.06569821387529373,-0.036945562809705734
227,347,ix2std_ndmi,index_texture_scale2,0.3451714813709259,0.07144474238157272,0.30261945724487305,0.09378135949373245,-0.014022097922861576,-0.30261945724487305,0.033292826265096664,0.08916418254375458,0.059848010540008545,-0.003637367859482765,0.015438362956047058,0.06569821387529373,-0.036945562809705734
228,34,p10_b8,spectral_statistics,0.34478428959846497,0.09581570327281952,0.18150641024112701,-0.11307552456855774,0.14092889428138733,0.18150641024112701,-0.09021517634391785,-0.005937099922448397,0.08507785201072693,-0.01526753418147564,-0.11983523517847061,0.07156417518854141,-0.13474906980991364
229,27,p10_b1,spectral_statistics,0.34398719668388367,0.08273617178201675,0.23347733914852142,-0.019117465242743492,-0.035264868289232254,-0.23347733914852142,0.06672287732362747,0.04286293685436249,0.19073817133903503,-0.04773849993944168,-0.012972477823495865,0.11335548758506775,-0.06511149555444717
230,334,blob2msz_ndbi,blobs,0.34309765696525574,0.08978337794542313,0.18822990357875824,0.011134539730846882,-0.0730019062757492,0.0057988837361335754,0.032062239944934845,-0.10515687614679337,-0.1497281938791275,-0.1210317313671112,0.18822990357875824,0.15702691674232483,0.05466253310441971
231,168,g2std_b12,multiscale_gradients,0.34235790371894836,0.07521544396877289,0.2657890319824219,-0.2657890319824219,0.023643743246793747,-0.02538740076124668,-0.0015806221636012197,-0.04767636954784393,-0.03564457222819328,0.06328068673610687,0.06754615902900696,0.17673471570014954,0.04487112909555435
232,151,g2mean_b8,multiscale_gradients,0.3399529457092285,0.08978977054357529,0.20186465978622437,-0.13000866770744324,0.10163146257400513,0.20186465978622437,-0.0013416506117209792,-0.029214750975370407,-0.048573654145002365,-0.11453001946210861,-0.09619439393281937,0.1454518437385559,-0.02908657304942608
233,0,mean_b0,spectral_statistics,0.3398134708404541,0.08971568197011948,0.18327578902244568,-0.16973820328712463,-0.050437334924936295,0.0044802650809288025,0.04491676390171051,0.1684265285730362,-0.07441546767950058,0.18327578902244568,0.047477949410676956,-0.061582278460264206,-0.0924062430858612
234,38,p10_b12,spectral_statistics,0.33908775448799133,0.0952315405011177,0.15099428594112396,0.1249471977353096,-0.0020905055571347475,0.04574349895119667,-0.15099428594112396,-0.12594938278198242,0.12144866585731506,0.057249534875154495,0.12676867842674255,-0.048149049282073975,-0.14897461235523224
235,2,mean_b2,spectral_statistics,0.336944043636322,0.09269388020038605,0.18147003650665283,0.01163124106824398,-0.09069325029850006,-0.18147003650665283,-0.05047130957245827,0.12294059246778488,0.11392723023891449,-0.1408361941576004,0.009203899651765823,0.08692868798971176,0.11883632838726044
236,241,hog0_b8_o1,orientation_histogram,0.3362870514392853,0.08919663727283478,0.18080724775791168,0.10370172560214996,0.13738742470741272,-0.13707315921783447,0.003783151274546981,-0.09777764976024628,-0.18080724775791168,0.1398463100194931,0.035695016384124756,0.025568762794137,-0.030325861647725105
237,150,g2mean_b7,multiscale_gradients,0.33597561717033386,0.08622752130031586,0.21914298832416534,-0.015209795907139778,0.059701547026634216,0.18252675235271454,0.06643610447645187,0.028365392237901688,-0.08761819452047348,-0.21914298832416534,-0.05871250852942467,0.09410741925239563,-0.05045463144779205
238,384,tail_spread_high_ndvi,region_shape,0.3334046006202698,0.09352248907089233,0.16241443157196045,0.11433570086956024,-0.05258189141750336,-0.16241443157196045,-0.08803296089172363,0.13806098699569702,0.036917220801115036,-0.03681209310889244,0.14912235736846924,0.029176922515034676,-0.1277703046798706
239,70,p75_b5,spectral_statistics,0.3332948684692383,0.08496663719415665,0.18342305719852448,-0.08432234078645706,-0.007899375632405281,-0.04536600783467293,0.05262742191553116,-0.11878424137830734,0.18342305719852448,0.15134373307228088,0.037438590079545975,-0.004120944999158382,-0.16434058547019958
240,31,p10_b5,spectral_statistics,0.3331221640110016,0.08471643924713135,0.2262781858444214,-0.05175838619470596,-1.2507419342000503e-05,0.06191931664943695,-0.10258010774850845,-0.05203671753406525,-0.011697138659656048,0.2262781858444214,0.13538429141044617,-0.08783695846796036,-0.11766078323125839
241,163,g2std_b7,multiscale_gradients,0.3302340507507324,0.08815299719572067,0.18863368034362793,-0.11618777364492416,-0.03745671734213829,0.03423883765935898,0.1358453780412674,-0.1487630158662796,-0.025251291692256927,-0.1131068617105484,0.18863368034362793,0.04384773597121239,0.03819868713617325
242,207,oent_b12,orientation_entropy,0.32903456687927246,0.08840499073266983,0.16936607658863068,0.14816778898239136,-0.01584223285317421,0.16936607658863068,-0.1293960064649582,-0.11320324242115021,0.03847583383321762,-0.12508821487426758,-0.05849413573741913,0.08524259924888611,0.0007737854612059891
243,154,g2mean_b11,multiscale_gradients,0.3288794159889221,0.08683326095342636,0.19186726212501526,0.10643943399190903,0.032510604709386826,-0.07616136223077774,0.005638672038912773,-0.19186726212501526,-0.12227599322795868,0.12151187658309937,0.023342229425907135,0.14472268521785736,-0.04386252164840698
244,47,p25_b8,spectral_statistics,0.32822540402412415,0.0894065871834755,0.18809139728546143,0.007891346700489521,0.14493362605571747,0.18809139728546143,-0.09654796868562698,-0.06658954173326492,0.0801217183470726,0.025993673130869865,-0.07849173247814178,-0.06283938139677048,-0.14256551861763
245,283,ixstd_ndbi,index_texture,0.3277747631072998,0.07373519241809845,0.2809011936187744,0.08188844472169876,-0.0159449465572834,-0.2809011936187744,0.046995192766189575,0.08302493393421173,0.04679176211357117,-0.026062004268169403,0.02798309363424778,0.08199194073677063,-0.0457683689892292
246,284,ixstd_ndmi,index_texture,0.3277747631072998,0.07373519241809845,0.2809011936187744,0.08188844472169876,-0.0159449465572834,-0.2809011936187744,0.046995192766189575,0.08302493393421173,0.04679176211357117,-0.026062004268169403,0.02798309363424778,0.08199194073677063,-0.0457683689892292
247,264,fftpk_b4,spectral_peaks,0.32771730422973633,0.080203577876091,0.24639049172401428,-0.24639049172401428,0.04954021796584129,-0.07915907353162766,0.010725589469075203,-0.053893886506557465,0.09588824212551117,0.024912238121032715,0.12547548115253448,0.09447553008794785,-0.02157507836818695
248,16,std_b3,spectral_statistics,0.32737845182418823,0.08291114121675491,0.19832013547420502,0.19832013547420502,-0.08505816012620926,-0.04536987096071243,-0.19689394533634186,0.06516646593809128,-0.06808336824178696,0.09316752105951309,0.01946304365992546,0.03843759000301361,-0.019151249900460243
249,23,std_b10,spectral_statistics,0.32706156373023987,0.07710018008947372,0.2259572446346283,-0.08090738207101822,0.02192973531782627,0.05611227825284004,-0.1534368395805359,-0.1362246870994568,0.2259572446346283,0.0527421273291111,0.024838702753186226,0.0039201476611196995,-0.014932706952095032
250,57,p50_b5,spectral_statistics,0.3256395161151886,0.08570636808872223,0.17767105996608734,0.0025368593633174896,-0.007268597837537527,-0.09644067287445068,-0.09572618454694748,-0.06644164770841599,0.12134331464767456,0.17767105996608734,0.09735160320997238,0.0296288151293993,-0.16265490651130676
251,25,std_b12,spectral_statistics,0.3251294493675232,0.07747896760702133,0.2167567014694214,-0.17267918586730957,0.006069071125239134,0.017937801778316498,0.03360545635223389,0.1130250096321106,-0.09282340854406357,0.2167567014694214,-0.06648178398609161,-0.021631162613630295,-0.03378012776374817
252,56,p50_b4,spectral_statistics,0.32436975836753845,0.08667764067649841,0.19968107342720032,-0.03694886714220047,-0.09744467586278915,0.044625695794820786,0.0800655260682106,-0.08960112184286118,0.04616027697920799,-0.19968107342720032,0.15738943219184875,0.10514582693576813,-0.009713948704302311
253,184,coh1_b2,coherence,0.32431215047836304,0.08365315943956375,0.176410973072052,-0.14016376435756683,0.176410973072052,0.018314819782972336,0.015145861543715,-0.07008501142263412,0.1576177477836609,-0.12789852917194366,0.021816665306687355,-0.08011774718761444,0.02896040864288807
254,67,p75_b2,spectral_statistics,0.3231523633003235,0.08569778501987457,0.19427624344825745,0.1123260110616684,-0.1047462448477745,-0.14825108647346497,0.19427624344825745,0.012348921038210392,-0.03212261199951172,-0.03800322115421295,-0.03101632371544838,-0.07435068488121033,0.10953658819198608
255,125,g1mean_b8,multiscale_gradients,0.32016122341156006,0.08183352649211884,0.18858987092971802,-0.14062052965164185,0.09189174324274063,0.18858987092971802,-0.01561503205448389,-0.012235098518431187,-0.009007003158330917,-0.11986719071865082,-0.0789761021733284,0.1286851316690445,-0.03284762054681778
256,99,g0mean_b8,multiscale_gradients,0.3200881779193878,0.08059103786945343,0.18787454068660736,-0.14715681970119476,0.08707680553197861,0.18787454068660736,-0.008473790250718594,-0.0073385825380682945,0.008798150345683098,-0.12773939967155457,-0.07724450528621674,0.11920471489429474,-0.03500306233763695
257,214,hog0_b1_o2,orientation_histogram,0.3199721574783325,0.08423681557178497,0.1777074635028839,0.05404435843229294,-0.05082697048783302,-0.02405531145632267,0.1777074635028839,0.10745534300804138,-0.05772172287106514,-0.1749342828989029,-0.11187426745891571,0.08197538554668427,-0.001772975199855864
258,286,ixstd_bsi,index_texture,0.31959068775177,0.08156704157590866,0.19947126507759094,0.10914026200771332,-0.02618071436882019,-0.14360196888446808,0.10433924198150635,0.024801844730973244,0.11939731985330582,-0.19947126507759094,0.04278307780623436,0.0073725380934774876,-0.03858223184943199
259,102,g0mean_b11,multiscale_gradients,0.31916508078575134,0.08505597710609436,0.1705809235572815,0.16134122014045715,-0.012535960413515568,-0.06990945339202881,-0.1421157568693161,-0.041213106364011765,-0.09222452342510223,-0.021124914288520813,0.1705809235572815,0.09335702657699585,-0.04615689069032669
260,24,std_b11,spectral_statistics,0.31896501779556274,0.08625379949808121,0.17988398671150208,0.14679138362407684,0.009536960162222385,-0.09065722674131393,-0.07813150435686111,-0.17988398671150208,-0.07362504303455353,0.10234759747982025,0.12199131399393082,0.05060092732310295,-0.00897201243788004
261,349,ix2std_bsi,index_texture_scale2,0.3167232573032379,0.07912004739046097,0.19905416667461395,0.09847178310155869,-0.02321621961891651,-0.1355598121881485,0.10093746334314346,0.026601379737257957,0.1388026475906372,-0.19905416667461395,0.01823875494301319,0.012547187507152557,-0.037771038711071014
262,114,g0std_b10,multiscale_gradients,0.3166413903236389,0.08068706840276718,0.16982148587703705,-0.14435681700706482,0.14354147017002106,-0.05028494447469711,-0.0022783714812248945,0.017804451286792755,0.07862431555986404,-0.16982148587703705,-0.03669448569417,0.13758938014507294,0.025874989107251167
263,140,g1std_b10,multiscale_gradients,0.3160575330257416,0.07427994906902313,0.1628364771604538,-0.1600843071937561,0.1628364771604538,-0.047478459775447845,-0.013770977966487408,-0.009736428037285805,0.022390350699424744,-0.13475067913532257,-0.005579696968197823,0.16087543964385986,0.025296712294220924
264,372,oent2_b8,orientation_entropy_scale2,0.3136892318725586,0.07727418839931488,0.1958579421043396,0.018836835399270058,0.007312057539820671,-0.119327113032341,-0.03736447915434837,0.14513228833675385,0.04456257075071335,0.13656844198703766,0.03396003320813179,-0.1958579421043396,-0.03382016345858574
265,64,p50_b12,spectral_statistics,0.31294605135917664,0.08352260291576385,0.18889713287353516,0.12764191627502441,0.056969430297613144,-0.11922922730445862,0.007561147212982178,-0.10948691517114639,0.03815092518925667,0.09704302996397018,0.017646584659814835,0.07259978353977203,-0.18889713287353516
266,212,hog0_b1_o0,orientation_histogram,0.31264013051986694,0.0818680003285408,0.20620322227478027,-0.09648887813091278,0.07970627397298813,-0.04791402071714401,-0.027928821742534637,-0.20620322227478027,0.1212594211101532,0.004810166545212269,0.09507675468921661,0.10848788917064667,-0.03080448880791664
267,132,g1std_b2,multiscale_gradients,0.3106927275657654,0.0778469666838646,0.19402813911437988,-0.1083335280418396,-0.060855451971292496,-0.15285532176494598,0.013146764598786831,0.10643352568149567,0.07562493532896042,-0.05240654572844505,-0.006177854724228382,0.19402813911437988,-0.008607655763626099
268,121,g1mean_b4,multiscale_gradients,0.31061193346977234,0.08479519933462143,0.18305683135986328,0.07779111713171005,-0.03418752923607826,-0.17422407865524292,0.04748467728495598,0.04237907752394676,0.07326314598321915,0.18305683135986328,-0.08632903546094894,-0.05529911071062088,-0.07393737137317657
269,342,ixcoh_nbr,index_coherence,0.3099484145641327,0.08869502693414688,0.17467093467712402,-0.07546627521514893,-0.05650776997208595,0.10545340925455093,-0.08078693598508835,0.17467093467712402,0.014930973760783672,0.09555674344301224,-0.1267554759979248,0.052863407880067825,-0.10395833104848862
270,242,hog0_b8_o2,orientation_histogram,0.3099476099014282,0.07984994351863861,0.2033691108226776,-0.18039022386074066,-0.044731542468070984,0.2033691108226776,-0.05718395113945007,0.05084122344851494,0.031015586107969284,-0.05778186768293381,0.05930929258465767,0.0547139048576355,-0.059162721037864685
271,33,p10_b7,spectral_statistics,0.30989131331443787,0.08275292813777924,0.21640147268772125,0.07876324653625488,0.014111262746155262,0.058722686022520065,0.06190457567572594,-0.21640147268772125,0.04306230694055557,0.085956871509552,0.07124318182468414,-0.06931385397911072,-0.12804986536502838
272,123,g1mean_b6,multiscale_gradients,0.3078979253768921,0.07530470192432404,0.2252703458070755,0.2252703458070755,0.02175348438322544,0.018358346074819565,-0.08387280255556107,0.027308030053973198,-0.09084943681955338,-0.1315351277589798,-0.02078021876513958,0.0838329866528511,-0.04948621243238449
273,128,g1mean_b11,multiscale_gradients,0.307705819606781,0.08282837271690369,0.17149698734283447,0.17149698734283447,-0.002002005698159337,-0.07353601604700089,-0.12116323411464691,-0.07255613058805466,-0.10030905157327652,0.009034682996571064,0.13258351385593414,0.10102580487728119,-0.04457627236843109
274,84,p90_b6,spectral_statistics,0.3073967397212982,0.06847107410430908,0.2420082986354828,0.2420082986354828,0.004072402138262987,-0.13592077791690826,0.03537197411060333,-0.03691539540886879,-0.0357656292617321,-0.03100307285785675,0.039592646062374115,0.021309738978743553,-0.1027507558465004
275,199,oent_b4,orientation_entropy,0.3063201308250427,0.06235891580581665,0.22907507419586182,-0.22907507419586182,0.06794706732034683,0.018389848992228508,-0.01934427209198475,-0.01158758345991373,0.17914144694805145,-0.043076761066913605,0.04312604293227196,0.0031912464182823896,-0.008709834888577461
276,72,p75_b7,spectral_statistics,0.3062340319156647,0.07806722074747086,0.1875942200422287,0.01836019940674305,0.05300202593207359,-0.09448392689228058,-0.02939959429204464,-0.10406293720006943,0.1875942200422287,0.08405780047178268,0.01215272955596447,0.035168856382369995,-0.16238990426063538
277,59,p50_b7,spectral_statistics,0.30613312125205994,0.07893528044223785,0.18733374774456024,0.06407105922698975,0.04275721311569214,-0.18733374774456024,0.057475436478853226,-0.04165123775601387,0.06762755662202835,0.1193896010518074,-0.001549802953377366,0.043355196714401245,-0.1641419678926468
278,159,g2std_b3,multiscale_gradients,0.30556410551071167,0.07718338072299957,0.1818826049566269,0.15261487662792206,0.05229068920016289,-0.10263586044311523,-0.1818826049566269,0.058937061578035355,0.007089107763022184,0.1149841845035553,-0.0821821391582489,-0.014333712868392467,-0.004883507266640663
279,82,p90_b4,spectral_statistics,0.3046865165233612,0.07835610210895538,0.21073468029499054,0.01613844372332096,-0.1312428116798401,0.06172541528940201,0.21073468029499054,0.08337847143411636,0.019802356138825417,-0.05121610686182976,-0.11095777153968811,-0.046637315303087234,-0.05172770097851753
280,46,p25_b7,spectral_statistics,0.30429592728614807,0.0838957205414772,0.14843834936618805,0.02517143450677395,0.0237087644636631,-0.14843834936618805,-0.06071232259273529,-0.07687101513147354,0.06607440114021301,0.125310480594635,0.035601239651441574,0.14361177384853363,-0.13345743715763092
281,95,g0mean_b4,multiscale_gradients,0.3042456805706024,0.07518063485622406,0.19173650443553925,0.058410510420799255,-0.03364690765738487,-0.1815817654132843,0.010428410954773426,0.023580824956297874,0.09174589812755585,0.19173650443553925,-0.039373576641082764,-0.04846026748418808,-0.07284169644117355
282,380,tail_spread_high_pan,region_shape,0.30080124735832214,0.08466688543558121,0.163120299577713,-0.07808087021112442,-0.06992100179195404,0.05990876257419586,-0.02601807378232479,-0.0599520169198513,-0.02624223567545414,0.1267702430486679,0.12984077632427216,0.10681463032960892,-0.163120299577713
283,245,hog0_b9_o1,orientation_histogram,0.2979682385921478,0.08501319587230682,0.16057194769382477,-0.06626597046852112,0.07530045509338379,0.02553972415626049,0.10690756887197495,-0.10638900101184845,-0.05213182419538498,-0.03970795497298241,-0.16057194769382477,0.1372275948524475,0.08008994162082672
284,177,coh0_b8,coherence,0.29544126987457275,0.07997800409793854,0.16761605441570282,-0.013573738746345043,0.16761605441570282,0.013474082574248314,0.08006510883569717,-0.0899648368358612,-0.1528296172618866,0.046633485704660416,-0.0698818489909172,0.09210086613893509,-0.07364033907651901
285,282,ixstd_ndwi,index_texture,0.2912832796573639,0.0803775042295456,0.16469214856624603,-0.09827864915132523,-0.07349257916212082,0.05351971089839935,-0.08286891877651215,-0.06857622414827347,-0.07867152988910675,0.16469214856624603,0.01916184276342392,0.1460515707731247,0.01846180111169815
286,222,hog0_b3_o2,orientation_histogram,0.2910301983356476,0.07825808227062225,0.1902235746383667,0.02010338008403778,0.10661423951387405,-0.09644041955471039,-0.0521080456674099,0.04951596260070801,0.1902235746383667,-0.044629860669374466,-0.09447111189365387,-0.10364247858524323,0.02483174577355385
287,129,g1mean_b12,multiscale_gradients,0.28999677300453186,0.08736313879489899,0.12687687575817108,-0.090082548558712,0.09350565820932388,0.029897836968302727,0.12133528292179108,0.10524963587522507,-0.06538305431604385,-0.12687687575817108,-0.09599416702985764,0.0868271216750145,-0.05847921594977379
288,97,g0mean_b6,multiscale_gradients,0.28677013516426086,0.06625447422266006,0.21740446984767914,0.21740446984767914,0.014574498869478703,-0.004025477450340986,-0.06503411382436752,0.03509332612156868,-0.08498084545135498,-0.12251424789428711,-0.0005943562719039619,0.06419980525970459,-0.05412360653281212
289,85,p90_b7,spectral_statistics,0.2855924367904663,0.06550996005535126,0.21650443971157074,0.21650443971157074,0.02374175377190113,0.003806855296716094,-0.04473675414919853,-0.11850163340568542,0.009652487933635712,-0.06646041572093964,0.06197439506649971,0.011869856156408787,-0.09785103797912598
290,103,g0mean_b12,multiscale_gradients,0.2848897874355316,0.08114863187074661,0.14498057961463928,-0.08836600929498672,0.08328920602798462,0.009240146726369858,0.14498057961463928,0.11590555310249329,-0.0470859631896019,-0.13101477921009064,-0.07505044341087341,0.05232744291424751,-0.06422613561153412
291,225,hog0_b4_o1,orientation_histogram,0.28445160388946533,0.07978154718875885,0.15705713629722595,-0.027385829016566277,0.08709622919559479,-0.06947726011276245,-0.15705713629722595,-0.09541851282119751,0.13564249873161316,0.09294768422842026,0.06419458985328674,0.01902608387172222,-0.04956957697868347
292,304,ixspr_bsi,index_texture,0.28431379795074463,0.08032940328121185,0.1399906873703003,-0.0896691307425499,-0.13520169258117676,0.12117387354373932,0.1399906873703003,0.06800069659948349,0.01927942782640457,-0.09495445340871811,-0.045589882880449295,0.053201451897621155,-0.03623274341225624
293,194,coh1_b12,coherence,0.2840166389942169,0.07516150176525116,0.14724424481391907,-0.11775928735733032,0.059681084007024765,-0.11788134276866913,0.14724424481391907,-0.08521907776594162,0.023077404126524925,-0.02679954282939434,-0.028148537501692772,0.13504964113235474,0.010754836723208427
294,368,oent2_b4,orientation_entropy_scale2,0.28263622522354126,0.07082928717136383,0.2003655582666397,-0.07768168300390244,0.03387840837240219,-0.03619065135717392,-0.015416142530739307,0.050641801208257675,0.13889022171497345,0.067137211561203,-0.024491218850016594,-0.2003655582666397,0.06359997391700745
295,148,g2mean_b5,multiscale_gradients,0.2826288640499115,0.08163683116436005,0.1479002833366394,0.08568530529737473,-0.02871639095246792,0.09257598221302032,-0.1479002833366394,0.030120577663183212,-0.0668909102678299,0.08418544381856918,-0.11293647438287735,0.11561605334281921,-0.051740873605012894
296,77,p75_b12,spectral_statistics,0.2820601761341095,0.07343672215938568,0.1811746060848236,0.01205862034112215,0.07651886343955994,-0.0441494882106781,0.013745380565524101,-0.11516007781028748,0.10953059047460556,0.06093645095825195,-0.026699628680944443,0.09439349174499512,-0.1811746060848236
297,204,oent_b9,orientation_entropy,0.28188472986221313,0.07825808227062225,0.16706672310829163,0.12562035024166107,-0.16706672310829163,-0.06823545694351196,0.07271309196949005,0.0721135064959526,0.005009228829294443,0.028866933658719063,0.08696739375591278,-0.08222155272960663,-0.07376657426357269
298,240,hog0_b8_o0,orientation_histogram,0.28165510296821594,0.08207560330629349,0.16460762917995453,0.07590324431657791,-0.04205502197146416,0.12063512951135635,-0.05866756662726402,0.04970644414424896,-0.08191005885601044,0.08811122924089432,-0.06313805282115936,-0.16460762917995453,0.07602163404226303
299,158,g2std_b2,multiscale_gradients,0.2813740372657776,0.07017450034618378,0.1410989612340927,0.0066491831094026566,-0.05013774707913399,-0.1410989612340927,-0.12272932380437851,0.1406947672367096,-0.02965143322944641,0.0880739614367485,-0.00725627550855279,0.11470610648393631,0.0007472035358659923
300,179,coh0_b10,coherence,0.2772580683231354,0.07331883162260056,0.16346143186092377,-0.10492212325334549,0.059891991317272186,0.16346143186092377,0.10777697712182999,-0.10746604949235916,0.0177654717117548,-0.07767844945192337,-0.07652823626995087,0.012666264548897743,0.005031351465731859
301,301,ixspr_ndbi,index_texture,0.27520012855529785,0.07332591712474823,0.16994014382362366,-0.133931964635849,-0.08304356038570404,-0.06448490172624588,0.16994014382362366,0.10271269083023071,-0.03946555778384209,0.01279814075678587,0.030387716367840767,0.05078998580574989,-0.04570445045828819
302,302,ixspr_ndmi,index_texture,0.27520012855529785,0.07332591712474823,0.16994014382362366,-0.133931964635849,-0.08304356038570404,-0.06448490172624588,0.16994014382362366,0.10271269083023071,-0.03946555778384209,0.01279814075678587,0.030387716367840767,0.05078998580574989,-0.04570445045828819
303,116,g0std_b12,multiscale_gradients,0.27448150515556335,0.0665726512670517,0.18789297342300415,-0.18789297342300415,-0.03675811365246773,-0.10821270197629929,0.020062634721398354,0.042100388556718826,0.03675919771194458,0.045418817549943924,0.003565483959391713,0.13867883384227753,0.04627734795212746
304,249,hog0_b10_o1,orientation_histogram,0.27411702275276184,0.07565177232027054,0.14790351688861847,-0.09454742819070816,0.12011627852916718,0.053453851491212845,0.14790351688861847,-0.037648193538188934,0.056784700602293015,-0.026583047583699226,-0.0709320530295372,-0.12731671333312988,-0.02123194932937622
305,183,coh1_b1,coherence,0.27337878942489624,0.06951162219047546,0.1606561690568924,-0.028835535049438477,0.05772066488862038,-0.001367513439618051,0.09384529292583466,-0.109608955681324,-0.007233301177620888,-0.1606561690568924,-0.039856139570474625,0.13731598854064941,0.05867663770914078
306,255,hog0_b11_o3,orientation_histogram,0.2728548049926758,0.07078080624341965,0.16171152889728546,-0.0785260871052742,0.021728623658418655,-0.16171152889728546,0.04279441013932228,-0.026957646012306213,-0.08670967817306519,0.1390831172466278,0.020665360614657402,0.10611142963171005,0.02352023683488369
307,109,g0std_b5,multiscale_gradients,0.2705290615558624,0.077560193836689,0.13718277215957642,0.04821046441793442,-0.13718277215957642,-0.1294528841972351,0.08666343986988068,-0.06384891271591187,0.03273573890328407,0.10194891691207886,0.0903964415192604,-0.057316917926073074,0.027845419943332672
308,191,coh1_b9,coherence,0.2696693241596222,0.07275145500898361,0.1480875313282013,0.1480875313282013,0.05571570619940758,-0.14515693485736847,-0.09629713743925095,0.0858566015958786,-0.043233394622802734,0.021345719695091248,0.027818994596600533,-0.07906999439001083,0.02493256703019142
309,376,oent2_b12,orientation_entropy_scale2,0.26905420422554016,0.06530822813510895,0.17134472727775574,0.17134472727775574,-0.062430489808321,0.11519484966993332,-0.01917777955532074,-0.04229429364204407,0.009262530133128166,0.007583803031593561,-0.06598718464374542,-0.13665032386779785,0.023156268522143364
310,174,coh0_b5,coherence,0.2668741047382355,0.0671217292547226,0.14364618062973022,0.14364618062973022,-0.00860222615301609,0.12147972732782364,-0.0872296690940857,-0.07140906155109406,-0.14243370294570923,0.037811681628227234,0.024228563532233238,-0.02593471296131611,0.00844179093837738
311,237,hog0_b7_o1,orientation_histogram,0.26543721556663513,0.07921785116195679,0.13167829811573029,-0.07583075016736984,0.028067152947187424,-0.09787329286336899,0.13167829811573029,0.10191431641578674,0.08832331746816635,0.046106502413749695,-0.06833438575267792,-0.0857371985912323,-0.06831321120262146
312,5,mean_b5,spectral_statistics,0.2644493579864502,0.06580586731433868,0.1581503003835678,-0.01662271097302437,-0.01981518231332302,-0.01775289885699749,-0.031923528760671616,-0.0735388696193695,0.09087163209915161,0.1581503003835678,0.08000704646110535,-0.01946641504764557,-0.1499100625514984
313,156,g2std_b0,multiscale_gradients,0.26386207342147827,0.06661759316921234,0.17039155960083008,-0.0942595973610878,-0.0460783876478672,-0.004899116698652506,0.044652827084064484,-0.17039155960083008,0.054439134895801544,0.0777156725525856,0.13311290740966797,0.023166107013821602,-0.017460642382502556
314,142,g1std_b12,multiscale_gradients,0.26349297165870667,0.055847324430942535,0.19114252924919128,-0.19114252924919128,-0.019187288358807564,-0.06890745460987091,0.005719857290387154,0.022272687405347824,0.0020813641604036093,0.019990399479866028,0.027801265940070152,0.15451838076114655,0.04685206338763237
315,7,mean_b7,spectral_statistics,0.2633621096611023,0.07352068275213242,0.15576156973838806,0.1022418960928917,0.03762064874172211,-0.0629623532295227,-0.029827134683728218,-0.11905283480882645,0.06108732521533966,0.08276974409818649,0.034834664314985275,0.04904865100979805,-0.15576156973838806
316,265,fftpk_b5,spectral_peaks,0.2628493010997772,0.07165370881557465,0.13530604541301727,0.11142687499523163,0.06555784493684769,-0.07996156811714172,-0.11929324269294739,0.022395018488168716,-0.02370808832347393,-0.13530604541301727,0.010328355245292187,0.09916166216135025,0.049398358911275864
317,51,p25_b12,spectral_statistics,0.26195088028907776,0.07488901168107986,0.1533147543668747,0.1033049151301384,0.02813180908560753,-0.09525519609451294,-0.04794010519981384,-0.07793529331684113,0.07123506814241409,0.05606630817055702,0.08326934278011322,0.03243725374341011,-0.1533147543668747
318,268,fftpk_b8,spectral_peaks,0.26173269748687744,0.07682844251394272,0.11255926638841629,0.08230513334274292,0.10049984604120255,0.018977973610162735,-0.1022271141409874,-0.11255926638841629,-0.0875503420829773,0.019060250371694565,0.07473056018352509,-0.08180573582649231,0.08856822550296783
319,345,ix2std_ndwi,index_texture_scale2,0.2611245810985565,0.07204212993383408,0.16274167597293854,-0.06820137053728104,-0.06729250401258469,0.07409479469060898,-0.08859465271234512,-0.08241398632526398,-0.053708773106336594,0.16274167597293854,0.00545158376917243,0.09448017925024033,0.023441791534423828
320,135,g1std_b5,multiscale_gradients,0.25985008478164673,0.07324685901403427,0.1276300698518753,0.052938997745513916,-0.1276300698518753,-0.10181105881929398,0.09203888475894928,-0.07511435449123383,0.004545165225863457,0.07087812572717667,0.12018679082393646,-0.06167946010828018,0.02564561367034912
321,187,coh1_b5,coherence,0.25950461626052856,0.05422858148813248,0.20743931829929352,0.13540348410606384,0.030786890536546707,0.023505212739109993,-0.20743931829929352,-0.04425374045968056,0.03728935867547989,0.022880731150507927,0.010477673262357712,-0.019450129941105843,0.010799306444823742
322,266,fftpk_b6,spectral_peaks,0.25908002257347107,0.059219785034656525,0.18804419040679932,0.012586571276187897,0.021723410114645958,-0.08295555412769318,-0.07369124889373779,0.0037772406358271837,-0.12710964679718018,0.18804419040679932,-0.01234317198395729,0.03006720170378685,0.03989958018064499
323,12,mean_b12,spectral_statistics,0.2569747567176819,0.06752528250217438,0.17407633364200592,0.10839715600013733,0.044644471257925034,-0.024712366983294487,-0.03248654305934906,-0.10635147243738174,0.05300039052963257,0.057598013430833817,0.028329087421298027,0.04565702751278877,-0.17407633364200592
324,83,p90_b5,spectral_statistics,0.25512146949768066,0.07188175618648529,0.127193421125412,0.127193421125412,-0.06952507048845291,0.01218790840357542,0.10493746399879456,-0.051699843257665634,0.09431383013725281,-0.05169403553009033,0.02077559009194374,-0.07258778065443039,-0.11390254646539688
325,165,g2std_b9,multiscale_gradients,0.2549521327018738,0.07105240970849991,0.12047462910413742,0.026445729658007622,0.12041973322629929,-0.07987841963768005,-0.12047462910413742,-0.04767446219921112,0.10948177427053452,0.09308966249227524,0.005823879037052393,-0.06354581564664841,-0.04368996247649193
326,167,g2std_b11,multiscale_gradients,0.2521626055240631,0.06320856511592865,0.15320250391960144,0.07311598211526871,0.15320250391960144,-0.11552345007658005,-0.007384124677628279,0.04003041237592697,-0.10091088712215424,0.024309340864419937,-0.0008611941011622548,-0.09136394411325455,0.025383763015270233
327,87,p90_b9,spectral_statistics,0.25152790546417236,0.06433165818452835,0.1645941138267517,-0.12681987881660461,0.06039128825068474,0.021437490358948708,0.04880533367395401,-0.037146031856536865,0.026428556069731712,-0.078069768846035,-0.006196786183863878,0.1645941138267517,-0.07342730462551117
328,48,p25_b9,spectral_statistics,0.24958422780036926,0.06891142576932907,0.13164348900318146,-0.05894972011446953,-0.02239745669066906,0.1136125922203064,0.04118075594305992,-0.016891222447156906,0.05052967369556427,-0.1146770790219307,0.08832006901502609,0.05091225728392601,-0.13164348900318146
329,220,hog0_b3_o0,orientation_histogram,0.2495371401309967,0.0636219009757042,0.15304034948349,-0.03579966723918915,0.016946900635957718,-0.12436231970787048,0.04879704862833023,-0.011126711033284664,-0.04982134327292442,0.15304034948349,-0.08208131790161133,0.09932591021060944,-0.014917518943548203
330,379,tail_aniso_high_pan,region_shape,0.24874933063983917,0.06209912151098251,0.1373315304517746,-0.006743937730789185,0.014258886687457561,0.0880829468369484,0.046530306339263916,-0.003394407918676734,-0.04241723567247391,-0.12060880661010742,-0.1373315304517746,0.039425816386938095,0.12219731509685516
331,216,hog0_b2_o0,orientation_histogram,0.24816422164440155,0.06025702506303787,0.16189448535442352,-0.059942878782749176,-0.006816957611590624,-0.13584639132022858,0.16189448535442352,-0.043937016278505325,0.09086090326309204,0.022525906562805176,0.02600405551493168,-0.01298897247761488,-0.041752688586711884
332,250,hog0_b10_o2,orientation_histogram,0.24738101661205292,0.06801968812942505,0.13155394792556763,0.12853606045246124,-0.08132438361644745,-0.023581668734550476,-0.06297431141138077,-0.03749876469373703,0.07260148972272873,0.13155394792556763,0.007406092714518309,-0.0527457632124424,-0.08197436481714249
333,74,p75_b9,spectral_statistics,0.2444787472486496,0.07147876173257828,0.12687364220619202,-0.11785480380058289,0.0596371665596962,0.04357605800032616,-0.08124662190675735,0.06281686574220657,-0.04727575182914734,-0.030765781179070473,0.06448893994092941,0.12687364220619202,-0.08025205880403519
334,185,coh1_b3,coherence,0.24434438347816467,0.055188488215208054,0.17776259779930115,-0.07235723733901978,-0.04514831304550171,-0.13038881123065948,0.03394244611263275,-0.011592884548008442,0.019630709663033485,0.17776259779930115,-0.012254385277628899,-0.004200381692498922,0.04460711032152176
335,224,hog0_b4_o0,orientation_histogram,0.2419145554304123,0.059452079236507416,0.1618662178516388,0.07407984882593155,-0.04424034059047699,-0.1618662178516388,0.006199705880135298,0.13118618726730347,0.047341059893369675,0.03845363110303879,-0.057806048542261124,-0.019046898931264877,-0.014300815761089325
336,248,hog0_b10_o0,orientation_histogram,0.2408723384141922,0.06135577708482742,0.1457965224981308,-0.07798662036657333,0.002519001718610525,0.1457965224981308,0.04825129732489586,-0.03191911056637764,-0.062365952879190445,-0.13125205039978027,0.06307670474052429,-0.003255531657487154,0.04713493585586548
337,223,hog0_b3_o3,orientation_histogram,0.24018695950508118,0.05442824214696884,0.14192236959934235,-0.007045597769320011,0.10117801278829575,0.12658482789993286,0.003464226610958576,-0.007735094055533409,0.03303438425064087,0.007878287695348263,-0.14192236959934235,-0.09864134341478348,-0.016798267140984535
338,257,hog0_b12_o1,orientation_histogram,0.2393273115158081,0.06596498191356659,0.11192137748003006,0.10220745950937271,0.0612623505294323,-0.014258663170039654,0.012453989125788212,-0.10534707456827164,0.06157461181282997,-0.08036157488822937,-0.11192137748003006,0.09232653677463531,-0.01793621852993965
339,235,hog0_b6_o3,orientation_histogram,0.23861810564994812,0.06229618191719055,0.1405124068260193,-0.11828319728374481,-0.01959637738764286,-0.06573476642370224,-0.06868280470371246,0.0803513303399086,-0.012545502744615078,0.1405124068260193,0.011011525057256222,-0.02663908153772354,0.07960480451583862
340,110,g0std_b6,multiscale_gradients,0.23839612305164337,0.06502678245306015,0.14740002155303955,0.11982607841491699,-0.08923366665840149,-0.14740002155303955,-0.036856576800346375,-0.05164435878396034,0.031726788729429245,0.054064083844423294,0.03358409181237221,0.04518973454833031,0.040742427110672
341,231,hog0_b5_o3,orientation_histogram,0.2379578799009323,0.060070592910051346,0.14221231639385223,-0.017703039571642876,-0.08506245166063309,-0.00863657146692276,-0.11734654754400253,0.14221231639385223,-0.037500448524951935,0.06355021893978119,0.002999318530783057,-0.03410491719841957,0.0915900394320488
342,230,hog0_b5_o2,orientation_histogram,0.23658987879753113,0.052425969392061234,0.1792692244052887,-0.01169939711689949,-0.0475468747317791,-0.0357489213347435,0.1792692244052887,-0.03172725439071655,0.06520531326532364,-0.12035411596298218,-0.015053966082632542,0.013059227727353573,0.004595413338392973
343,300,ixspr_ndwi,index_texture,0.23624643683433533,0.06485222280025482,0.1236661970615387,0.025109076872467995,-0.030731506645679474,0.12145262211561203,-0.09367868304252625,0.02572089061141014,-0.0761854276061058,0.05418781563639641,-0.1236661970615387,0.07373633980751038,0.02405363880097866
344,383,tail_aniso_high_ndvi,region_shape,0.23378410935401917,0.06498654186725616,0.12471529841423035,-0.07350047677755356,0.109621562063694,-0.008031651377677917,-0.023903392255306244,-0.09532835334539413,-0.05490843579173088,-0.06926091760396957,0.049920786172151566,0.12471529841423035,0.04067464917898178
345,229,hog0_b5_o1,orientation_histogram,0.23375000059604645,0.06630557775497437,0.11855700612068176,-0.008490036241710186,0.06832624971866608,0.11443671584129333,0.037313271313905716,-0.11855700612068176,-0.09201296418905258,0.04539015516638756,-0.06458349525928497,0.06606128066778183,-0.047884609550237656
346,133,g1std_b3,multiscale_gradients,0.23354478180408478,0.061189163476228714,0.14317715167999268,0.09312329441308975,0.0006095434073358774,-0.05762775242328644,-0.0537729486823082,0.034982502460479736,-0.04592905193567276,0.08188095688819885,-0.14317715167999268,0.09534844011068344,-0.005439984146505594
347,260,fftpk_b0,spectral_peaks,0.2280765175819397,0.05602719262242317,0.12759117782115936,0.009931061416864395,-0.04375278949737549,-0.006686911918222904,-0.08112025260925293,0.11538363993167877,-0.04009947180747986,0.009031367488205433,0.018198831006884575,-0.10847639292478561,0.12759117782115936
348,4,mean_b4,spectral_statistics,0.22431205213069916,0.05793224647641182,0.12048511207103729,-0.06526799499988556,-0.10571803152561188,0.12048511207103729,0.0743294358253479,0.009156687185168266,0.009248475544154644,-0.10765250027179718,0.04249987378716469,0.03394024819135666,-0.011024133302271366
349,182,coh1_b0,coherence,0.22350557148456573,0.05523773282766342,0.13432130217552185,-0.13432130217552185,0.01682138442993164,0.014857925474643707,0.05689076706767082,0.03904681280255318,-0.1141144260764122,-0.027753593400120735,0.1084757074713707,0.031973280012607574,0.008122105151414871
350,205,oent_b10,orientation_entropy,0.22154483199119568,0.06278304010629654,0.10443086177110672,-0.10443086177110672,-0.029496753588318825,0.03553653508424759,-0.07926830649375916,-0.06863792985677719,0.09175967425107956,0.10344259440898895,0.014754213392734528,0.06842315196990967,-0.03208038583397865
351,35,p10_b9,spectral_statistics,0.2214932143688202,0.05700024962425232,0.12651917338371277,-0.04209539666771889,-0.0496554970741272,-0.0016212738119065762,0.05423290655016899,0.005922764539718628,0.08212514966726303,-0.08052761107683182,0.01619979739189148,0.12651917338371277,-0.11110294610261917
352,370,oent2_b6,orientation_entropy_scale2,0.21933168172836304,0.05278242379426956,0.16018791496753693,-0.009890574961900711,-0.048063259571790695,0.07132567465305328,0.16018791496753693,-0.0076673985458910465,-0.016483280807733536,-0.039228521287441254,-0.1018473282456398,-0.04073067754507065,0.03239959105849266
353,162,g2std_b6,multiscale_gradients,0.21718989312648773,0.053861331194639206,0.13716459274291992,-0.0002964277227874845,-0.03707108646631241,-0.07324034720659256,0.014073778875172138,-0.13716459274291992,-0.021535079926252365,0.04430685192346573,0.12113269418478012,0.05692588537931442,0.03286654129624367
354,190,coh1_b8,coherence,0.21643395721912384,0.058953214436769485,0.14138402044773102,0.03992730379104614,0.14138402044773102,0.02318904548883438,-0.021231113001704216,-0.07388423383235931,-0.06494346261024475,-0.042655251920223236,-0.03204609826207161,0.09026527404785156,-0.060006316751241684
355,252,hog0_b11_o0,orientation_histogram,0.216275155544281,0.057869862765073776,0.1016877070069313,0.08050912618637085,-0.091260626912117,0.004340222105383873,0.03037891536951065,-0.015358801931142807,-0.1016877070069313,0.010910794138908386,-0.08104240894317627,0.09645494073629379,0.06675513833761215
356,340,ixcoh_ndbi,index_coherence,0.2157125473022461,0.04956040903925896,0.1477690488100052,0.003752712393179536,-0.0825958400964737,-0.0880623385310173,-0.014187987893819809,0.011946010403335094,-0.06295565515756607,0.07581747323274612,0.0016997577622532845,0.1477690488100052,0.006817267742007971
357,341,ixcoh_ndmi,index_coherence,0.2157125473022461,0.04956040903925896,0.1477690488100052,0.003752712393179536,-0.0825958400964737,-0.0880623385310173,-0.014187987893819809,0.011946010403335094,-0.06295565515756607,0.07581747323274612,0.0016997577622532845,0.1477690488100052,0.006817267742007971
358,178,coh0_b9,coherence,0.21382078528404236,0.050792139023542404,0.16987885534763336,-0.16987885534763336,0.038364917039871216,0.06580293923616409,-0.011263837106525898,0.006514383014291525,-0.043432965874671936,0.04732440784573555,0.022518737241625786,-0.029385533183813095,0.07343482226133347
359,169,coh0_b0,coherence,0.21237601339817047,0.054236650466918945,0.10226267576217651,-0.10226267576217651,0.002124075312167406,-0.0062151746824383736,0.08295249938964844,0.0800357237458229,-0.098859041929245,-0.06384680420160294,0.08494607359170914,0.01426760759204626,0.006856847088783979
360,122,g1mean_b5,multiscale_gradients,0.2105809897184372,0.055483680218458176,0.11904332041740417,0.09110438823699951,-0.046167243272066116,0.02340545877814293,-0.10850058495998383,0.04206886515021324,-0.03387520834803581,0.11904332041740417,-0.02783362567424774,0.0017957065720111132,-0.06104239448904991
361,375,oent2_b11,orientation_entropy_scale2,0.2078629583120346,0.041989825665950775,0.1761585921049118,-0.00429345341399312,-0.06793186068534851,-0.026856454089283943,0.1761585921049118,-0.04054423049092293,0.005485995206981897,-0.06836703419685364,0.019996944814920425,-0.0019547489937394857,0.008308975957334042
362,259,hog0_b12_o3,orientation_histogram,0.20608386397361755,0.055333733558654785,0.10324572026729584,-0.10065428912639618,-0.05767301842570305,-0.050380002707242966,0.031161069869995117,0.10324572026729584,0.0023898815270513296,0.05420040711760521,-0.06796237826347351,0.000336684868671,0.08533388376235962
363,130,g1std_b0,multiscale_gradients,0.20516905188560486,0.05571593716740608,0.11219264566898346,-0.09801148623228073,-0.05165530741214752,0.000449647253844887,0.0678541511297226,-0.11219264566898346,0.05515078455209732,0.0320175439119339,0.08031904697418213,0.042787306010723114,-0.016721470281481743
364,61,p50_b9,spectral_statistics,0.204194575548172,0.04813282564282417,0.12508834898471832,-0.005340849049389362,0.032657425850629807,0.028041457757353783,0.09461094439029694,0.015732545405626297,0.05132095888257027,-0.12508834898471832,0.006429078057408333,0.011869790963828564,-0.11023685336112976
365,136,g1std_b6,multiscale_gradients,0.20340703427791595,0.05515872314572334,0.11091805249452591,0.1064467653632164,-0.0722290650010109,-0.11091805249452591,-0.027533065527677536,-0.06511402130126953,0.004297320730984211,0.020571604371070862,0.0552034005522728,0.04972436651587486,0.039549570530653
366,188,coh1_b6,coherence,0.20078688859939575,0.04379440099000931,0.17061392962932587,0.0015731875319033861,0.05421222746372223,-0.02839631773531437,-0.17061392962932587,-0.019962124526500702,0.04968101158738136,0.05323878303170204,0.010295783169567585,0.03917824849486351,0.010792366228997707
367,9,mean_b9,spectral_statistics,0.20038211345672607,0.054071903228759766,0.10443390160799026,-0.07365283370018005,0.03327061980962753,-0.005001458805054426,0.036397844552993774,-0.005822264589369297,0.06693625450134277,-0.08145074546337128,0.04166211560368538,0.09209097176790237,-0.10443390160799026
368,374,oent2_b10,orientation_entropy_scale2,0.20026016235351562,0.05113180726766586,0.12483134865760803,0.06085893511772156,-0.07514510303735733,-0.03647077456116676,0.037102267146110535,-0.03310057148337364,0.005548559594899416,0.12483134865760803,-0.008368678390979767,-0.10257276892662048,0.027319088578224182
369,96,g0mean_b5,multiscale_gradients,0.19842928647994995,0.05059162527322769,0.12881913781166077,0.06957352161407471,-0.04727857559919357,0.005631079897284508,-0.09038468450307846,0.04893382638692856,-0.01961641199886799,0.12881913781166077,-0.010945647023618221,-0.019850367680191994,-0.06488300114870071
370,369,oent2_b5,orientation_entropy_scale2,0.19409091770648956,0.04821322113275528,0.11543077230453491,-0.0913982167840004,-0.009174253791570663,0.05088828131556511,0.04349353909492493,0.0033561454620212317,0.011070799082517624,0.09711191058158875,-0.11543077230453491,-0.025061892345547676,0.03514638915657997
371,104,g0std_b0,multiscale_gradients,0.19082650542259216,0.052806705236434937,0.10411608964204788,-0.10411608964204788,-0.052034664899110794,-0.006618562154471874,0.07663842290639877,-0.08695609122514725,0.05231110379099846,0.030559904873371124,0.05729835107922554,0.04722451791167259,-0.014309337362647057
372,244,hog0_b9_o0,orientation_histogram,0.18641136586666107,0.049892768263816833,0.11087265610694885,0.09261556714773178,-0.05254260078072548,-0.11087265610694885,-0.016208991408348083,0.03403789550065994,0.00797002762556076,0.023337433114647865,0.04926355928182602,0.042239706963300705,-0.06983926892280579
373,90,p90_b12,spectral_statistics,0.18339818716049194,0.046566836535930634,0.12510579824447632,0.09381391108036041,0.040505651384592056,0.030334673821926117,-0.04107702150940895,-0.04683371260762215,0.023722326382994652,-0.011518178507685661,-0.008299610577523708,0.04445749148726463,-0.12510579824447632
374,19,std_b6,spectral_statistics,0.18273864686489105,0.049880482256412506,0.1219029426574707,0.047201089560985565,-0.06797530502080917,0.013418011367321014,0.1219029426574707,0.028767995536327362,-0.06015043705701828,0.038111500442028046,-0.019062675535678864,-0.0541875846683979,-0.04802727699279785
375,228,hog0_b5_o0,orientation_histogram,0.18147023022174835,0.05121555179357529,0.09539618343114853,0.035397179424762726,0.05281781777739525,-0.0738549679517746,-0.09539618343114853,0.018358765169978142,0.06632991135120392,0.007371485698968172,0.07580246031284332,-0.04710666090250015,-0.03972011059522629
376,246,hog0_b9_o2,orientation_histogram,0.1810051053762436,0.041073013097047806,0.13048608601093292,-0.03977470472455025,0.004242637660354376,0.09635146707296371,-0.02921079471707344,0.02551928535103798,0.010466382838785648,-0.00589369609951973,0.05486346781253815,-0.13048608601093292,0.013921605423092842
377,233,hog0_b6_o1,orientation_histogram,0.18061068654060364,0.04926994442939758,0.10178501904010773,0.10178501904010773,0.043747320771217346,-0.0034498374443501234,0.027200426906347275,-0.0750797763466835,0.016205305233597755,-0.07323165237903595,-0.06406332552433014,0.05741136521100998,-0.030525419861078262
378,186,coh1_b4,coherence,0.1744740605354309,0.04047560319304466,0.11389157921075821,-0.027988098561763763,0.05090143531560898,0.010506692342460155,-0.001655253698118031,-0.11389157921075821,0.01778336986899376,0.10523809492588043,-0.04581955075263977,0.017947837710380554,-0.013024114072322845
379,192,coh1_b10,coherence,0.17218631505966187,0.04599576070904732,0.08556503057479858,-0.08556503057479858,0.0753600150346756,-0.027508804574608803,-0.07961317151784897,-0.034600768238306046,0.07250671833753586,0.021574942395091057,-0.0026915438938885927,0.050182223320007324,0.01035436149686575
380,256,hog0_b12_o0,orientation_histogram,0.1694866120815277,0.040804389864206314,0.1224374994635582,0.025882352143526077,0.03301277011632919,-0.0071440828032791615,-0.0678722932934761,0.011733761057257652,-0.011740371584892273,0.010955448262393475,0.1224374994635582,-0.0634404793381691,-0.05382484197616577
381,367,oent2_b3,orientation_entropy_scale2,0.1654309630393982,0.04202570393681526,0.09787669032812119,0.021760208532214165,0.0179312564432621,0.0791480541229248,-0.09787669032812119,0.03405075520277023,0.04716169461607933,-0.08170560747385025,-0.008181917481124401,-0.0223633274435997,0.010077505372464657
382,175,coh0_b6,coherence,0.15926943719387054,0.03816986083984375,0.11963120102882385,-0.03846333548426628,0.03391260281205177,0.11963120102882385,-0.01352251973003149,-0.07485593855381012,-0.028276970610022545,-0.011285885237157345,-0.024445051327347755,0.03312686085700989,0.004178266506642103
383,232,hog0_b6_o0,orientation_histogram,0.15865406394004822,0.04425260052084923,0.08853943645954132,0.020134184509515762,0.021656949073076248,0.05028408393263817,0.06792639195919037,-0.013872548006474972,-0.019543765112757683,-0.08853943645954132,0.061261095106601715,-0.05497655272483826,-0.044331006705760956
384,20,std_b7,spectral_statistics,0.1536298394203186,0.04241849482059479,0.08718157559633255,-0.02391507662832737,-0.023423178121447563,0.022686664015054703,0.08718157559633255,0.0163714662194252,-0.0821118950843811,0.03195362910628319,0.05389859899878502,-0.03859772905707359,-0.04404513165354729
385,247,hog0_b9_o3,orientation_histogram,0.1516006588935852,0.03740997239947319,0.10814585536718369,-0.0383097380399704,-0.004071004688739777,-0.027913544327020645,-0.10814585536718369,0.040717244148254395,0.07091003656387329,0.040601421147584915,-0.008611653931438923,0.019519595429301262,0.01529961172491312
386,387,tail_aniso_high_ndbi,region_shape,0.140672504901886,0.03728573024272919,0.0793784037232399,0.03685776889324188,-0.0793784037232399,0.008914404548704624,0.04832702502608299,0.0008105240995064378,0.011161270551383495,-0.05284193158149719,-0.05420909449458122,0.05792132765054703,0.022435542196035385
387,258,hog0_b12_o2,orientation_histogram,0.1329771727323532,0.03602626919746399,0.07286419719457626,-0.039619769901037216,-0.045262422412633896,0.07286419719457626,0.029038727283477783,-0.00014236485003493726,-0.0565069243311882,0.021941937506198883,0.05628586560487747,-0.03203750029206276,-0.006563007831573486
388,226,hog0_b4_o2,orientation_histogram,0.12334825098514557,0.03010861948132515,0.07695849239826202,0.008682159706950188,0.006685127504169941,0.047347042709589005,-0.019213343039155006,-0.07695849239826202,0.0020081379916518927,0.055943090468645096,-0.054372020065784454,0.011407931335270405,0.018468821421265602
389,234,hog0_b6_o2,orientation_histogram,0.0827193483710289,0.021992119029164314,0.05147567763924599,-0.015269344672560692,-0.05147567763924599,0.014089588075876236,-0.03528667613863945,0.01700638420879841,0.016020234674215317,0.036571431905031204,-0.007929530926048756,0.023733235895633698,0.002539083594456315
