family,feature,model,physical_definition,position,r2,representation,variant
lbp,lbp2uni_ndbi,resnet50,legacy alias: (B12 - B08) / (B12 + B08 + epsilon),0,0.749772349883614,frontier33,original
index_texture,ixgs_nbr,resnet50,legacy alias: (B08 - B8A) / (B08 + B8A + epsilon),1,0.8123462838385123,frontier33,original
harris_corners,corn2frac_ndvi,resnet50,(B08 - B04) / (B08 + B04 + epsilon),2,0.8596824154630927,frontier33,original
index_texture,ixgs_ndwi,resnet50,(B03 - B08) / (B03 + B08 + epsilon),3,0.8198817824272586,frontier33,original
multiscale_gradients,g2mean_b1,resnet50,B02,4,0.8724443240383466,frontier33,original
multiscale_gradients,g0mean_b3,resnet50,B04,5,0.8877861958856755,frontier33,original
multiscale_gradients,g2mean_b2,resnet50,B03,6,0.8760895034632391,frontier33,original
index_texture_scale2,ix2std_nbr,resnet50,legacy alias: (B08 - B8A) / (B08 + B8A + epsilon),7,0.8052060385006363,frontier33,original
orientation_entropy,oent_b11,resnet50,B12,8,0.7273961696393434,frontier33,original
orientation_entropy,oent_b0,resnet50,B01,9,0.7177269878494197,frontier33,original
index_texture,ixgs_bsi,resnet50,legacy alias: ((B12 + B04) - (B08 + B02)) / ((B12 + B04) + (B08 + B02) + epsilon),10,0.8278469486482853,frontier33,original
spectral_statistics,p75_b10,resnet50,B11,11,0.8562509999182242,frontier33,original
spectral_statistics,p10_b11,resnet50,B12,12,0.7904768590575921,frontier33,original
harris_corners,corn2mag_ndvi,resnet50,(B08 - B04) / (B08 + B04 + epsilon),13,0.8498371995806049,frontier33,original
index_texture,ixgm_ndvi,resnet50,(B08 - B04) / (B08 + B04 + epsilon),14,0.8554939606872015,frontier33,original
spectral_statistics,p90_b8,resnet50,B09,15,0.7940160504560385,frontier33,original
index_texture,ixgm_nbr,resnet50,legacy alias: (B08 - B8A) / (B08 + B8A + epsilon),16,0.8480017353686597,frontier33,original
lbp,lbp2uni_ndvi,resnet50,(B08 - B04) / (B08 + B04 + epsilon),17,0.728941463699942,frontier33,original
multiscale_gradients,g0mean_b4,resnet50,B05,18,0.8789194001896432,frontier33,original
spectral_statistics,std_b4,resnet50,B05,19,0.8027033754973759,frontier33,original
hough_lines,linet3_ndvi,resnet50,(B08 - B04) / (B08 + B04 + epsilon),20,0.6541833390127649,frontier33,original
spectral_statistics,p10_b3,resnet50,B04,21,0.7545198435100984,frontier33,original
spectral_statistics,p50_b11,resnet50,B12,22,0.8186321950334741,frontier33,original
orientation_entropy,oent_b2,resnet50,B03,23,0.4474300401693819,frontier33,original
spectral_statistics,p75_b3,resnet50,B04,24,0.8375062964923188,frontier33,original
blobs,blob2lrg_ndvi,resnet50,(B08 - B04) / (B08 + B04 + epsilon),25,0.2097265950663526,frontier33,original
harris_corners,corn2frac_pan,resnet50,mean of all 13 TIFF channels; B10 fixed to zero in b10_zeroed variant,26,0.9206579574349695,frontier33,original
index_texture,ixgm_ndbi,resnet50,legacy alias: (B12 - B08) / (B12 + B08 + epsilon),27,0.8553600107106809,frontier33,original
spectral_statistics,p75_b0,resnet50,B01,28,0.7785384411651965,frontier33,original
spectral_statistics,p10_b6,resnet50,B07,29,0.7731275616547283,frontier33,original
orientation_entropy_scale2,oent2_b1,resnet50,B02,30,0.3663883383458988,frontier33,original
spectral_statistics,mean_b2,resnet50,B03,31,0.8410069379225039,frontier33,original
region_shape,tail_aniso_low_ndvi,resnet50,(B08 - B04) / (B08 + B04 + epsilon),32,0.3545073989801458,frontier33,original
spectral_statistics,mean_b0,resnet50,B01,0,0.7679330502838626,pool377,original
spectral_statistics,mean_b1,resnet50,B02,1,0.8174397470850343,pool377,original
spectral_statistics,mean_b2,resnet50,B03,2,0.8410069379225039,pool377,original
spectral_statistics,mean_b3,resnet50,B04,3,0.8507634021252449,pool377,original
spectral_statistics,mean_b4,resnet50,B05,4,0.8542944967439486,pool377,original
spectral_statistics,mean_b5,resnet50,B06,5,0.8091270816260888,pool377,original
spectral_statistics,mean_b6,resnet50,B07,6,0.7962944832438088,pool377,original
spectral_statistics,mean_b7,resnet50,B08,7,0.7980638907827289,pool377,original
spectral_statistics,mean_b8,resnet50,B09,8,0.7800373720988841,pool377,original
spectral_statistics,mean_b9,resnet50,B10,9,0.6216803779295692,pool377,original
spectral_statistics,mean_b10,resnet50,B11,10,0.8596936807916157,pool377,original
spectral_statistics,mean_b11,resnet50,B12,11,0.8436145128855439,pool377,original
spectral_statistics,mean_b12,resnet50,B8A,12,0.8053322311324044,pool377,original
spectral_statistics,std_b0,resnet50,B01,13,0.7305070214372498,pool377,original
spectral_statistics,std_b1,resnet50,B02,14,0.8272530465080334,pool377,original
spectral_statistics,std_b2,resnet50,B03,15,0.8360254907661707,pool377,original
spectral_statistics,std_b3,resnet50,B04,16,0.8241013941896473,pool377,original
spectral_statistics,std_b4,resnet50,B05,17,0.8027033754973759,pool377,original
spectral_statistics,std_b5,resnet50,B06,18,0.8049154776913675,pool377,original
spectral_statistics,std_b6,resnet50,B07,19,0.8108165438626203,pool377,original
spectral_statistics,std_b7,resnet50,B08,20,0.8231754670508935,pool377,original
spectral_statistics,std_b8,resnet50,B09,21,0.7058948735464783,pool377,original
spectral_statistics,std_b9,resnet50,B10,22,0.4633607013687503,pool377,original
spectral_statistics,std_b10,resnet50,B11,23,0.7586692010324038,pool377,original
spectral_statistics,std_b11,resnet50,B12,24,0.7447854178965225,pool377,original
spectral_statistics,std_b12,resnet50,B8A,25,0.8139474880290453,pool377,original
spectral_statistics,p10_b0,resnet50,B01,26,0.6950891574258662,pool377,original
spectral_statistics,p10_b1,resnet50,B02,27,0.7125955765902905,pool377,original
spectral_statistics,p10_b2,resnet50,B03,28,0.7738042214902958,pool377,original
spectral_statistics,p10_b3,resnet50,B04,29,0.7545198435100984,pool377,original
spectral_statistics,p10_b4,resnet50,B05,30,0.803026896730791,pool377,original
spectral_statistics,p10_b5,resnet50,B06,31,0.7870707723904689,pool377,original
spectral_statistics,p10_b6,resnet50,B07,32,0.7731275616547283,pool377,original
spectral_statistics,p10_b7,resnet50,B08,33,0.7696812458583777,pool377,original
spectral_statistics,p10_b8,resnet50,B09,34,0.7430786115619171,pool377,original
spectral_statistics,p10_b9,resnet50,B10,35,0.6157894548597702,pool377,original
spectral_statistics,p10_b10,resnet50,B11,36,0.8183779177893475,pool377,original
spectral_statistics,p10_b11,resnet50,B12,37,0.7904768590575921,pool377,original
spectral_statistics,p10_b12,resnet50,B8A,38,0.7813730855332908,pool377,original
spectral_statistics,p25_b0,resnet50,B01,39,0.7233695516587226,pool377,original
spectral_statistics,p25_b1,resnet50,B02,40,0.7434911395196474,pool377,original
spectral_statistics,p25_b2,resnet50,B03,41,0.7900303470605746,pool377,original
spectral_statistics,p25_b3,resnet50,B04,42,0.7862888964311211,pool377,original
spectral_statistics,p25_b4,resnet50,B05,43,0.8169023949775535,pool377,original
spectral_statistics,p25_b5,resnet50,B06,44,0.7852026096283042,pool377,original
spectral_statistics,p25_b6,resnet50,B07,45,0.7686309530479585,pool377,original
spectral_statistics,p25_b7,resnet50,B08,46,0.766571973851722,pool377,original
spectral_statistics,p25_b8,resnet50,B09,47,0.7570431698161756,pool377,original
spectral_statistics,p25_b9,resnet50,B10,48,0.6228267854998455,pool377,original
spectral_statistics,p25_b10,resnet50,B11,49,0.8250803808131515,pool377,original
spectral_statistics,p25_b11,resnet50,B12,50,0.8031137602995206,pool377,original
spectral_statistics,p25_b12,resnet50,B8A,51,0.7782406850475683,pool377,original
spectral_statistics,p50_b0,resnet50,B01,52,0.7545150971728739,pool377,original
spectral_statistics,p50_b1,resnet50,B02,53,0.779940652791188,pool377,original
spectral_statistics,p50_b2,resnet50,B03,54,0.8088096660117363,pool377,original
spectral_statistics,p50_b3,resnet50,B04,55,0.816851204678246,pool377,original
spectral_statistics,p50_b4,resnet50,B05,56,0.8341246635263808,pool377,original
spectral_statistics,p50_b5,resnet50,B06,57,0.7874477521821872,pool377,original
spectral_statistics,p50_b6,resnet50,B07,58,0.7716395404634306,pool377,original
spectral_statistics,p50_b7,resnet50,B08,59,0.7725398543709301,pool377,original
spectral_statistics,p50_b8,resnet50,B09,60,0.7737642471861611,pool377,original
spectral_statistics,p50_b9,resnet50,B10,61,0.6209967335628164,pool377,original
spectral_statistics,p50_b10,resnet50,B11,62,0.8410438998856018,pool377,original
spectral_statistics,p50_b11,resnet50,B12,63,0.8186321950334741,pool377,original
spectral_statistics,p50_b12,resnet50,B8A,64,0.7831219939200817,pool377,original
spectral_statistics,p75_b0,resnet50,B01,65,0.7785384411651965,pool377,original
spectral_statistics,p75_b1,resnet50,B02,66,0.8042874793542818,pool377,original
spectral_statistics,p75_b2,resnet50,B03,67,0.8248324176599907,pool377,original
spectral_statistics,p75_b3,resnet50,B04,68,0.8375062964923188,pool377,original
spectral_statistics,p75_b4,resnet50,B05,69,0.8490784847661443,pool377,original
spectral_statistics,p75_b5,resnet50,B06,70,0.8016716140567326,pool377,original
spectral_statistics,p75_b6,resnet50,B07,71,0.7919110913258139,pool377,original
spectral_statistics,p75_b7,resnet50,B08,72,0.7957443929491479,pool377,original
spectral_statistics,p75_b8,resnet50,B09,73,0.7887844429398225,pool377,original
spectral_statistics,p75_b9,resnet50,B10,74,0.6044104624217418,pool377,original
spectral_statistics,p75_b10,resnet50,B11,75,0.8562509999182242,pool377,original
spectral_statistics,p75_b11,resnet50,B12,76,0.835849668963372,pool377,original
spectral_statistics,p75_b12,resnet50,B8A,77,0.8025609844729142,pool377,original
spectral_statistics,p90_b0,resnet50,B01,78,0.7942703945420464,pool377,original
spectral_statistics,p90_b1,resnet50,B02,79,0.8355698696110384,pool377,original
spectral_statistics,p90_b2,resnet50,B03,80,0.8443896083161611,pool377,original
spectral_statistics,p90_b3,resnet50,B04,81,0.8514430805109612,pool377,original
spectral_statistics,p90_b4,resnet50,B05,82,0.8539277342018632,pool377,original
spectral_statistics,p90_b5,resnet50,B06,83,0.8120585379669808,pool377,original
spectral_statistics,p90_b6,resnet50,B07,84,0.8071054123574768,pool377,original
spectral_statistics,p90_b7,resnet50,B08,85,0.8134829016503367,pool377,original
spectral_statistics,p90_b8,resnet50,B09,86,0.7940160504560385,pool377,original
spectral_statistics,p90_b9,resnet50,B10,87,0.596993723109662,pool377,original
spectral_statistics,p90_b10,resnet50,B11,88,0.860502733238388,pool377,original
spectral_statistics,p90_b11,resnet50,B12,89,0.8403071777439092,pool377,original
spectral_statistics,p90_b12,resnet50,B8A,90,0.8158071053791179,pool377,original
multiscale_gradients,g0mean_b0,resnet50,B01,91,0.8238450843568961,pool377,original
multiscale_gradients,g0mean_b1,resnet50,B02,92,0.8870903664727255,pool377,original
multiscale_gradients,g0mean_b2,resnet50,B03,93,0.8909548195301198,pool377,original
multiscale_gradients,g0mean_b3,resnet50,B04,94,0.8877861958856755,pool377,original
multiscale_gradients,g0mean_b4,resnet50,B05,95,0.8789194001896432,pool377,original
multiscale_gradients,g0mean_b5,resnet50,B06,96,0.861202433499388,pool377,original
multiscale_gradients,g0mean_b6,resnet50,B07,97,0.8560448716994827,pool377,original
multiscale_gradients,g0mean_b7,resnet50,B08,98,0.8804127050010951,pool377,original
multiscale_gradients,g0mean_b8,resnet50,B09,99,0.7971879258213157,pool377,original
multiscale_gradients,g0mean_b9,resnet50,B10,100,0.6251259481743252,pool377,original
multiscale_gradients,g0mean_b10,resnet50,B11,101,0.8379770611388635,pool377,original
multiscale_gradients,g0mean_b11,resnet50,B12,102,0.8377054346228101,pool377,original
multiscale_gradients,g0mean_b12,resnet50,B8A,103,0.8574351456866891,pool377,original
multiscale_gradients,g0std_b0,resnet50,B01,104,0.6971576036474665,pool377,original
multiscale_gradients,g0std_b1,resnet50,B02,105,0.7781545296409338,pool377,original
multiscale_gradients,g0std_b2,resnet50,B03,106,0.8000292326924084,pool377,original
multiscale_gradients,g0std_b3,resnet50,B04,107,0.7998294492295803,pool377,original
multiscale_gradients,g0std_b4,resnet50,B05,108,0.7954014616009879,pool377,original
multiscale_gradients,g0std_b5,resnet50,B06,109,0.7917783700399987,pool377,original
multiscale_gradients,g0std_b6,resnet50,B07,110,0.8096258523856155,pool377,original
multiscale_gradients,g0std_b7,resnet50,B08,111,0.7910469088601495,pool377,original
multiscale_gradients,g0std_b8,resnet50,B09,112,0.6151008568673546,pool377,original
multiscale_gradients,g0std_b9,resnet50,B10,113,0.503825770303366,pool377,original
multiscale_gradients,g0std_b10,resnet50,B11,114,0.6952451661581294,pool377,original
multiscale_gradients,g0std_b11,resnet50,B12,115,0.689674792609271,pool377,original
multiscale_gradients,g0std_b12,resnet50,B8A,116,0.817559875607891,pool377,original
multiscale_gradients,g1mean_b0,resnet50,B01,117,0.8231634456870149,pool377,original
multiscale_gradients,g1mean_b1,resnet50,B02,118,0.8861006198689071,pool377,original
multiscale_gradients,g1mean_b2,resnet50,B03,119,0.8899254169906853,pool377,original
multiscale_gradients,g1mean_b3,resnet50,B04,120,0.8859536259428322,pool377,original
multiscale_gradients,g1mean_b4,resnet50,B05,121,0.8756630469316387,pool377,original
multiscale_gradients,g1mean_b5,resnet50,B06,122,0.8574582586354801,pool377,original
multiscale_gradients,g1mean_b6,resnet50,B07,123,0.8532043419149371,pool377,original
multiscale_gradients,g1mean_b7,resnet50,B08,124,0.8686162360285451,pool377,original
multiscale_gradients,g1mean_b8,resnet50,B09,125,0.7981704803929768,pool377,original
multiscale_gradients,g1mean_b9,resnet50,B10,126,0.6142067665566386,pool377,original
multiscale_gradients,g1mean_b10,resnet50,B11,127,0.8347556995456886,pool377,original
multiscale_gradients,g1mean_b11,resnet50,B12,128,0.8342443512671244,pool377,original
multiscale_gradients,g1mean_b12,resnet50,B8A,129,0.8551477764890805,pool377,original
multiscale_gradients,g1std_b0,resnet50,B01,130,0.7025524747815659,pool377,original
multiscale_gradients,g1std_b1,resnet50,B02,131,0.7950711505366408,pool377,original
multiscale_gradients,g1std_b2,resnet50,B03,132,0.8208214846272318,pool377,original
multiscale_gradients,g1std_b3,resnet50,B04,133,0.8119974644638311,pool377,original
multiscale_gradients,g1std_b4,resnet50,B05,134,0.798372393478913,pool377,original
multiscale_gradients,g1std_b5,resnet50,B06,135,0.7964060525041732,pool377,original
multiscale_gradients,g1std_b6,resnet50,B07,136,0.8133738866811477,pool377,original
multiscale_gradients,g1std_b7,resnet50,B08,137,0.8036505794425399,pool377,original
multiscale_gradients,g1std_b8,resnet50,B09,138,0.6241714475391817,pool377,original
multiscale_gradients,g1std_b9,resnet50,B10,139,0.36862155883851766,pool377,original
multiscale_gradients,g1std_b10,resnet50,B11,140,0.6970216250979016,pool377,original
multiscale_gradients,g1std_b11,resnet50,B12,141,0.687972989858459,pool377,original
multiscale_gradients,g1std_b12,resnet50,B8A,142,0.8199636498726188,pool377,original
multiscale_gradients,g2mean_b0,resnet50,B01,143,0.819527385603193,pool377,original
multiscale_gradients,g2mean_b1,resnet50,B02,144,0.8724443240383466,pool377,original
multiscale_gradients,g2mean_b2,resnet50,B03,145,0.8760895034632391,pool377,original
multiscale_gradients,g2mean_b3,resnet50,B04,146,0.8699073659874207,pool377,original
multiscale_gradients,g2mean_b4,resnet50,B05,147,0.8633608155600109,pool377,original
multiscale_gradients,g2mean_b5,resnet50,B06,148,0.8463950298462605,pool377,original
multiscale_gradients,g2mean_b6,resnet50,B07,149,0.8455720342323052,pool377,original
multiscale_gradients,g2mean_b7,resnet50,B08,150,0.8499745485912558,pool377,original
multiscale_gradients,g2mean_b8,resnet50,B09,151,0.7994333571422421,pool377,original
multiscale_gradients,g2mean_b9,resnet50,B10,152,0.607126271626437,pool377,original
multiscale_gradients,g2mean_b10,resnet50,B11,153,0.8241928310818977,pool377,original
multiscale_gradients,g2mean_b11,resnet50,B12,154,0.8219351696694145,pool377,original
multiscale_gradients,g2mean_b12,resnet50,B8A,155,0.8486909263057927,pool377,original
multiscale_gradients,g2std_b0,resnet50,B01,156,0.7091477328531854,pool377,original
multiscale_gradients,g2std_b1,resnet50,B02,157,0.7797840843953423,pool377,original
multiscale_gradients,g2std_b2,resnet50,B03,158,0.8101448370128368,pool377,original
multiscale_gradients,g2std_b3,resnet50,B04,159,0.8093147311663428,pool377,original
multiscale_gradients,g2std_b4,resnet50,B05,160,0.8025214470152782,pool377,original
multiscale_gradients,g2std_b5,resnet50,B06,161,0.804228492726237,pool377,original
multiscale_gradients,g2std_b6,resnet50,B07,162,0.8164283520050222,pool377,original
multiscale_gradients,g2std_b7,resnet50,B08,163,0.7992633179695254,pool377,original
multiscale_gradients,g2std_b8,resnet50,B09,164,0.6441725004363335,pool377,original
multiscale_gradients,g2std_b9,resnet50,B10,165,0.43988796994596513,pool377,original
multiscale_gradients,g2std_b10,resnet50,B11,166,0.7028924570467012,pool377,original
multiscale_gradients,g2std_b11,resnet50,B12,167,0.6862250441906852,pool377,original
multiscale_gradients,g2std_b12,resnet50,B8A,168,0.8194076051215854,pool377,original
coherence,coh0_b0,resnet50,B01,169,0.3891156146190726,pool377,original
coherence,coh0_b1,resnet50,B02,170,0.3022505186026846,pool377,original
coherence,coh0_b2,resnet50,B03,171,0.3163003582680525,pool377,original
coherence,coh0_b3,resnet50,B04,172,0.3297765517326826,pool377,original
coherence,coh0_b4,resnet50,B05,173,0.596465308742495,pool377,original
coherence,coh0_b5,resnet50,B06,174,0.6179278480195856,pool377,original
coherence,coh0_b6,resnet50,B07,175,0.6065261275945055,pool377,original
coherence,coh0_b7,resnet50,B08,176,0.3676095804340319,pool377,original
coherence,coh0_b8,resnet50,B09,177,0.551743568787321,pool377,original
coherence,coh0_b9,resnet50,B10,178,-0.03024362349169829,pool377,original
coherence,coh0_b10,resnet50,B11,179,0.6260354596655524,pool377,original
coherence,coh0_b11,resnet50,B12,180,0.5799290791889249,pool377,original
coherence,coh0_b12,resnet50,B8A,181,0.615049346379211,pool377,original
coherence,coh1_b0,resnet50,B01,182,0.37838558403449096,pool377,original
coherence,coh1_b1,resnet50,B02,183,0.24896983886464452,pool377,original
coherence,coh1_b2,resnet50,B03,184,0.26363225172571947,pool377,original
coherence,coh1_b3,resnet50,B04,185,0.25129018164383143,pool377,original
coherence,coh1_b4,resnet50,B05,186,0.5263679032938556,pool377,original
coherence,coh1_b5,resnet50,B06,187,0.5589976345809178,pool377,original
coherence,coh1_b6,resnet50,B07,188,0.550397087321502,pool377,original
coherence,coh1_b7,resnet50,B08,189,0.3161633170137029,pool377,original
coherence,coh1_b8,resnet50,B09,190,0.5378641126436537,pool377,original
coherence,coh1_b9,resnet50,B10,191,0.020651308859665485,pool377,original
coherence,coh1_b10,resnet50,B11,192,0.5820666370457501,pool377,original
coherence,coh1_b11,resnet50,B12,193,0.5300023210760753,pool377,original
coherence,coh1_b12,resnet50,B8A,194,0.5601895695529739,pool377,original
orientation_entropy,oent_b0,resnet50,B01,195,0.7177269878494197,pool377,original
orientation_entropy,oent_b1,resnet50,B02,196,0.40083914128128273,pool377,original
orientation_entropy,oent_b2,resnet50,B03,197,0.4474300401693819,pool377,original
orientation_entropy,oent_b3,resnet50,B04,198,0.4914639082929053,pool377,original
orientation_entropy,oent_b4,resnet50,B05,199,0.7233279605699472,pool377,original
orientation_entropy,oent_b5,resnet50,B06,200,0.7213822485798664,pool377,original
orientation_entropy,oent_b6,resnet50,B07,201,0.7191533742158405,pool377,original
orientation_entropy,oent_b7,resnet50,B08,202,0.49614709080510155,pool377,original
orientation_entropy,oent_b8,resnet50,B09,203,0.7791457151235016,pool377,original
orientation_entropy,oent_b9,resnet50,B10,204,0.03262148571296086,pool377,original
orientation_entropy,oent_b10,resnet50,B11,205,0.7493980954736063,pool377,original
orientation_entropy,oent_b11,resnet50,B12,206,0.7273961696393434,pool377,original
orientation_entropy,oent_b12,resnet50,B8A,207,0.7177345776351352,pool377,original
orientation_histogram,hog0_b0_o0,resnet50,B01,208,0.34134483580955877,pool377,original
orientation_histogram,hog0_b0_o1,resnet50,B01,209,0.2483484186327064,pool377,original
orientation_histogram,hog0_b0_o2,resnet50,B01,210,0.30042117476839003,pool377,original
orientation_histogram,hog0_b0_o3,resnet50,B01,211,0.3596917573818097,pool377,original
orientation_histogram,hog0_b1_o0,resnet50,B02,212,0.3597666547015066,pool377,original
orientation_histogram,hog0_b1_o1,resnet50,B02,213,0.31451961038696263,pool377,original
orientation_histogram,hog0_b1_o2,resnet50,B02,214,0.288037590764761,pool377,original
orientation_histogram,hog0_b1_o3,resnet50,B02,215,0.31594783486910194,pool377,original
orientation_histogram,hog0_b2_o0,resnet50,B03,216,0.3636225311309399,pool377,original
orientation_histogram,hog0_b2_o1,resnet50,B03,217,0.33970187497205606,pool377,original
orientation_histogram,hog0_b2_o2,resnet50,B03,218,0.29205811589204955,pool377,original
orientation_histogram,hog0_b2_o3,resnet50,B03,219,0.3375315883919241,pool377,original
orientation_histogram,hog0_b3_o0,resnet50,B04,220,0.34531685117274935,pool377,original
orientation_histogram,hog0_b3_o1,resnet50,B04,221,0.2981275676027155,pool377,original
orientation_histogram,hog0_b3_o2,resnet50,B04,222,0.2678841807275555,pool377,original
orientation_histogram,hog0_b3_o3,resnet50,B04,223,0.31130253188480694,pool377,original
orientation_histogram,hog0_b4_o0,resnet50,B05,224,0.3006543648991833,pool377,original
orientation_histogram,hog0_b4_o1,resnet50,B05,225,0.31427861583991523,pool377,original
orientation_histogram,hog0_b4_o2,resnet50,B05,226,0.27520806274930487,pool377,original
orientation_histogram,hog0_b4_o3,resnet50,B05,227,0.31605753826429883,pool377,original
orientation_histogram,hog0_b5_o0,resnet50,B06,228,0.2843641299841415,pool377,original
orientation_histogram,hog0_b5_o1,resnet50,B06,229,0.3137529572260145,pool377,original
orientation_histogram,hog0_b5_o2,resnet50,B06,230,0.2578121728675342,pool377,original
orientation_histogram,hog0_b5_o3,resnet50,B06,231,0.3057141910520874,pool377,original
orientation_histogram,hog0_b6_o0,resnet50,B07,232,0.280668545565273,pool377,original
orientation_histogram,hog0_b6_o1,resnet50,B07,233,0.31084201443070736,pool377,original
orientation_histogram,hog0_b6_o2,resnet50,B07,234,0.252269942757851,pool377,original
orientation_histogram,hog0_b6_o3,resnet50,B07,235,0.30522512505595645,pool377,original
orientation_histogram,hog0_b7_o0,resnet50,B08,236,0.40643803189734196,pool377,original
orientation_histogram,hog0_b7_o1,resnet50,B08,237,0.35863040103366695,pool377,original
orientation_histogram,hog0_b7_o2,resnet50,B08,238,0.2615787401066071,pool377,original
orientation_histogram,hog0_b7_o3,resnet50,B08,239,0.3371188020859067,pool377,original
orientation_histogram,hog0_b8_o0,resnet50,B09,240,0.3238931684372297,pool377,original
orientation_histogram,hog0_b8_o1,resnet50,B09,241,0.28197199659006655,pool377,original
orientation_histogram,hog0_b8_o2,resnet50,B09,242,0.27514694355506886,pool377,original
orientation_histogram,hog0_b8_o3,resnet50,B09,243,0.3461800932515001,pool377,original
orientation_histogram,hog0_b9_o0,resnet50,B10,244,0.08734410018087857,pool377,original
orientation_histogram,hog0_b9_o1,resnet50,B10,245,-0.027478851451508524,pool377,original
orientation_histogram,hog0_b9_o2,resnet50,B10,246,0.06464549736098002,pool377,original
orientation_histogram,hog0_b9_o3,resnet50,B10,247,0.3280771919945219,pool377,original
orientation_histogram,hog0_b10_o0,resnet50,B11,248,0.35105378322862035,pool377,original
orientation_histogram,hog0_b10_o1,resnet50,B11,249,0.34074029719048327,pool377,original
orientation_histogram,hog0_b10_o2,resnet50,B11,250,0.24387052429795908,pool377,original
orientation_histogram,hog0_b10_o3,resnet50,B11,251,0.32821737953913044,pool377,original
orientation_histogram,hog0_b11_o0,resnet50,B12,252,0.36937739110945833,pool377,original
orientation_histogram,hog0_b11_o1,resnet50,B12,253,0.3206097418180681,pool377,original
orientation_histogram,hog0_b11_o2,resnet50,B12,254,0.24705965483072323,pool377,original
orientation_histogram,hog0_b11_o3,resnet50,B12,255,0.31623556522975615,pool377,original
orientation_histogram,hog0_b12_o0,resnet50,B8A,256,0.2789615553008039,pool377,original
orientation_histogram,hog0_b12_o1,resnet50,B8A,257,0.311707848508328,pool377,original
orientation_histogram,hog0_b12_o2,resnet50,B8A,258,0.24583548007570177,pool377,original
orientation_histogram,hog0_b12_o3,resnet50,B8A,259,0.30646878381304543,pool377,original
spectral_peaks,fftpk_b0,resnet50,B01,260,-0.036411818175539956,pool377,original
spectral_peaks,fftpk_b1,resnet50,B02,261,0.5161961638154704,pool377,original
spectral_peaks,fftpk_b2,resnet50,B03,262,0.4882914973627406,pool377,original
spectral_peaks,fftpk_b3,resnet50,B04,263,0.4963943056950172,pool377,original
spectral_peaks,fftpk_b4,resnet50,B05,264,0.2636559712027151,pool377,original
spectral_peaks,fftpk_b5,resnet50,B06,265,0.2258551597485874,pool377,original
spectral_peaks,fftpk_b6,resnet50,B07,266,0.21246202593257268,pool377,original
spectral_peaks,fftpk_b7,resnet50,B08,267,0.4444637264843021,pool377,original
spectral_peaks,fftpk_b8,resnet50,B09,268,-0.011865134704210245,pool377,original
spectral_peaks,fftpk_b9,resnet50,B10,269,0.0414893741776744,pool377,original
spectral_peaks,fftpk_b10,resnet50,B11,270,0.21123734268149152,pool377,original
spectral_peaks,fftpk_b11,resnet50,B12,271,0.21870754634872358,pool377,original
spectral_peaks,fftpk_b12,resnet50,B8A,272,0.20600224043776416,pool377,original
cross_band,xcorr_b3_b7,resnet50,B04;B08,273,0.6583174587019853,pool377,original
cross_band,xcorr_b2_b7,resnet50,B03;B08,274,0.6193707288225009,pool377,original
cross_band,xcorr_b1_b7,resnet50,B02;B08,275,0.6362483206810772,pool377,original
cross_band,xcorr_b11_b7,resnet50,B12;B08,276,0.6785463432749098,pool377,original
cross_band,xcorr_b3_b11,resnet50,B04;B12,277,0.5475287032285592,pool377,original
cross_band,xcorr_b2_b3,resnet50,B03;B04,278,0.6072374219385523,pool377,original
cross_band,xcorr_b7_b12,resnet50,B08;B8A,279,0.7056897817268462,pool377,original
cross_band,xcorr_b11_b12,resnet50,B12;B8A,280,0.6668517469798789,pool377,original
index_texture,ixstd_ndvi,resnet50,(B08 - B04) / (B08 + B04 + epsilon),281,0.8021053602995173,pool377,original
index_texture,ixstd_ndwi,resnet50,(B03 - B08) / (B03 + B08 + epsilon),282,0.8240741181699103,pool377,original
index_texture,ixstd_ndbi,resnet50,legacy alias: (B12 - B08) / (B12 + B08 + epsilon),283,0.746619817774413,pool377,original
index_texture,ixstd_ndmi,resnet50,legacy alias: (B08 - B12) / (B08 + B12 + epsilon),284,0.746619817774413,pool377,original
index_texture,ixstd_nbr,resnet50,legacy alias: (B08 - B8A) / (B08 + B8A + epsilon),285,0.8182461235576588,pool377,original
index_texture,ixstd_bsi,resnet50,legacy alias: ((B12 + B04) - (B08 + B02)) / ((B12 + B04) + (B08 + B02) + epsilon),286,0.7688781963348108,pool377,original
index_texture,ixgm_ndvi,resnet50,(B08 - B04) / (B08 + B04 + epsilon),287,0.8554939606872015,pool377,original
index_texture,ixgm_ndwi,resnet50,(B03 - B08) / (B03 + B08 + epsilon),288,0.8553861544278837,pool377,original
index_texture,ixgm_ndbi,resnet50,legacy alias: (B12 - B08) / (B12 + B08 + epsilon),289,0.8553600107106809,pool377,original
index_texture,ixgm_ndmi,resnet50,legacy alias: (B08 - B12) / (B08 + B12 + epsilon),290,0.8553600107106809,pool377,original
index_texture,ixgm_nbr,resnet50,legacy alias: (B08 - B8A) / (B08 + B8A + epsilon),291,0.8480017353686597,pool377,original
index_texture,ixgm_bsi,resnet50,legacy alias: ((B12 + B04) - (B08 + B02)) / ((B12 + B04) + (B08 + B02) + epsilon),292,0.8567840652709837,pool377,original
index_texture,ixgs_ndvi,resnet50,(B08 - B04) / (B08 + B04 + epsilon),293,0.819344262739665,pool377,original
index_texture,ixgs_ndwi,resnet50,(B03 - B08) / (B03 + B08 + epsilon),294,0.8198817824272586,pool377,original
index_texture,ixgs_ndbi,resnet50,legacy alias: (B12 - B08) / (B12 + B08 + epsilon),295,0.8182101369350652,pool377,original
index_texture,ixgs_ndmi,resnet50,legacy alias: (B08 - B12) / (B08 + B12 + epsilon),296,0.8182101369350652,pool377,original
index_texture,ixgs_nbr,resnet50,legacy alias: (B08 - B8A) / (B08 + B8A + epsilon),297,0.8123462838385123,pool377,original
index_texture,ixgs_bsi,resnet50,legacy alias: ((B12 + B04) - (B08 + B02)) / ((B12 + B04) + (B08 + B02) + epsilon),298,0.8278469486482853,pool377,original
index_texture,ixspr_ndvi,resnet50,(B08 - B04) / (B08 + B04 + epsilon),299,0.7795929307870613,pool377,original
index_texture,ixspr_ndwi,resnet50,(B03 - B08) / (B03 + B08 + epsilon),300,0.7971247596216493,pool377,original
index_texture,ixspr_ndbi,resnet50,legacy alias: (B12 - B08) / (B12 + B08 + epsilon),301,0.7237192847826611,pool377,original
index_texture,ixspr_ndmi,resnet50,legacy alias: (B08 - B12) / (B08 + B12 + epsilon),302,0.7237192847826611,pool377,original
index_texture,ixspr_nbr,resnet50,legacy alias: (B08 - B8A) / (B08 + B8A + epsilon),303,0.8150290177739464,pool377,original
index_texture,ixspr_bsi,resnet50,legacy alias: ((B12 + B04) - (B08 + B02)) / ((B12 + B04) + (B08 + B02) + epsilon),304,0.7421366656943273,pool377,original
hough_lines,linepf_pan,resnet50,mean of all 13 TIFF channels; B10 fixed to zero in b10_zeroed variant,305,0.674629616317945,pool377,original
hough_lines,linepl_pan,resnet50,mean of all 13 TIFF channels; B10 fixed to zero in b10_zeroed variant,306,0.6747134163830419,pool377,original
hough_lines,linet3_pan,resnet50,mean of all 13 TIFF channels; B10 fixed to zero in b10_zeroed variant,307,0.6862114363868895,pool377,original
hough_lines,linepf_ndvi,resnet50,(B08 - B04) / (B08 + B04 + epsilon),308,0.6490777737872757,pool377,original
hough_lines,linepl_ndvi,resnet50,(B08 - B04) / (B08 + B04 + epsilon),309,0.6490771719734214,pool377,original
hough_lines,linet3_ndvi,resnet50,(B08 - B04) / (B08 + B04 + epsilon),310,0.6541833390127649,pool377,original
hough_lines,linepf_ndbi,resnet50,legacy alias: (B12 - B08) / (B12 + B08 + epsilon),311,0.6572706506061552,pool377,original
hough_lines,linepl_ndbi,resnet50,legacy alias: (B12 - B08) / (B12 + B08 + epsilon),312,0.6572765813704183,pool377,original
hough_lines,linet3_ndbi,resnet50,legacy alias: (B12 - B08) / (B12 + B08 + epsilon),313,0.6668501742719704,pool377,original
harris_corners,corn2frac_pan,resnet50,mean of all 13 TIFF channels; B10 fixed to zero in b10_zeroed variant,314,0.9206579574349695,pool377,original
harris_corners,corn2mag_pan,resnet50,mean of all 13 TIFF channels; B10 fixed to zero in b10_zeroed variant,315,0.8698725543384342,pool377,original
harris_corners,corn2frac_ndvi,resnet50,(B08 - B04) / (B08 + B04 + epsilon),316,0.8596824154630927,pool377,original
harris_corners,corn2mag_ndvi,resnet50,(B08 - B04) / (B08 + B04 + epsilon),317,0.8498371995806049,pool377,original
harris_corners,corn2frac_ndbi,resnet50,legacy alias: (B12 - B08) / (B12 + B08 + epsilon),318,0.8679024030317918,pool377,original
harris_corners,corn2mag_ndbi,resnet50,legacy alias: (B12 - B08) / (B12 + B08 + epsilon),319,0.8581536094318665,pool377,original
lbp,lbp2ent_pan,resnet50,mean of all 13 TIFF channels; B10 fixed to zero in b10_zeroed variant,320,0.8548175917693507,pool377,original
lbp,lbp2uni_pan,resnet50,mean of all 13 TIFF channels; B10 fixed to zero in b10_zeroed variant,321,0.9205059985609753,pool377,original
lbp,lbp2ent_ndvi,resnet50,(B08 - B04) / (B08 + B04 + epsilon),322,0.6900676514420734,pool377,original
lbp,lbp2uni_ndvi,resnet50,(B08 - B04) / (B08 + B04 + epsilon),323,0.728941463699942,pool377,original
lbp,lbp2ent_ndbi,resnet50,legacy alias: (B12 - B08) / (B12 + B08 + epsilon),324,0.7177409761407907,pool377,original
lbp,lbp2uni_ndbi,resnet50,legacy alias: (B12 - B08) / (B12 + B08 + epsilon),325,0.749772349883614,pool377,original
blobs,blob2lrg_pan,resnet50,mean of all 13 TIFF channels; B10 fixed to zero in b10_zeroed variant,326,0.19445992859538108,pool377,original
blobs,blob2nc_pan,resnet50,mean of all 13 TIFF channels; B10 fixed to zero in b10_zeroed variant,327,0.6547740449256887,pool377,original
blobs,blob2msz_pan,resnet50,mean of all 13 TIFF channels; B10 fixed to zero in b10_zeroed variant,328,0.37390865055996103,pool377,original
blobs,blob2lrg_ndvi,resnet50,(B08 - B04) / (B08 + B04 + epsilon),329,0.2097265950663526,pool377,original
blobs,blob2nc_ndvi,resnet50,(B08 - B04) / (B08 + B04 + epsilon),330,0.5709862357787845,pool377,original
blobs,blob2msz_ndvi,resnet50,(B08 - B04) / (B08 + B04 + epsilon),331,0.28093793059491834,pool377,original
blobs,blob2lrg_ndbi,resnet50,legacy alias: (B12 - B08) / (B12 + B08 + epsilon),332,0.06567821865572854,pool377,original
blobs,blob2nc_ndbi,resnet50,legacy alias: (B12 - B08) / (B12 + B08 + epsilon),333,0.5807329412329053,pool377,original
blobs,blob2msz_ndbi,resnet50,legacy alias: (B12 - B08) / (B12 + B08 + epsilon),334,0.326221581902032,pool377,original
spectral_slope,sslope2_pan,resnet50,mean of all 13 TIFF channels; B10 fixed to zero in b10_zeroed variant,335,0.6778451317999407,pool377,original
spectral_slope,sslope2_ndvi,resnet50,(B08 - B04) / (B08 + B04 + epsilon),336,0.7887763709829934,pool377,original
spectral_slope,sslope2_ndbi,resnet50,legacy alias: (B12 - B08) / (B12 + B08 + epsilon),337,0.7144085514945282,pool377,original
index_coherence,ixcoh_ndvi,resnet50,(B08 - B04) / (B08 + B04 + epsilon),338,0.4706470571038023,pool377,original
index_coherence,ixcoh_ndwi,resnet50,(B03 - B08) / (B03 + B08 + epsilon),339,0.49800378123599265,pool377,original
index_coherence,ixcoh_ndbi,resnet50,legacy alias: (B12 - B08) / (B12 + B08 + epsilon),340,0.4106593913430798,pool377,original
index_coherence,ixcoh_ndmi,resnet50,legacy alias: (B08 - B12) / (B08 + B12 + epsilon),341,0.4106593913430798,pool377,original
index_coherence,ixcoh_nbr,resnet50,legacy alias: (B08 - B8A) / (B08 + B8A + epsilon),342,0.244750487329505,pool377,original
index_coherence,ixcoh_bsi,resnet50,legacy alias: ((B12 + B04) - (B08 + B02)) / ((B12 + B04) + (B08 + B02) + epsilon),343,0.42038213497453014,pool377,original
index_texture_scale2,ix2std_ndvi,resnet50,(B08 - B04) / (B08 + B04 + epsilon),344,0.8000475676448966,pool377,original
index_texture_scale2,ix2std_ndwi,resnet50,(B03 - B08) / (B03 + B08 + epsilon),345,0.8232103512689993,pool377,original
index_texture_scale2,ix2std_ndbi,resnet50,legacy alias: (B12 - B08) / (B12 + B08 + epsilon),346,0.7403692887955359,pool377,original
index_texture_scale2,ix2std_ndmi,resnet50,legacy alias: (B08 - B12) / (B08 + B12 + epsilon),347,0.7403692887955359,pool377,original
index_texture_scale2,ix2std_nbr,resnet50,legacy alias: (B08 - B8A) / (B08 + B8A + epsilon),348,0.8052060385006363,pool377,original
index_texture_scale2,ix2std_bsi,resnet50,legacy alias: ((B12 + B04) - (B08 + B02)) / ((B12 + B04) + (B08 + B02) + epsilon),349,0.7660350381223824,pool377,original
index_texture_scale2,ix2gm_ndvi,resnet50,(B08 - B04) / (B08 + B04 + epsilon),350,0.8436937097557035,pool377,original
index_texture_scale2,ix2gm_ndwi,resnet50,(B03 - B08) / (B03 + B08 + epsilon),351,0.8458905751958431,pool377,original
index_texture_scale2,ix2gm_ndbi,resnet50,legacy alias: (B12 - B08) / (B12 + B08 + epsilon),352,0.8456122051491932,pool377,original
index_texture_scale2,ix2gm_ndmi,resnet50,legacy alias: (B08 - B12) / (B08 + B12 + epsilon),353,0.8456122051491932,pool377,original
index_texture_scale2,ix2gm_nbr,resnet50,legacy alias: (B08 - B8A) / (B08 + B8A + epsilon),354,0.837549489587447,pool377,original
index_texture_scale2,ix2gm_bsi,resnet50,legacy alias: ((B12 + B04) - (B08 + B02)) / ((B12 + B04) + (B08 + B02) + epsilon),355,0.839605439372855,pool377,original
cross_band_correlation,xcorr_b3_b7,resnet50,B04;B08,356,0.6583174587019853,pool377,original
cross_band_correlation,xcorr_b2_b7,resnet50,B03;B08,357,0.6193707288225009,pool377,original
cross_band_correlation,xcorr_b1_b7,resnet50,B02;B08,358,0.6362483206810772,pool377,original
cross_band_correlation,xcorr_b11_b7,resnet50,B12;B08,359,0.6785463432749098,pool377,original
cross_band_correlation,xcorr_b3_b11,resnet50,B04;B12,360,0.5475287032285592,pool377,original
cross_band_correlation,xcorr_b2_b3,resnet50,B03;B04,361,0.6072374219385523,pool377,original
cross_band_correlation,xcorr_b7_b12,resnet50,B08;B8A,362,0.7056897817268462,pool377,original
cross_band_correlation,xcorr_b11_b12,resnet50,B12;B8A,363,0.6668517469798789,pool377,original
orientation_entropy_scale2,oent2_b0,resnet50,B01,364,0.5528160094461196,pool377,original
orientation_entropy_scale2,oent2_b1,resnet50,B02,365,0.3663883383458988,pool377,original
orientation_entropy_scale2,oent2_b2,resnet50,B03,366,0.3973011378397533,pool377,original
orientation_entropy_scale2,oent2_b3,resnet50,B04,367,0.42177601876851045,pool377,original
orientation_entropy_scale2,oent2_b4,resnet50,B05,368,0.6365032628856535,pool377,original
orientation_entropy_scale2,oent2_b5,resnet50,B06,369,0.6489136226619293,pool377,original
orientation_entropy_scale2,oent2_b6,resnet50,B07,370,0.6455714415878404,pool377,original
orientation_entropy_scale2,oent2_b7,resnet50,B08,371,0.43736867951202907,pool377,original
orientation_entropy_scale2,oent2_b8,resnet50,B09,372,0.7050780029291652,pool377,original
orientation_entropy_scale2,oent2_b9,resnet50,B10,373,0.4121738629857751,pool377,original
orientation_entropy_scale2,oent2_b10,resnet50,B11,374,0.6781813051587804,pool377,original
orientation_entropy_scale2,oent2_b11,resnet50,B12,375,0.6552718140368599,pool377,original
orientation_entropy_scale2,oent2_b12,resnet50,B8A,376,0.6482206241119999,pool377,original
image_statistics,mean_B01,resnet50,B01,0,0.7679330502838626,imagestats52,original
image_statistics,std_B01,resnet50,B01,1,0.7305070214372498,imagestats52,original
image_statistics,min_B01,resnet50,B01,2,0.6534726144818147,imagestats52,original
image_statistics,max_B01,resnet50,B01,3,0.7377877709344096,imagestats52,original
image_statistics,mean_B02,resnet50,B02,4,0.8174397470850343,imagestats52,original
image_statistics,std_B02,resnet50,B02,5,0.8272530465080334,imagestats52,original
image_statistics,min_B02,resnet50,B02,6,0.6239335305698125,imagestats52,original
image_statistics,max_B02,resnet50,B02,7,0.6006356077558275,imagestats52,original
image_statistics,mean_B03,resnet50,B03,8,0.8410069379225039,imagestats52,original
image_statistics,std_B03,resnet50,B03,9,0.8360254907661707,imagestats52,original
image_statistics,min_B03,resnet50,B03,10,0.7097612049427082,imagestats52,original
image_statistics,max_B03,resnet50,B03,11,0.6127899911339567,imagestats52,original
image_statistics,mean_B04,resnet50,B04,12,0.8507634021252449,imagestats52,original
image_statistics,std_B04,resnet50,B04,13,0.8241013941896473,imagestats52,original
image_statistics,min_B04,resnet50,B04,14,0.6871010868398038,imagestats52,original
image_statistics,max_B04,resnet50,B04,15,0.6256255640911943,imagestats52,original
image_statistics,mean_B05,resnet50,B05,16,0.8542944967439486,imagestats52,original
image_statistics,std_B05,resnet50,B05,17,0.8027033754973759,imagestats52,original
image_statistics,min_B05,resnet50,B05,18,0.7317533181461675,imagestats52,original
image_statistics,max_B05,resnet50,B05,19,0.7476351174181346,imagestats52,original
image_statistics,mean_B06,resnet50,B06,20,0.8091270816260888,imagestats52,original
image_statistics,std_B06,resnet50,B06,21,0.8049154776913675,imagestats52,original
image_statistics,min_B06,resnet50,B06,22,0.7271743040298071,imagestats52,original
image_statistics,max_B06,resnet50,B06,23,0.7146707596479775,imagestats52,original
image_statistics,mean_B07,resnet50,B07,24,0.7962944832438088,imagestats52,original
image_statistics,std_B07,resnet50,B07,25,0.8108165438626203,imagestats52,original
image_statistics,min_B07,resnet50,B07,26,0.7212337844522586,imagestats52,original
image_statistics,max_B07,resnet50,B07,27,0.729661001427643,imagestats52,original
image_statistics,mean_B08,resnet50,B08,28,0.7980638907827289,imagestats52,original
image_statistics,std_B08,resnet50,B08,29,0.8231754670508935,imagestats52,original
image_statistics,min_B08,resnet50,B08,30,0.7049571911788951,imagestats52,original
image_statistics,max_B08,resnet50,B08,31,0.5729619596614437,imagestats52,original
image_statistics,mean_B09,resnet50,B09,32,0.7800373720988841,imagestats52,original
image_statistics,std_B09,resnet50,B09,33,0.7058948735464783,imagestats52,original
image_statistics,min_B09,resnet50,B09,34,0.7129270591451975,imagestats52,original
image_statistics,max_B09,resnet50,B09,35,0.7019370581532545,imagestats52,original
image_statistics,mean_B10,resnet50,B10,36,0.6216803779295692,imagestats52,original
image_statistics,std_B10,resnet50,B10,37,0.4633607013687503,imagestats52,original
image_statistics,min_B10,resnet50,B10,38,0.5892097284004754,imagestats52,original
image_statistics,max_B10,resnet50,B10,39,0.528510684532786,imagestats52,original
image_statistics,mean_B11,resnet50,B11,40,0.8596936807916157,imagestats52,original
image_statistics,std_B11,resnet50,B11,41,0.7586692010324038,imagestats52,original
image_statistics,min_B11,resnet50,B11,42,0.7466255309427656,imagestats52,original
image_statistics,max_B11,resnet50,B11,43,0.7004419492106527,imagestats52,original
image_statistics,mean_B12,resnet50,B12,44,0.8436145128855439,imagestats52,original
image_statistics,std_B12,resnet50,B12,45,0.7447854178965225,imagestats52,original
image_statistics,min_B12,resnet50,B12,46,0.7087536498151364,imagestats52,original
image_statistics,max_B12,resnet50,B12,47,0.6762576283619159,imagestats52,original
image_statistics,mean_B8A,resnet50,B8A,48,0.8053322311324044,imagestats52,original
image_statistics,std_B8A,resnet50,B8A,49,0.8139474880290453,imagestats52,original
image_statistics,min_B8A,resnet50,B8A,50,0.7320957022163399,imagestats52,original
image_statistics,max_B8A,resnet50,B8A,51,0.7442020437196945,imagestats52,original
lbp,lbp2uni_ndbi,convnext_tiny,legacy alias: (B12 - B08) / (B12 + B08 + epsilon),0,0.7211689034618505,frontier33,original
index_texture,ixgs_nbr,convnext_tiny,legacy alias: (B08 - B8A) / (B08 + B8A + epsilon),1,0.8309234621723209,frontier33,original
harris_corners,corn2frac_ndvi,convnext_tiny,(B08 - B04) / (B08 + B04 + epsilon),2,0.8371608494917879,frontier33,original
index_texture,ixgs_ndwi,convnext_tiny,(B03 - B08) / (B03 + B08 + epsilon),3,0.8276546889706199,frontier33,original
multiscale_gradients,g2mean_b1,convnext_tiny,B02,4,0.8616282432047465,frontier33,original
multiscale_gradients,g0mean_b3,convnext_tiny,B04,5,0.8930590643902998,frontier33,original
multiscale_gradients,g2mean_b2,convnext_tiny,B03,6,0.8597362027905132,frontier33,original
index_texture_scale2,ix2std_nbr,convnext_tiny,legacy alias: (B08 - B8A) / (B08 + B8A + epsilon),7,0.8165061695396689,frontier33,original
orientation_entropy,oent_b11,convnext_tiny,B12,8,0.7082416275258444,frontier33,original
orientation_entropy,oent_b0,convnext_tiny,B01,9,0.704012273193025,frontier33,original
index_texture,ixgs_bsi,convnext_tiny,legacy alias: ((B12 + B04) - (B08 + B02)) / ((B12 + B04) + (B08 + B02) + epsilon),10,0.8124199967504409,frontier33,original
spectral_statistics,p75_b10,convnext_tiny,B11,11,0.8410206973225477,frontier33,original
spectral_statistics,p10_b11,convnext_tiny,B12,12,0.7763990128673659,frontier33,original
harris_corners,corn2mag_ndvi,convnext_tiny,(B08 - B04) / (B08 + B04 + epsilon),13,0.8306709650264278,frontier33,original
index_texture,ixgm_ndvi,convnext_tiny,(B08 - B04) / (B08 + B04 + epsilon),14,0.8725605265568277,frontier33,original
spectral_statistics,p90_b8,convnext_tiny,B09,15,0.7885736388179585,frontier33,original
index_texture,ixgm_nbr,convnext_tiny,legacy alias: (B08 - B8A) / (B08 + B8A + epsilon),16,0.8546617148285319,frontier33,original
lbp,lbp2uni_ndvi,convnext_tiny,(B08 - B04) / (B08 + B04 + epsilon),17,0.7068830414667596,frontier33,original
multiscale_gradients,g0mean_b4,convnext_tiny,B05,18,0.8594877643617678,frontier33,original
spectral_statistics,std_b4,convnext_tiny,B05,19,0.7649870438062205,frontier33,original
hough_lines,linet3_ndvi,convnext_tiny,(B08 - B04) / (B08 + B04 + epsilon),20,0.653207923601351,frontier33,original
spectral_statistics,p10_b3,convnext_tiny,B04,21,0.7017596246078316,frontier33,original
spectral_statistics,p50_b11,convnext_tiny,B12,22,0.8033380026613837,frontier33,original
orientation_entropy,oent_b2,convnext_tiny,B03,23,0.4564607631654618,frontier33,original
spectral_statistics,p75_b3,convnext_tiny,B04,24,0.8072389192925895,frontier33,original
blobs,blob2lrg_ndvi,convnext_tiny,(B08 - B04) / (B08 + B04 + epsilon),25,0.22847391457650512,frontier33,original
harris_corners,corn2frac_pan,convnext_tiny,mean of all 13 TIFF channels; B10 fixed to zero in b10_zeroed variant,26,0.8790949603269874,frontier33,original
index_texture,ixgm_ndbi,convnext_tiny,legacy alias: (B12 - B08) / (B12 + B08 + epsilon),27,0.861412834102461,frontier33,original
spectral_statistics,p75_b0,convnext_tiny,B01,28,0.7589826353426243,frontier33,original
spectral_statistics,p10_b6,convnext_tiny,B07,29,0.7953621648280098,frontier33,original
orientation_entropy_scale2,oent2_b1,convnext_tiny,B02,30,0.3894575173045576,frontier33,original
spectral_statistics,mean_b2,convnext_tiny,B03,31,0.808554987803205,frontier33,original
region_shape,tail_aniso_low_ndvi,convnext_tiny,(B08 - B04) / (B08 + B04 + epsilon),32,0.36691370485391905,frontier33,original
spectral_statistics,mean_b0,convnext_tiny,B01,0,0.7386918534359806,pool377,original
spectral_statistics,mean_b1,convnext_tiny,B02,1,0.7794511596945807,pool377,original
spectral_statistics,mean_b2,convnext_tiny,B03,2,0.8029940478598456,pool377,original
spectral_statistics,mean_b3,convnext_tiny,B04,3,0.8074829832065701,pool377,original
spectral_statistics,mean_b4,convnext_tiny,B05,4,0.8216631848955629,pool377,original
spectral_statistics,mean_b5,convnext_tiny,B06,5,0.815943774397523,pool377,original
spectral_statistics,mean_b6,convnext_tiny,B07,6,0.8039634426123079,pool377,original
spectral_statistics,mean_b7,convnext_tiny,B08,7,0.806123005186143,pool377,original
spectral_statistics,mean_b8,convnext_tiny,B09,8,0.7677391615875551,pool377,original
spectral_statistics,mean_b9,convnext_tiny,B10,9,0.61470063942311,pool377,original
spectral_statistics,mean_b10,convnext_tiny,B11,10,0.8448008545615942,pool377,original
spectral_statistics,mean_b11,convnext_tiny,B12,11,0.8246686120083825,pool377,original
spectral_statistics,mean_b12,convnext_tiny,B8A,12,0.8134578926128011,pool377,original
spectral_statistics,std_b0,convnext_tiny,B01,13,0.707730071627837,pool377,original
spectral_statistics,std_b1,convnext_tiny,B02,14,0.8177837856144711,pool377,original
spectral_statistics,std_b2,convnext_tiny,B03,15,0.8174187078217932,pool377,original
spectral_statistics,std_b3,convnext_tiny,B04,16,0.8050686663495211,pool377,original
spectral_statistics,std_b4,convnext_tiny,B05,17,0.7627287723572896,pool377,original
spectral_statistics,std_b5,convnext_tiny,B06,18,0.7671094524627975,pool377,original
spectral_statistics,std_b6,convnext_tiny,B07,19,0.7682814884357823,pool377,original
spectral_statistics,std_b7,convnext_tiny,B08,20,0.7964773072208231,pool377,original
spectral_statistics,std_b8,convnext_tiny,B09,21,0.698453127488692,pool377,original
spectral_statistics,std_b9,convnext_tiny,B10,22,0.4016537906304497,pool377,original
spectral_statistics,std_b10,convnext_tiny,B11,23,0.724377397034986,pool377,original
spectral_statistics,std_b11,convnext_tiny,B12,24,0.6955352928199697,pool377,original
spectral_statistics,std_b12,convnext_tiny,B8A,25,0.7759735863150449,pool377,original
spectral_statistics,p10_b0,convnext_tiny,B01,26,0.6608237000735697,pool377,original
spectral_statistics,p10_b1,convnext_tiny,B02,27,0.6585728753928326,pool377,original
spectral_statistics,p10_b2,convnext_tiny,B03,28,0.7281240009313223,pool377,original
spectral_statistics,p10_b3,convnext_tiny,B04,29,0.6961213245510292,pool377,original
spectral_statistics,p10_b4,convnext_tiny,B05,30,0.7800813790831855,pool377,original
spectral_statistics,p10_b5,convnext_tiny,B06,31,0.8022053965787403,pool377,original
spectral_statistics,p10_b6,convnext_tiny,B07,32,0.7911696845535331,pool377,original
spectral_statistics,p10_b7,convnext_tiny,B08,33,0.7916148244621093,pool377,original
spectral_statistics,p10_b8,convnext_tiny,B09,34,0.7400769954084148,pool377,original
spectral_statistics,p10_b9,convnext_tiny,B10,35,0.6177086534551888,pool377,original
spectral_statistics,p10_b10,convnext_tiny,B11,36,0.8122063995864246,pool377,original
spectral_statistics,p10_b11,convnext_tiny,B12,37,0.7720840186579483,pool377,original
spectral_statistics,p10_b12,convnext_tiny,B8A,38,0.7984163818302557,pool377,original
spectral_statistics,p25_b0,convnext_tiny,B01,39,0.6889585607006176,pool377,original
spectral_statistics,p25_b1,convnext_tiny,B02,40,0.691460427092152,pool377,original
spectral_statistics,p25_b2,convnext_tiny,B03,41,0.7454748946457708,pool377,original
spectral_statistics,p25_b3,convnext_tiny,B04,42,0.7301169441507027,pool377,original
spectral_statistics,p25_b4,convnext_tiny,B05,43,0.7896105006912826,pool377,original
spectral_statistics,p25_b5,convnext_tiny,B06,44,0.7932308311904661,pool377,original
spectral_statistics,p25_b6,convnext_tiny,B07,45,0.7792912253015434,pool377,original
spectral_statistics,p25_b7,convnext_tiny,B08,46,0.7785324286614259,pool377,original
spectral_statistics,p25_b8,convnext_tiny,B09,47,0.7468386542805033,pool377,original
spectral_statistics,p25_b9,convnext_tiny,B10,48,0.6244154411962637,pool377,original
spectral_statistics,p25_b10,convnext_tiny,B11,49,0.8159071978052203,pool377,original
spectral_statistics,p25_b11,convnext_tiny,B12,50,0.7856520740678867,pool377,original
spectral_statistics,p25_b12,convnext_tiny,B8A,51,0.7887556474823062,pool377,original
spectral_statistics,p50_b0,convnext_tiny,B01,52,0.7243230955551667,pool377,original
spectral_statistics,p50_b1,convnext_tiny,B02,53,0.7378867706822996,pool377,original
spectral_statistics,p50_b2,convnext_tiny,B03,54,0.7709044995192343,pool377,original
spectral_statistics,p50_b3,convnext_tiny,B04,55,0.7730791010482068,pool377,original
spectral_statistics,p50_b4,convnext_tiny,B05,56,0.8034675280820828,pool377,original
spectral_statistics,p50_b5,convnext_tiny,B06,57,0.7888854689889339,pool377,original
spectral_statistics,p50_b6,convnext_tiny,B07,58,0.7741905874782926,pool377,original
spectral_statistics,p50_b7,convnext_tiny,B08,59,0.773856782322554,pool377,original
spectral_statistics,p50_b8,convnext_tiny,B09,60,0.7575141380188946,pool377,original
spectral_statistics,p50_b9,convnext_tiny,B10,61,0.6157762523249024,pool377,original
spectral_statistics,p50_b10,convnext_tiny,B11,62,0.8235418536402368,pool377,original
spectral_statistics,p50_b11,convnext_tiny,B12,63,0.7994503991942651,pool377,original
spectral_statistics,p50_b12,convnext_tiny,B8A,64,0.7860753460003896,pool377,original
spectral_statistics,p75_b0,convnext_tiny,B01,65,0.7550221498870404,pool377,original
spectral_statistics,p75_b1,convnext_tiny,B02,66,0.7747109541109506,pool377,original
spectral_statistics,p75_b2,convnext_tiny,B03,67,0.7913371308300263,pool377,original
spectral_statistics,p75_b3,convnext_tiny,B04,68,0.8024619761413713,pool377,original
spectral_statistics,p75_b4,convnext_tiny,B05,69,0.8147428553624109,pool377,original
spectral_statistics,p75_b5,convnext_tiny,B06,70,0.8050654897512455,pool377,original
spectral_statistics,p75_b6,convnext_tiny,B07,71,0.7931997797176396,pool377,original
spectral_statistics,p75_b7,convnext_tiny,B08,72,0.7964819323641479,pool377,original
spectral_statistics,p75_b8,convnext_tiny,B09,73,0.772814591108532,pool377,original
spectral_statistics,p75_b9,convnext_tiny,B10,74,0.5968440335943883,pool377,original
spectral_statistics,p75_b10,convnext_tiny,B11,75,0.8372277703354282,pool377,original
spectral_statistics,p75_b11,convnext_tiny,B12,76,0.8142207590085779,pool377,original
spectral_statistics,p75_b12,convnext_tiny,B8A,77,0.8043260608501492,pool377,original
spectral_statistics,p90_b0,convnext_tiny,B01,78,0.7767099289302994,pool377,original
spectral_statistics,p90_b1,convnext_tiny,B02,79,0.8164465180300414,pool377,original
spectral_statistics,p90_b2,convnext_tiny,B03,80,0.8189507944363623,pool377,original
spectral_statistics,p90_b3,convnext_tiny,B04,81,0.8250066736336026,pool377,original
spectral_statistics,p90_b4,convnext_tiny,B05,82,0.8217861740289222,pool377,original
spectral_statistics,p90_b5,convnext_tiny,B06,83,0.8162183125077487,pool377,original
spectral_statistics,p90_b6,convnext_tiny,B07,84,0.8076600398852711,pool377,original
spectral_statistics,p90_b7,convnext_tiny,B08,85,0.8143389271803931,pool377,original
spectral_statistics,p90_b8,convnext_tiny,B09,86,0.7837088426443507,pool377,original
spectral_statistics,p90_b9,convnext_tiny,B10,87,0.5760203760887743,pool377,original
spectral_statistics,p90_b10,convnext_tiny,B11,88,0.8425425881153701,pool377,original
spectral_statistics,p90_b11,convnext_tiny,B12,89,0.8197128301546417,pool377,original
spectral_statistics,p90_b12,convnext_tiny,B8A,90,0.8180500515816043,pool377,original
multiscale_gradients,g0mean_b0,convnext_tiny,B01,91,0.8019839361323381,pool377,original
multiscale_gradients,g0mean_b1,convnext_tiny,B02,92,0.8880844678005944,pool377,original
multiscale_gradients,g0mean_b2,convnext_tiny,B03,93,0.8871074104252389,pool377,original
multiscale_gradients,g0mean_b3,convnext_tiny,B04,94,0.8906217746200203,pool377,original
multiscale_gradients,g0mean_b4,convnext_tiny,B05,95,0.8573973949620618,pool377,original
multiscale_gradients,g0mean_b5,convnext_tiny,B06,96,0.8444306936646702,pool377,original
multiscale_gradients,g0mean_b6,convnext_tiny,B07,97,0.8414503267481975,pool377,original
multiscale_gradients,g0mean_b7,convnext_tiny,B08,98,0.8734060786491837,pool377,original
multiscale_gradients,g0mean_b8,convnext_tiny,B09,99,0.7769060405604936,pool377,original
multiscale_gradients,g0mean_b9,convnext_tiny,B10,100,0.6114539244341728,pool377,original
multiscale_gradients,g0mean_b10,convnext_tiny,B11,101,0.8172232482136724,pool377,original
multiscale_gradients,g0mean_b11,convnext_tiny,B12,102,0.8184146089314515,pool377,original
multiscale_gradients,g0mean_b12,convnext_tiny,B8A,103,0.8456703306452282,pool377,original
multiscale_gradients,g0std_b0,convnext_tiny,B01,104,0.6180868862051718,pool377,original
multiscale_gradients,g0std_b1,convnext_tiny,B02,105,0.7585765211147085,pool377,original
multiscale_gradients,g0std_b2,convnext_tiny,B03,106,0.7794490018289053,pool377,original
multiscale_gradients,g0std_b3,convnext_tiny,B04,107,0.780339728413737,pool377,original
multiscale_gradients,g0std_b4,convnext_tiny,B05,108,0.7239858799934409,pool377,original
multiscale_gradients,g0std_b5,convnext_tiny,B06,109,0.7125866243671757,pool377,original
multiscale_gradients,g0std_b6,convnext_tiny,B07,110,0.7327996968703921,pool377,original
multiscale_gradients,g0std_b7,convnext_tiny,B08,111,0.7655049642834705,pool377,original
multiscale_gradients,g0std_b8,convnext_tiny,B09,112,0.5685823614094965,pool377,original
multiscale_gradients,g0std_b9,convnext_tiny,B10,113,0.4452198666924422,pool377,original
multiscale_gradients,g0std_b10,convnext_tiny,B11,114,0.6441211312277593,pool377,original
multiscale_gradients,g0std_b11,convnext_tiny,B12,115,0.6284838173616532,pool377,original
multiscale_gradients,g0std_b12,convnext_tiny,B8A,116,0.7468401557388455,pool377,original
multiscale_gradients,g1mean_b0,convnext_tiny,B01,117,0.8011777378425352,pool377,original
multiscale_gradients,g1mean_b1,convnext_tiny,B02,118,0.8814858601064836,pool377,original
multiscale_gradients,g1mean_b2,convnext_tiny,B03,119,0.8803018701603085,pool377,original
multiscale_gradients,g1mean_b3,convnext_tiny,B04,120,0.8821780183797057,pool377,original
multiscale_gradients,g1mean_b4,convnext_tiny,B05,121,0.8528819422511458,pool377,original
multiscale_gradients,g1mean_b5,convnext_tiny,B06,122,0.8392079209607677,pool377,original
multiscale_gradients,g1mean_b6,convnext_tiny,B07,123,0.836338069595043,pool377,original
multiscale_gradients,g1mean_b7,convnext_tiny,B08,124,0.8627556979045683,pool377,original
multiscale_gradients,g1mean_b8,convnext_tiny,B09,125,0.7774733400628133,pool377,original
multiscale_gradients,g1mean_b9,convnext_tiny,B10,126,0.5984410770376773,pool377,original
multiscale_gradients,g1mean_b10,convnext_tiny,B11,127,0.811774425522603,pool377,original
multiscale_gradients,g1mean_b11,convnext_tiny,B12,128,0.8122631671286055,pool377,original
multiscale_gradients,g1mean_b12,convnext_tiny,B8A,129,0.8410875356713069,pool377,original
multiscale_gradients,g1std_b0,convnext_tiny,B01,130,0.6215378658589332,pool377,original
multiscale_gradients,g1std_b1,convnext_tiny,B02,131,0.7664635351666494,pool377,original
multiscale_gradients,g1std_b2,convnext_tiny,B03,132,0.7870620216115796,pool377,original
multiscale_gradients,g1std_b3,convnext_tiny,B04,133,0.7809426295057406,pool377,original
multiscale_gradients,g1std_b4,convnext_tiny,B05,134,0.7213641294546469,pool377,original
multiscale_gradients,g1std_b5,convnext_tiny,B06,135,0.7137011581914257,pool377,original
multiscale_gradients,g1std_b6,convnext_tiny,B07,136,0.7339249151641263,pool377,original
multiscale_gradients,g1std_b7,convnext_tiny,B08,137,0.7682538851814751,pool377,original
multiscale_gradients,g1std_b8,convnext_tiny,B09,138,0.5770515915354837,pool377,original
multiscale_gradients,g1std_b9,convnext_tiny,B10,139,0.2600377677368898,pool377,original
multiscale_gradients,g1std_b10,convnext_tiny,B11,140,0.6424203918375926,pool377,original
multiscale_gradients,g1std_b11,convnext_tiny,B12,141,0.6223952746225059,pool377,original
multiscale_gradients,g1std_b12,convnext_tiny,B8A,142,0.74653479673419,pool377,original
multiscale_gradients,g2mean_b0,convnext_tiny,B01,143,0.7976682889808524,pool377,original
multiscale_gradients,g2mean_b1,convnext_tiny,B02,144,0.8603996060375884,pool377,original
multiscale_gradients,g2mean_b2,convnext_tiny,B03,145,0.858241773394945,pool377,original
multiscale_gradients,g2mean_b3,convnext_tiny,B04,146,0.8567837779598001,pool377,original
multiscale_gradients,g2mean_b4,convnext_tiny,B05,147,0.837600423963599,pool377,original
multiscale_gradients,g2mean_b5,convnext_tiny,B06,148,0.8243149435744089,pool377,original
multiscale_gradients,g2mean_b6,convnext_tiny,B07,149,0.8221659289911984,pool377,original
multiscale_gradients,g2mean_b7,convnext_tiny,B08,150,0.8360250999767546,pool377,original
multiscale_gradients,g2mean_b8,convnext_tiny,B09,151,0.7783299752888242,pool377,original
multiscale_gradients,g2mean_b9,convnext_tiny,B10,152,0.5883017450883782,pool377,original
multiscale_gradients,g2mean_b10,convnext_tiny,B11,153,0.7950721354372274,pool377,original
multiscale_gradients,g2mean_b11,convnext_tiny,B12,154,0.7921742927585034,pool377,original
multiscale_gradients,g2mean_b12,convnext_tiny,B8A,155,0.828457280354735,pool377,original
multiscale_gradients,g2std_b0,convnext_tiny,B01,156,0.626137816901122,pool377,original
multiscale_gradients,g2std_b1,convnext_tiny,B02,157,0.7400822828901578,pool377,original
multiscale_gradients,g2std_b2,convnext_tiny,B03,158,0.7620428813848853,pool377,original
multiscale_gradients,g2std_b3,convnext_tiny,B04,159,0.7576922120955135,pool377,original
multiscale_gradients,g2std_b4,convnext_tiny,B05,160,0.7171319040394859,pool377,original
multiscale_gradients,g2std_b5,convnext_tiny,B06,161,0.7183606854016931,pool377,original
multiscale_gradients,g2std_b6,convnext_tiny,B07,162,0.7346608767056004,pool377,original
multiscale_gradients,g2std_b7,convnext_tiny,B08,163,0.755350889560753,pool377,original
multiscale_gradients,g2std_b8,convnext_tiny,B09,164,0.5972354184867938,pool377,original
multiscale_gradients,g2std_b9,convnext_tiny,B10,165,0.3434641413840759,pool377,original
multiscale_gradients,g2std_b10,convnext_tiny,B11,166,0.6428921167093482,pool377,original
multiscale_gradients,g2std_b11,convnext_tiny,B12,167,0.6118088075677197,pool377,original
multiscale_gradients,g2std_b12,convnext_tiny,B8A,168,0.7451277634182321,pool377,original
coherence,coh0_b0,convnext_tiny,B01,169,0.39762250545258415,pool377,original
coherence,coh0_b1,convnext_tiny,B02,170,0.3402241365611207,pool377,original
coherence,coh0_b2,convnext_tiny,B03,171,0.35174740912186353,pool377,original
coherence,coh0_b3,convnext_tiny,B04,172,0.3575769680981501,pool377,original
coherence,coh0_b4,convnext_tiny,B05,173,0.5828052087024639,pool377,original
coherence,coh0_b5,convnext_tiny,B06,174,0.6139576380560158,pool377,original
coherence,coh0_b6,convnext_tiny,B07,175,0.6056082441128673,pool377,original
coherence,coh0_b7,convnext_tiny,B08,176,0.3895420565415063,pool377,original
coherence,coh0_b8,convnext_tiny,B09,177,0.5637571704276745,pool377,original
coherence,coh0_b9,convnext_tiny,B10,178,0.03303713258021834,pool377,original
coherence,coh0_b10,convnext_tiny,B11,179,0.6244666807831358,pool377,original
coherence,coh0_b11,convnext_tiny,B12,180,0.5823534100349976,pool377,original
coherence,coh0_b12,convnext_tiny,B8A,181,0.6135246745296172,pool377,original
coherence,coh1_b0,convnext_tiny,B01,182,0.38852879227455506,pool377,original
coherence,coh1_b1,convnext_tiny,B02,183,0.29101899073910265,pool377,original
coherence,coh1_b2,convnext_tiny,B03,184,0.3002454312142433,pool377,original
coherence,coh1_b3,convnext_tiny,B04,185,0.29068058292433874,pool377,original
coherence,coh1_b4,convnext_tiny,B05,186,0.5255822915304997,pool377,original
coherence,coh1_b5,convnext_tiny,B06,187,0.5638764255389296,pool377,original
coherence,coh1_b6,convnext_tiny,B07,188,0.5563874839493441,pool377,original
coherence,coh1_b7,convnext_tiny,B08,189,0.3387337881381216,pool377,original
coherence,coh1_b8,convnext_tiny,B09,190,0.5510257644525476,pool377,original
coherence,coh1_b9,convnext_tiny,B10,191,0.07056984837480618,pool377,original
coherence,coh1_b10,convnext_tiny,B11,192,0.589159911684362,pool377,original
coherence,coh1_b11,convnext_tiny,B12,193,0.543462322515113,pool377,original
coherence,coh1_b12,convnext_tiny,B8A,194,0.5647282659594179,pool377,original
orientation_entropy,oent_b0,convnext_tiny,B01,195,0.7045485255405346,pool377,original
orientation_entropy,oent_b1,convnext_tiny,B02,196,0.42128770787447967,pool377,original
orientation_entropy,oent_b2,convnext_tiny,B03,197,0.4576204706583249,pool377,original
orientation_entropy,oent_b3,convnext_tiny,B04,198,0.5058473053918195,pool377,original
orientation_entropy,oent_b4,convnext_tiny,B05,199,0.696510811423501,pool377,original
orientation_entropy,oent_b5,convnext_tiny,B06,200,0.6840807895776966,pool377,original
orientation_entropy,oent_b6,convnext_tiny,B07,201,0.6842497967631075,pool377,original
orientation_entropy,oent_b7,convnext_tiny,B08,202,0.48835109445130687,pool377,original
orientation_entropy,oent_b8,convnext_tiny,B09,203,0.7598098662481385,pool377,original
orientation_entropy,oent_b9,convnext_tiny,B10,204,0.08606258834098512,pool377,original
orientation_entropy,oent_b10,convnext_tiny,B11,205,0.7236567844274394,pool377,original
orientation_entropy,oent_b11,convnext_tiny,B12,206,0.7073576560472667,pool377,original
orientation_entropy,oent_b12,convnext_tiny,B8A,207,0.6850270428103087,pool377,original
orientation_histogram,hog0_b0_o0,convnext_tiny,B01,208,0.3715302480367081,pool377,original
orientation_histogram,hog0_b0_o1,convnext_tiny,B01,209,0.26680302395504274,pool377,original
orientation_histogram,hog0_b0_o2,convnext_tiny,B01,210,0.31791110948169676,pool377,original
orientation_histogram,hog0_b0_o3,convnext_tiny,B01,211,0.3476789372249779,pool377,original
orientation_histogram,hog0_b1_o0,convnext_tiny,B02,212,0.3678089744743218,pool377,original
orientation_histogram,hog0_b1_o1,convnext_tiny,B02,213,0.3323058512401251,pool377,original
orientation_histogram,hog0_b1_o2,convnext_tiny,B02,214,0.3040700549296631,pool377,original
orientation_histogram,hog0_b1_o3,convnext_tiny,B02,215,0.315550410692796,pool377,original
orientation_histogram,hog0_b2_o0,convnext_tiny,B03,216,0.3738709947783172,pool377,original
orientation_histogram,hog0_b2_o1,convnext_tiny,B03,217,0.3575913586955124,pool377,original
orientation_histogram,hog0_b2_o2,convnext_tiny,B03,218,0.3010964501961324,pool377,original
orientation_histogram,hog0_b2_o3,convnext_tiny,B03,219,0.3307179799365624,pool377,original
orientation_histogram,hog0_b3_o0,convnext_tiny,B04,220,0.3598060153189513,pool377,original
orientation_histogram,hog0_b3_o1,convnext_tiny,B04,221,0.3147398312398798,pool377,original
orientation_histogram,hog0_b3_o2,convnext_tiny,B04,222,0.2822275130432508,pool377,original
orientation_histogram,hog0_b3_o3,convnext_tiny,B04,223,0.30450112886259384,pool377,original
orientation_histogram,hog0_b4_o0,convnext_tiny,B05,224,0.32779578700132206,pool377,original
orientation_histogram,hog0_b4_o1,convnext_tiny,B05,225,0.3272465106656608,pool377,original
orientation_histogram,hog0_b4_o2,convnext_tiny,B05,226,0.2836943058412602,pool377,original
orientation_histogram,hog0_b4_o3,convnext_tiny,B05,227,0.2964637829164676,pool377,original
orientation_histogram,hog0_b5_o0,convnext_tiny,B06,228,0.3117177038243687,pool377,original
orientation_histogram,hog0_b5_o1,convnext_tiny,B06,229,0.33346844018956856,pool377,original
orientation_histogram,hog0_b5_o2,convnext_tiny,B06,230,0.27397159811136806,pool377,original
orientation_histogram,hog0_b5_o3,convnext_tiny,B06,231,0.3009770848019787,pool377,original
orientation_histogram,hog0_b6_o0,convnext_tiny,B07,232,0.3090844185515622,pool377,original
orientation_histogram,hog0_b6_o1,convnext_tiny,B07,233,0.3287593855079728,pool377,original
orientation_histogram,hog0_b6_o2,convnext_tiny,B07,234,0.273431116718045,pool377,original
orientation_histogram,hog0_b6_o3,convnext_tiny,B07,235,0.29967006290953213,pool377,original
orientation_histogram,hog0_b7_o0,convnext_tiny,B08,236,0.418933458904871,pool377,original
orientation_histogram,hog0_b7_o1,convnext_tiny,B08,237,0.36893449996213257,pool377,original
orientation_histogram,hog0_b7_o2,convnext_tiny,B08,238,0.2710659154823811,pool377,original
orientation_histogram,hog0_b7_o3,convnext_tiny,B08,239,0.3372957339509146,pool377,original
orientation_histogram,hog0_b8_o0,convnext_tiny,B09,240,0.3527572538628111,pool377,original
orientation_histogram,hog0_b8_o1,convnext_tiny,B09,241,0.31014313536970595,pool377,original
orientation_histogram,hog0_b8_o2,convnext_tiny,B09,242,0.31023018811514047,pool377,original
orientation_histogram,hog0_b8_o3,convnext_tiny,B09,243,0.34635818266306106,pool377,original
orientation_histogram,hog0_b9_o0,convnext_tiny,B10,244,0.12411080634401472,pool377,original
orientation_histogram,hog0_b9_o1,convnext_tiny,B10,245,0.05013294753411246,pool377,original
orientation_histogram,hog0_b9_o2,convnext_tiny,B10,246,0.11933614316772878,pool377,original
orientation_histogram,hog0_b9_o3,convnext_tiny,B10,247,0.2451079673093739,pool377,original
orientation_histogram,hog0_b10_o0,convnext_tiny,B11,248,0.37188008415743967,pool377,original
orientation_histogram,hog0_b10_o1,convnext_tiny,B11,249,0.3468603955763142,pool377,original
orientation_histogram,hog0_b10_o2,convnext_tiny,B11,250,0.2732165799118531,pool377,original
orientation_histogram,hog0_b10_o3,convnext_tiny,B11,251,0.31093834397224085,pool377,original
orientation_histogram,hog0_b11_o0,convnext_tiny,B12,252,0.38840962986540595,pool377,original
orientation_histogram,hog0_b11_o1,convnext_tiny,B12,253,0.3295611194025482,pool377,original
orientation_histogram,hog0_b11_o2,convnext_tiny,B12,254,0.27557138436426254,pool377,original
orientation_histogram,hog0_b11_o3,convnext_tiny,B12,255,0.293343473966735,pool377,original
orientation_histogram,hog0_b12_o0,convnext_tiny,B8A,256,0.30987050654244597,pool377,original
orientation_histogram,hog0_b12_o1,convnext_tiny,B8A,257,0.3318419213017091,pool377,original
orientation_histogram,hog0_b12_o2,convnext_tiny,B8A,258,0.27033910335742173,pool377,original
orientation_histogram,hog0_b12_o3,convnext_tiny,B8A,259,0.3015691184284206,pool377,original
spectral_peaks,fftpk_b0,convnext_tiny,B01,260,0.01909309264574599,pool377,original
spectral_peaks,fftpk_b1,convnext_tiny,B02,261,0.5216764783330031,pool377,original
spectral_peaks,fftpk_b2,convnext_tiny,B03,262,0.4922468806907683,pool377,original
spectral_peaks,fftpk_b3,convnext_tiny,B04,263,0.49537396629053976,pool377,original
spectral_peaks,fftpk_b4,convnext_tiny,B05,264,0.2757312176844018,pool377,original
spectral_peaks,fftpk_b5,convnext_tiny,B06,265,0.2303200760733093,pool377,original
spectral_peaks,fftpk_b6,convnext_tiny,B07,266,0.22542301993014635,pool377,original
spectral_peaks,fftpk_b7,convnext_tiny,B08,267,0.43118353881793614,pool377,original
spectral_peaks,fftpk_b8,convnext_tiny,B09,268,0.036856990567000536,pool377,original
spectral_peaks,fftpk_b9,convnext_tiny,B10,269,0.07551548791927265,pool377,original
spectral_peaks,fftpk_b10,convnext_tiny,B11,270,0.2249983099246522,pool377,original
spectral_peaks,fftpk_b11,convnext_tiny,B12,271,0.23256996917127326,pool377,original
spectral_peaks,fftpk_b12,convnext_tiny,B8A,272,0.21697672303572235,pool377,original
cross_band,xcorr_b3_b7,convnext_tiny,B04;B08,273,0.632809709168219,pool377,original
cross_band,xcorr_b2_b7,convnext_tiny,B03;B08,274,0.576565106111254,pool377,original
cross_band,xcorr_b1_b7,convnext_tiny,B02;B08,275,0.6048109170686105,pool377,original
cross_band,xcorr_b11_b7,convnext_tiny,B12;B08,276,0.6589844205342819,pool377,original
cross_band,xcorr_b3_b11,convnext_tiny,B04;B12,277,0.5110240775017175,pool377,original
cross_band,xcorr_b2_b3,convnext_tiny,B03;B04,278,0.6090621925522948,pool377,original
cross_band,xcorr_b7_b12,convnext_tiny,B08;B8A,279,0.7048638818776853,pool377,original
cross_band,xcorr_b11_b12,convnext_tiny,B12;B8A,280,0.6480444626010415,pool377,original
index_texture,ixstd_ndvi,convnext_tiny,(B08 - B04) / (B08 + B04 + epsilon),281,0.7881157847817254,pool377,original
index_texture,ixstd_ndwi,convnext_tiny,(B03 - B08) / (B03 + B08 + epsilon),282,0.8144600534363262,pool377,original
index_texture,ixstd_ndbi,convnext_tiny,legacy alias: (B12 - B08) / (B12 + B08 + epsilon),283,0.7131173661700734,pool377,original
index_texture,ixstd_ndmi,convnext_tiny,legacy alias: (B08 - B12) / (B08 + B12 + epsilon),284,0.7131173661700734,pool377,original
index_texture,ixstd_nbr,convnext_tiny,legacy alias: (B08 - B8A) / (B08 + B8A + epsilon),285,0.8309094808719868,pool377,original
index_texture,ixstd_bsi,convnext_tiny,legacy alias: ((B12 + B04) - (B08 + B02)) / ((B12 + B04) + (B08 + B02) + epsilon),286,0.7330154142742564,pool377,original
index_texture,ixgm_ndvi,convnext_tiny,(B08 - B04) / (B08 + B04 + epsilon),287,0.8707967661503121,pool377,original
index_texture,ixgm_ndwi,convnext_tiny,(B03 - B08) / (B03 + B08 + epsilon),288,0.8678262117878072,pool377,original
index_texture,ixgm_ndbi,convnext_tiny,legacy alias: (B12 - B08) / (B12 + B08 + epsilon),289,0.8605896009796767,pool377,original
index_texture,ixgm_ndmi,convnext_tiny,legacy alias: (B08 - B12) / (B08 + B12 + epsilon),290,0.8605896009796767,pool377,original
index_texture,ixgm_nbr,convnext_tiny,legacy alias: (B08 - B8A) / (B08 + B8A + epsilon),291,0.8535419410842962,pool377,original
index_texture,ixgm_bsi,convnext_tiny,legacy alias: ((B12 + B04) - (B08 + B02)) / ((B12 + B04) + (B08 + B02) + epsilon),292,0.8556679466182486,pool377,original
index_texture,ixgs_ndvi,convnext_tiny,(B08 - B04) / (B08 + B04 + epsilon),293,0.8237829526774106,pool377,original
index_texture,ixgs_ndwi,convnext_tiny,(B03 - B08) / (B03 + B08 + epsilon),294,0.8262190332183272,pool377,original
index_texture,ixgs_ndbi,convnext_tiny,legacy alias: (B12 - B08) / (B12 + B08 + epsilon),295,0.8257129508692092,pool377,original
index_texture,ixgs_ndmi,convnext_tiny,legacy alias: (B08 - B12) / (B08 + B12 + epsilon),296,0.8257129508692092,pool377,original
index_texture,ixgs_nbr,convnext_tiny,legacy alias: (B08 - B8A) / (B08 + B8A + epsilon),297,0.8298337221242773,pool377,original
index_texture,ixgs_bsi,convnext_tiny,legacy alias: ((B12 + B04) - (B08 + B02)) / ((B12 + B04) + (B08 + B02) + epsilon),298,0.8103871652207089,pool377,original
index_texture,ixspr_ndvi,convnext_tiny,(B08 - B04) / (B08 + B04 + epsilon),299,0.7658452064467667,pool377,original
index_texture,ixspr_ndwi,convnext_tiny,(B03 - B08) / (B03 + B08 + epsilon),300,0.7854860032854794,pool377,original
index_texture,ixspr_ndbi,convnext_tiny,legacy alias: (B12 - B08) / (B12 + B08 + epsilon),301,0.6963403800074435,pool377,original
index_texture,ixspr_ndmi,convnext_tiny,legacy alias: (B08 - B12) / (B08 + B12 + epsilon),302,0.6963403800074435,pool377,original
index_texture,ixspr_nbr,convnext_tiny,legacy alias: (B08 - B8A) / (B08 + B8A + epsilon),303,0.8202082377616866,pool377,original
index_texture,ixspr_bsi,convnext_tiny,legacy alias: ((B12 + B04) - (B08 + B02)) / ((B12 + B04) + (B08 + B02) + epsilon),304,0.7125320945317102,pool377,original
hough_lines,linepf_pan,convnext_tiny,mean of all 13 TIFF channels; B10 fixed to zero in b10_zeroed variant,305,0.6555235603489677,pool377,original
hough_lines,linepl_pan,convnext_tiny,mean of all 13 TIFF channels; B10 fixed to zero in b10_zeroed variant,306,0.6555957766379201,pool377,original
hough_lines,linet3_pan,convnext_tiny,mean of all 13 TIFF channels; B10 fixed to zero in b10_zeroed variant,307,0.6620981421304343,pool377,original
hough_lines,linepf_ndvi,convnext_tiny,(B08 - B04) / (B08 + B04 + epsilon),308,0.6503493338636086,pool377,original
hough_lines,linepl_ndvi,convnext_tiny,(B08 - B04) / (B08 + B04 + epsilon),309,0.6503487942325568,pool377,original
hough_lines,linet3_ndvi,convnext_tiny,(B08 - B04) / (B08 + B04 + epsilon),310,0.6537696997776299,pool377,original
hough_lines,linepf_ndbi,convnext_tiny,legacy alias: (B12 - B08) / (B12 + B08 + epsilon),311,0.6475743369336167,pool377,original
hough_lines,linepl_ndbi,convnext_tiny,legacy alias: (B12 - B08) / (B12 + B08 + epsilon),312,0.6475810190396163,pool377,original
hough_lines,linet3_ndbi,convnext_tiny,legacy alias: (B12 - B08) / (B12 + B08 + epsilon),313,0.6550729741471947,pool377,original
harris_corners,corn2frac_pan,convnext_tiny,mean of all 13 TIFF channels; B10 fixed to zero in b10_zeroed variant,314,0.8768540684299747,pool377,original
harris_corners,corn2mag_pan,convnext_tiny,mean of all 13 TIFF channels; B10 fixed to zero in b10_zeroed variant,315,0.8406606026132067,pool377,original
harris_corners,corn2frac_ndvi,convnext_tiny,(B08 - B04) / (B08 + B04 + epsilon),316,0.835296063508472,pool377,original
harris_corners,corn2mag_ndvi,convnext_tiny,(B08 - B04) / (B08 + B04 + epsilon),317,0.8286856336333076,pool377,original
harris_corners,corn2frac_ndbi,convnext_tiny,legacy alias: (B12 - B08) / (B12 + B08 + epsilon),318,0.8439424986439226,pool377,original
harris_corners,corn2mag_ndbi,convnext_tiny,legacy alias: (B12 - B08) / (B12 + B08 + epsilon),319,0.8340375898283344,pool377,original
lbp,lbp2ent_pan,convnext_tiny,mean of all 13 TIFF channels; B10 fixed to zero in b10_zeroed variant,320,0.8044716544431942,pool377,original
lbp,lbp2uni_pan,convnext_tiny,mean of all 13 TIFF channels; B10 fixed to zero in b10_zeroed variant,321,0.870256362672627,pool377,original
lbp,lbp2ent_ndvi,convnext_tiny,(B08 - B04) / (B08 + B04 + epsilon),322,0.6717740839953975,pool377,original
lbp,lbp2uni_ndvi,convnext_tiny,(B08 - B04) / (B08 + B04 + epsilon),323,0.7052340853192834,pool377,original
lbp,lbp2ent_ndbi,convnext_tiny,legacy alias: (B12 - B08) / (B12 + B08 + epsilon),324,0.6787330346274795,pool377,original
lbp,lbp2uni_ndbi,convnext_tiny,legacy alias: (B12 - B08) / (B12 + B08 + epsilon),325,0.7170355641774218,pool377,original
blobs,blob2lrg_pan,convnext_tiny,mean of all 13 TIFF channels; B10 fixed to zero in b10_zeroed variant,326,0.22881187240940626,pool377,original
blobs,blob2nc_pan,convnext_tiny,mean of all 13 TIFF channels; B10 fixed to zero in b10_zeroed variant,327,0.6301578950740991,pool377,original
blobs,blob2msz_pan,convnext_tiny,mean of all 13 TIFF channels; B10 fixed to zero in b10_zeroed variant,328,0.3777932204033524,pool377,original
blobs,blob2lrg_ndvi,convnext_tiny,(B08 - B04) / (B08 + B04 + epsilon),329,0.2403718375006575,pool377,original
blobs,blob2nc_ndvi,convnext_tiny,(B08 - B04) / (B08 + B04 + epsilon),330,0.5623389053819432,pool377,original
blobs,blob2msz_ndvi,convnext_tiny,(B08 - B04) / (B08 + B04 + epsilon),331,0.3173627021465777,pool377,original
blobs,blob2lrg_ndbi,convnext_tiny,legacy alias: (B12 - B08) / (B12 + B08 + epsilon),332,0.09479987475455176,pool377,original
blobs,blob2nc_ndbi,convnext_tiny,legacy alias: (B12 - B08) / (B12 + B08 + epsilon),333,0.5724379448352273,pool377,original
blobs,blob2msz_ndbi,convnext_tiny,legacy alias: (B12 - B08) / (B12 + B08 + epsilon),334,0.35264230445911626,pool377,original
spectral_slope,sslope2_pan,convnext_tiny,mean of all 13 TIFF channels; B10 fixed to zero in b10_zeroed variant,335,0.6532691126513264,pool377,original
spectral_slope,sslope2_ndvi,convnext_tiny,(B08 - B04) / (B08 + B04 + epsilon),336,0.7676723987655347,pool377,original
spectral_slope,sslope2_ndbi,convnext_tiny,legacy alias: (B12 - B08) / (B12 + B08 + epsilon),337,0.7049210295128064,pool377,original
index_coherence,ixcoh_ndvi,convnext_tiny,(B08 - B04) / (B08 + B04 + epsilon),338,0.4774759397912909,pool377,original
index_coherence,ixcoh_ndwi,convnext_tiny,(B03 - B08) / (B03 + B08 + epsilon),339,0.5071837351344801,pool377,original
index_coherence,ixcoh_ndbi,convnext_tiny,legacy alias: (B12 - B08) / (B12 + B08 + epsilon),340,0.43147151270790807,pool377,original
index_coherence,ixcoh_ndmi,convnext_tiny,legacy alias: (B08 - B12) / (B08 + B12 + epsilon),341,0.43147151270790807,pool377,original
index_coherence,ixcoh_nbr,convnext_tiny,legacy alias: (B08 - B8A) / (B08 + B8A + epsilon),342,0.2941956570472438,pool377,original
index_coherence,ixcoh_bsi,convnext_tiny,legacy alias: ((B12 + B04) - (B08 + B02)) / ((B12 + B04) + (B08 + B02) + epsilon),343,0.44090175600493353,pool377,original
index_texture_scale2,ix2std_ndvi,convnext_tiny,(B08 - B04) / (B08 + B04 + epsilon),344,0.7844082829004877,pool377,original
index_texture_scale2,ix2std_ndwi,convnext_tiny,(B03 - B08) / (B03 + B08 + epsilon),345,0.8119337366038101,pool377,original
index_texture_scale2,ix2std_ndbi,convnext_tiny,legacy alias: (B12 - B08) / (B12 + B08 + epsilon),346,0.7053588650008765,pool377,original
index_texture_scale2,ix2std_ndmi,convnext_tiny,legacy alias: (B08 - B12) / (B08 + B12 + epsilon),347,0.7053588650008765,pool377,original
index_texture_scale2,ix2std_nbr,convnext_tiny,legacy alias: (B08 - B8A) / (B08 + B8A + epsilon),348,0.8155516549725428,pool377,original
index_texture_scale2,ix2std_bsi,convnext_tiny,legacy alias: ((B12 + B04) - (B08 + B02)) / ((B12 + B04) + (B08 + B02) + epsilon),349,0.7298783529569435,pool377,original
index_texture_scale2,ix2gm_ndvi,convnext_tiny,(B08 - B04) / (B08 + B04 + epsilon),350,0.853596725914443,pool377,original
index_texture_scale2,ix2gm_ndwi,convnext_tiny,(B03 - B08) / (B03 + B08 + epsilon),351,0.8550103845861273,pool377,original
index_texture_scale2,ix2gm_ndbi,convnext_tiny,legacy alias: (B12 - B08) / (B12 + B08 + epsilon),352,0.844864415309537,pool377,original
index_texture_scale2,ix2gm_ndmi,convnext_tiny,legacy alias: (B08 - B12) / (B08 + B12 + epsilon),353,0.844864415309537,pool377,original
index_texture_scale2,ix2gm_nbr,convnext_tiny,legacy alias: (B08 - B8A) / (B08 + B8A + epsilon),354,0.8482244603791769,pool377,original
index_texture_scale2,ix2gm_bsi,convnext_tiny,legacy alias: ((B12 + B04) - (B08 + B02)) / ((B12 + B04) + (B08 + B02) + epsilon),355,0.8322993127308839,pool377,original
cross_band_correlation,xcorr_b3_b7,convnext_tiny,B04;B08,356,0.632809709168219,pool377,original
cross_band_correlation,xcorr_b2_b7,convnext_tiny,B03;B08,357,0.576565106111254,pool377,original
cross_band_correlation,xcorr_b1_b7,convnext_tiny,B02;B08,358,0.6048109170686105,pool377,original
cross_band_correlation,xcorr_b11_b7,convnext_tiny,B12;B08,359,0.6589844205342819,pool377,original
cross_band_correlation,xcorr_b3_b11,convnext_tiny,B04;B12,360,0.5110240775017175,pool377,original
cross_band_correlation,xcorr_b2_b3,convnext_tiny,B03;B04,361,0.6090621925522948,pool377,original
cross_band_correlation,xcorr_b7_b12,convnext_tiny,B08;B8A,362,0.7048638818776853,pool377,original
cross_band_correlation,xcorr_b11_b12,convnext_tiny,B12;B8A,363,0.6480444626010415,pool377,original
orientation_entropy_scale2,oent2_b0,convnext_tiny,B01,364,0.5338636235950854,pool377,original
orientation_entropy_scale2,oent2_b1,convnext_tiny,B02,365,0.3919259768281672,pool377,original
orientation_entropy_scale2,oent2_b2,convnext_tiny,B03,366,0.40937058525219083,pool377,original
orientation_entropy_scale2,oent2_b3,convnext_tiny,B04,367,0.44472131587247354,pool377,original
orientation_entropy_scale2,oent2_b4,convnext_tiny,B05,368,0.6226225974834699,pool377,original
orientation_entropy_scale2,oent2_b5,convnext_tiny,B06,369,0.6246551113184369,pool377,original
orientation_entropy_scale2,oent2_b6,convnext_tiny,B07,370,0.622488408261449,pool377,original
orientation_entropy_scale2,oent2_b7,convnext_tiny,B08,371,0.4432453000818848,pool377,original
orientation_entropy_scale2,oent2_b8,convnext_tiny,B09,372,0.6765101166638402,pool377,original
orientation_entropy_scale2,oent2_b9,convnext_tiny,B10,373,0.4397579242175761,pool377,original
orientation_entropy_scale2,oent2_b10,convnext_tiny,B11,374,0.6586126482116281,pool377,original
orientation_entropy_scale2,oent2_b11,convnext_tiny,B12,375,0.6420961960216083,pool377,original
orientation_entropy_scale2,oent2_b12,convnext_tiny,B8A,376,0.6275235617102526,pool377,original
image_statistics,mean_B01,convnext_tiny,B01,0,0.7427915780458658,imagestats52,original
image_statistics,std_B01,convnext_tiny,B01,1,0.7085815281082475,imagestats52,original
image_statistics,min_B01,convnext_tiny,B01,2,0.6261883586963732,imagestats52,original
image_statistics,max_B01,convnext_tiny,B01,3,0.6960383808196566,imagestats52,original
image_statistics,mean_B02,convnext_tiny,B02,4,0.7844539840143198,imagestats52,original
image_statistics,std_B02,convnext_tiny,B02,5,0.8191274073695067,imagestats52,original
image_statistics,min_B02,convnext_tiny,B02,6,0.5931805072332779,imagestats52,original
image_statistics,max_B02,convnext_tiny,B02,7,0.5673500494752981,imagestats52,original
image_statistics,mean_B03,convnext_tiny,B03,8,0.808554987803205,imagestats52,original
image_statistics,std_B03,convnext_tiny,B03,9,0.8189933164954996,imagestats52,original
image_statistics,min_B03,convnext_tiny,B03,10,0.684640188045035,imagestats52,original
image_statistics,max_B03,convnext_tiny,B03,11,0.5763219388293257,imagestats52,original
image_statistics,mean_B04,convnext_tiny,B04,12,0.8135546825542407,imagestats52,original
image_statistics,std_B04,convnext_tiny,B04,13,0.8069325209077913,imagestats52,original
image_statistics,min_B04,convnext_tiny,B04,14,0.6526939101931925,imagestats52,original
image_statistics,max_B04,convnext_tiny,B04,15,0.5880152789120067,imagestats52,original
image_statistics,mean_B05,convnext_tiny,B05,16,0.8271358544180688,imagestats52,original
image_statistics,std_B05,convnext_tiny,B05,17,0.7649870438062205,imagestats52,original
image_statistics,min_B05,convnext_tiny,B05,18,0.7343455985405796,imagestats52,original
image_statistics,max_B05,convnext_tiny,B05,19,0.6669552175932316,imagestats52,original
image_statistics,mean_B06,convnext_tiny,B06,20,0.8206311053921406,imagestats52,original
image_statistics,std_B06,convnext_tiny,B06,21,0.7703726473299444,imagestats52,original
image_statistics,min_B06,convnext_tiny,B06,22,0.7752600607704194,imagestats52,original
image_statistics,max_B06,convnext_tiny,B06,23,0.6243647745429257,imagestats52,original
image_statistics,mean_B07,convnext_tiny,B07,24,0.8087741485962165,imagestats52,original
image_statistics,std_B07,convnext_tiny,B07,25,0.7721258159312353,imagestats52,original
image_statistics,min_B07,convnext_tiny,B07,26,0.7707831932003543,imagestats52,original
image_statistics,max_B07,convnext_tiny,B07,27,0.6476283564600883,imagestats52,original
image_statistics,mean_B08,convnext_tiny,B08,28,0.8107910139293869,imagestats52,original
image_statistics,std_B08,convnext_tiny,B08,29,0.7998583514688407,imagestats52,original
image_statistics,min_B08,convnext_tiny,B08,30,0.759432340044811,imagestats52,original
image_statistics,max_B08,convnext_tiny,B08,31,0.5270282630381216,imagestats52,original
image_statistics,mean_B09,convnext_tiny,B09,32,0.7732556737492349,imagestats52,original
image_statistics,std_B09,convnext_tiny,B09,33,0.7021791750007558,imagestats52,original
image_statistics,min_B09,convnext_tiny,B09,34,0.7273659691604368,imagestats52,original
image_statistics,max_B09,convnext_tiny,B09,35,0.68931250013743,imagestats52,original
image_statistics,mean_B10,convnext_tiny,B10,36,0.6149387164164991,imagestats52,original
image_statistics,std_B10,convnext_tiny,B10,37,0.4100598817434631,imagestats52,original
image_statistics,min_B10,convnext_tiny,B10,38,0.6015963271426535,imagestats52,original
image_statistics,max_B10,convnext_tiny,B10,39,0.495178213546007,imagestats52,original
image_statistics,mean_B11,convnext_tiny,B11,40,0.8487297955686366,imagestats52,original
image_statistics,std_B11,convnext_tiny,B11,41,0.7252846275844966,imagestats52,original
image_statistics,min_B11,convnext_tiny,B11,42,0.7703456786693655,imagestats52,original
image_statistics,max_B11,convnext_tiny,B11,43,0.6599568005008124,imagestats52,original
image_statistics,mean_B12,convnext_tiny,B12,44,0.828668007962372,imagestats52,original
image_statistics,std_B12,convnext_tiny,B12,45,0.6968842727284121,imagestats52,original
image_statistics,min_B12,convnext_tiny,B12,46,0.7140453437556413,imagestats52,original
image_statistics,max_B12,convnext_tiny,B12,47,0.633757308048738,imagestats52,original
image_statistics,mean_B8A,convnext_tiny,B8A,48,0.8178588279472707,imagestats52,original
image_statistics,std_B8A,convnext_tiny,B8A,49,0.7798099721144616,imagestats52,original
image_statistics,min_B8A,convnext_tiny,B8A,50,0.777884042769651,imagestats52,original
image_statistics,max_B8A,convnext_tiny,B8A,51,0.6657880619523302,imagestats52,original
lbp,lbp2uni_ndbi,dofa_large,legacy alias: (B12 - B08) / (B12 + B08 + epsilon),0,0.8092081378796251,frontier33,original
index_texture,ixgs_nbr,dofa_large,legacy alias: (B08 - B8A) / (B08 + B8A + epsilon),1,0.9140911056351655,frontier33,original
harris_corners,corn2frac_ndvi,dofa_large,(B08 - B04) / (B08 + B04 + epsilon),2,0.9119889714124079,frontier33,original
index_texture,ixgs_ndwi,dofa_large,(B03 - B08) / (B03 + B08 + epsilon),3,0.92935325947756,frontier33,original
multiscale_gradients,g2mean_b1,dofa_large,B02,4,0.9527964373300295,frontier33,original
multiscale_gradients,g0mean_b3,dofa_large,B04,5,0.9633973144775771,frontier33,original
multiscale_gradients,g2mean_b2,dofa_large,B03,6,0.9538390435534104,frontier33,original
index_texture_scale2,ix2std_nbr,dofa_large,legacy alias: (B08 - B8A) / (B08 + B8A + epsilon),7,0.9105887532722174,frontier33,original
orientation_entropy,oent_b11,dofa_large,B12,8,0.8110306008667162,frontier33,original
orientation_entropy,oent_b0,dofa_large,B01,9,0.8200953576061137,frontier33,original
index_texture,ixgs_bsi,dofa_large,legacy alias: ((B12 + B04) - (B08 + B02)) / ((B12 + B04) + (B08 + B02) + epsilon),10,0.9275835631122211,frontier33,original
spectral_statistics,p75_b10,dofa_large,B11,11,0.9676944550927432,frontier33,original
spectral_statistics,p10_b11,dofa_large,B12,12,0.9431391531531871,frontier33,original
harris_corners,corn2mag_ndvi,dofa_large,(B08 - B04) / (B08 + B04 + epsilon),13,0.9105102530485703,frontier33,original
index_texture,ixgm_ndvi,dofa_large,(B08 - B04) / (B08 + B04 + epsilon),14,0.9469940215161692,frontier33,original
spectral_statistics,p90_b8,dofa_large,B09,15,0.9136541944781252,frontier33,original
index_texture,ixgm_nbr,dofa_large,legacy alias: (B08 - B8A) / (B08 + B8A + epsilon),16,0.9315157655912125,frontier33,original
lbp,lbp2uni_ndvi,dofa_large,(B08 - B04) / (B08 + B04 + epsilon),17,0.8276734697693416,frontier33,original
multiscale_gradients,g0mean_b4,dofa_large,B05,18,0.9513659369674856,frontier33,original
spectral_statistics,std_b4,dofa_large,B05,19,0.890445775256014,frontier33,original
hough_lines,linet3_ndvi,dofa_large,(B08 - B04) / (B08 + B04 + epsilon),20,0.7737994024869874,frontier33,original
spectral_statistics,p10_b3,dofa_large,B04,21,0.9224474048106219,frontier33,original
spectral_statistics,p50_b11,dofa_large,B12,22,0.9643204573624833,frontier33,original
orientation_entropy,oent_b2,dofa_large,B03,23,0.669255024516959,frontier33,original
spectral_statistics,p75_b3,dofa_large,B04,24,0.9608288474939525,frontier33,original
blobs,blob2lrg_ndvi,dofa_large,(B08 - B04) / (B08 + B04 + epsilon),25,0.33901828075664475,frontier33,original
harris_corners,corn2frac_pan,dofa_large,mean of all 13 TIFF channels; B10 fixed to zero in b10_zeroed variant,26,0.9088033432279375,frontier33,original
index_texture,ixgm_ndbi,dofa_large,legacy alias: (B12 - B08) / (B12 + B08 + epsilon),27,0.9423516176163267,frontier33,original
spectral_statistics,p75_b0,dofa_large,B01,28,0.9549261802453793,frontier33,original
spectral_statistics,p10_b6,dofa_large,B07,29,0.9521999578380055,frontier33,original
orientation_entropy_scale2,oent2_b1,dofa_large,B02,30,0.6264128136636185,frontier33,original
spectral_statistics,mean_b2,dofa_large,B03,31,0.9674450157549332,frontier33,original
region_shape,tail_aniso_low_ndvi,dofa_large,(B08 - B04) / (B08 + B04 + epsilon),32,0.44086698795089163,frontier33,original
spectral_statistics,mean_b0,dofa_large,B01,0,0.9581976164370611,pool377,original
spectral_statistics,mean_b1,dofa_large,B02,1,0.9677472641640273,pool377,original
spectral_statistics,mean_b2,dofa_large,B03,2,0.9674450157549332,pool377,original
spectral_statistics,mean_b3,dofa_large,B04,3,0.9738435918253873,pool377,original
spectral_statistics,mean_b4,dofa_large,B05,4,0.9729624330129772,pool377,original
spectral_statistics,mean_b5,dofa_large,B06,5,0.9765432974700722,pool377,original
spectral_statistics,mean_b6,dofa_large,B07,6,0.9784210065786284,pool377,original
spectral_statistics,mean_b7,dofa_large,B08,7,0.9791843807145565,pool377,original
spectral_statistics,mean_b8,dofa_large,B09,8,0.9308960771028555,pool377,original
spectral_statistics,mean_b9,dofa_large,B10,9,0.9215302880593808,pool377,original
spectral_statistics,mean_b10,dofa_large,B11,10,0.9770031884747916,pool377,original
spectral_statistics,mean_b11,dofa_large,B12,11,0.9775261917738546,pool377,original
spectral_statistics,mean_b12,dofa_large,B8A,12,0.9785330880558673,pool377,original
spectral_statistics,std_b0,dofa_large,B01,13,0.843744525706527,pool377,original
spectral_statistics,std_b1,dofa_large,B02,14,0.9253566181121382,pool377,original
spectral_statistics,std_b2,dofa_large,B03,15,0.9272053472891957,pool377,original
spectral_statistics,std_b3,dofa_large,B04,16,0.9280193771810323,pool377,original
spectral_statistics,std_b4,dofa_large,B05,17,0.890445775256014,pool377,original
spectral_statistics,std_b5,dofa_large,B06,18,0.8871784680179151,pool377,original
spectral_statistics,std_b6,dofa_large,B07,19,0.9016625320595423,pool377,original
spectral_statistics,std_b7,dofa_large,B08,20,0.9178297604217471,pool377,original
spectral_statistics,std_b8,dofa_large,B09,21,0.7780797982320267,pool377,original
spectral_statistics,std_b9,dofa_large,B10,22,0.541059006278334,pool377,original
spectral_statistics,std_b10,dofa_large,B11,23,0.8529627876208902,pool377,original
spectral_statistics,std_b11,dofa_large,B12,24,0.8608205640606325,pool377,original
spectral_statistics,std_b12,dofa_large,B8A,25,0.9026749804001944,pool377,original
spectral_statistics,p10_b0,dofa_large,B01,26,0.9338158432611582,pool377,original
spectral_statistics,p10_b1,dofa_large,B02,27,0.928397617928453,pool377,original
spectral_statistics,p10_b2,dofa_large,B03,28,0.9270993802973029,pool377,original
spectral_statistics,p10_b3,dofa_large,B04,29,0.9224474048106219,pool377,original
spectral_statistics,p10_b4,dofa_large,B05,30,0.9382098469808741,pool377,original
spectral_statistics,p10_b5,dofa_large,B06,31,0.9502962240467993,pool377,original
spectral_statistics,p10_b6,dofa_large,B07,32,0.9521999578380055,pool377,original
spectral_statistics,p10_b7,dofa_large,B08,33,0.9500319026238682,pool377,original
spectral_statistics,p10_b8,dofa_large,B09,34,0.9244331769294618,pool377,original
spectral_statistics,p10_b9,dofa_large,B10,35,0.9059441293773732,pool377,original
spectral_statistics,p10_b10,dofa_large,B11,36,0.9499131484072891,pool377,original
spectral_statistics,p10_b11,dofa_large,B12,37,0.9431391531531871,pool377,original
spectral_statistics,p10_b12,dofa_large,B8A,38,0.9539580295581183,pool377,original
spectral_statistics,p25_b0,dofa_large,B01,39,0.9440864529875439,pool377,original
spectral_statistics,p25_b1,dofa_large,B02,40,0.9388619273798553,pool377,original
spectral_statistics,p25_b2,dofa_large,B03,41,0.9410349390340829,pool377,original
spectral_statistics,p25_b3,dofa_large,B04,42,0.9398871544060495,pool377,original
spectral_statistics,p25_b4,dofa_large,B05,43,0.9524568894506349,pool377,original
spectral_statistics,p25_b5,dofa_large,B06,44,0.9592273522471514,pool377,original
spectral_statistics,p25_b6,dofa_large,B07,45,0.9601528786899706,pool377,original
spectral_statistics,p25_b7,dofa_large,B08,46,0.9580338372738924,pool377,original
spectral_statistics,p25_b8,dofa_large,B09,47,0.9295782069193399,pool377,original
spectral_statistics,p25_b9,dofa_large,B10,48,0.9116857862406603,pool377,original
spectral_statistics,p25_b10,dofa_large,B11,49,0.9591907212399446,pool377,original
spectral_statistics,p25_b11,dofa_large,B12,50,0.9553090831975597,pool377,original
spectral_statistics,p25_b12,dofa_large,B8A,51,0.9611193443796828,pool377,original
spectral_statistics,p50_b0,dofa_large,B01,52,0.9530490085173786,pool377,original
spectral_statistics,p50_b1,dofa_large,B02,53,0.9523366959011814,pool377,original
spectral_statistics,p50_b2,dofa_large,B03,54,0.9528470336846446,pool377,original
spectral_statistics,p50_b3,dofa_large,B04,55,0.9577999526438283,pool377,original
spectral_statistics,p50_b4,dofa_large,B05,56,0.9624167116534611,pool377,original
spectral_statistics,p50_b5,dofa_large,B06,57,0.9655244900390014,pool377,original
spectral_statistics,p50_b6,dofa_large,B07,58,0.9673125105968733,pool377,original
spectral_statistics,p50_b7,dofa_large,B08,59,0.9659472530318143,pool377,original
spectral_statistics,p50_b8,dofa_large,B09,60,0.9281628781103943,pool377,original
spectral_statistics,p50_b9,dofa_large,B10,61,0.9129892779216215,pool377,original
spectral_statistics,p50_b10,dofa_large,B11,62,0.9665180437784792,pool377,original
spectral_statistics,p50_b11,dofa_large,B12,63,0.9643204573624833,pool377,original
spectral_statistics,p50_b12,dofa_large,B8A,64,0.9681718906529442,pool377,original
spectral_statistics,p75_b0,dofa_large,B01,65,0.9549261802453793,pool377,original
spectral_statistics,p75_b1,dofa_large,B02,66,0.9519585225369172,pool377,original
spectral_statistics,p75_b2,dofa_large,B03,67,0.9532864021778292,pool377,original
spectral_statistics,p75_b3,dofa_large,B04,68,0.9608288474939525,pool377,original
spectral_statistics,p75_b4,dofa_large,B05,69,0.9641848897827409,pool377,original
spectral_statistics,p75_b5,dofa_large,B06,70,0.9667628767561455,pool377,original
spectral_statistics,p75_b6,dofa_large,B07,71,0.9692721585002352,pool377,original
spectral_statistics,p75_b7,dofa_large,B08,72,0.9699186502913112,pool377,original
spectral_statistics,p75_b8,dofa_large,B09,73,0.923671723439058,pool377,original
spectral_statistics,p75_b9,dofa_large,B10,74,0.9072234417370649,pool377,original
spectral_statistics,p75_b10,dofa_large,B11,75,0.9676944550927432,pool377,original
spectral_statistics,p75_b11,dofa_large,B12,76,0.9652893713693311,pool377,original
spectral_statistics,p75_b12,dofa_large,B8A,77,0.9700444097594304,pool377,original
spectral_statistics,p90_b0,dofa_large,B01,78,0.9510961964840997,pool377,original
spectral_statistics,p90_b1,dofa_large,B02,79,0.9569941489559368,pool377,original
spectral_statistics,p90_b2,dofa_large,B03,80,0.9575263108360405,pool377,original
spectral_statistics,p90_b3,dofa_large,B04,81,0.9614425451797041,pool377,original
spectral_statistics,p90_b4,dofa_large,B05,82,0.9607948605309762,pool377,original
spectral_statistics,p90_b5,dofa_large,B06,83,0.9578642409708558,pool377,original
spectral_statistics,p90_b6,dofa_large,B07,84,0.9607129705670612,pool377,original
spectral_statistics,p90_b7,dofa_large,B08,85,0.9628012220663134,pool377,original
spectral_statistics,p90_b8,dofa_large,B09,86,0.9136541944781252,pool377,original
spectral_statistics,p90_b9,dofa_large,B10,87,0.8906006615356472,pool377,original
spectral_statistics,p90_b10,dofa_large,B11,88,0.9580383640809393,pool377,original
spectral_statistics,p90_b11,dofa_large,B12,89,0.9581640037092741,pool377,original
spectral_statistics,p90_b12,dofa_large,B8A,90,0.9622374536449712,pool377,original
multiscale_gradients,g0mean_b0,dofa_large,B01,91,0.9177856472354873,pool377,original
multiscale_gradients,g0mean_b1,dofa_large,B02,92,0.9615295612223469,pool377,original
multiscale_gradients,g0mean_b2,dofa_large,B03,93,0.963016438809272,pool377,original
multiscale_gradients,g0mean_b3,dofa_large,B04,94,0.9633973144775771,pool377,original
multiscale_gradients,g0mean_b4,dofa_large,B05,95,0.9513659369674856,pool377,original
multiscale_gradients,g0mean_b5,dofa_large,B06,96,0.9357018084342468,pool377,original
multiscale_gradients,g0mean_b6,dofa_large,B07,97,0.9383896887597568,pool377,original
multiscale_gradients,g0mean_b7,dofa_large,B08,98,0.9412144248914744,pool377,original
multiscale_gradients,g0mean_b8,dofa_large,B09,99,0.8389006107392475,pool377,original
multiscale_gradients,g0mean_b9,dofa_large,B10,100,0.6521822073046316,pool377,original
multiscale_gradients,g0mean_b10,dofa_large,B11,101,0.9072187273125201,pool377,original
multiscale_gradients,g0mean_b11,dofa_large,B12,102,0.9180772895465744,pool377,original
multiscale_gradients,g0mean_b12,dofa_large,B8A,103,0.937480098866732,pool377,original
multiscale_gradients,g0std_b0,dofa_large,B01,104,0.732961525302614,pool377,original
multiscale_gradients,g0std_b1,dofa_large,B02,105,0.8591108957282534,pool377,original
multiscale_gradients,g0std_b2,dofa_large,B03,106,0.8732097672650361,pool377,original
multiscale_gradients,g0std_b3,dofa_large,B04,107,0.8786893750633553,pool377,original
multiscale_gradients,g0std_b4,dofa_large,B05,108,0.8412952723562337,pool377,original
multiscale_gradients,g0std_b5,dofa_large,B06,109,0.8211265425419677,pool377,original
multiscale_gradients,g0std_b6,dofa_large,B07,110,0.8456599715632089,pool377,original
multiscale_gradients,g0std_b7,dofa_large,B08,111,0.8600275768982226,pool377,original
multiscale_gradients,g0std_b8,dofa_large,B09,112,0.6196166872664522,pool377,original
multiscale_gradients,g0std_b9,dofa_large,B10,113,0.4455372144161499,pool377,original
multiscale_gradients,g0std_b10,dofa_large,B11,114,0.7734860190139454,pool377,original
multiscale_gradients,g0std_b11,dofa_large,B12,115,0.7722549229199435,pool377,original
multiscale_gradients,g0std_b12,dofa_large,B8A,116,0.8472405003775328,pool377,original
multiscale_gradients,g1mean_b0,dofa_large,B01,117,0.9175641979413801,pool377,original
multiscale_gradients,g1mean_b1,dofa_large,B02,118,0.9622133051576096,pool377,original
multiscale_gradients,g1mean_b2,dofa_large,B03,119,0.9637546136168085,pool377,original
multiscale_gradients,g1mean_b3,dofa_large,B04,120,0.963309645817666,pool377,original
multiscale_gradients,g1mean_b4,dofa_large,B05,121,0.9487368451920724,pool377,original
multiscale_gradients,g1mean_b5,dofa_large,B06,122,0.9331196917223744,pool377,original
multiscale_gradients,g1mean_b6,dofa_large,B07,123,0.9363550032292454,pool377,original
multiscale_gradients,g1mean_b7,dofa_large,B08,124,0.9420263991422385,pool377,original
multiscale_gradients,g1mean_b8,dofa_large,B09,125,0.840167874783099,pool377,original
multiscale_gradients,g1mean_b9,dofa_large,B10,126,0.6409626216264434,pool377,original
multiscale_gradients,g1mean_b10,dofa_large,B11,127,0.9036984707551552,pool377,original
multiscale_gradients,g1mean_b11,dofa_large,B12,128,0.9151193351239678,pool377,original
multiscale_gradients,g1mean_b12,dofa_large,B8A,129,0.9356112133618668,pool377,original
multiscale_gradients,g1std_b0,dofa_large,B01,130,0.7379495806834625,pool377,original
multiscale_gradients,g1std_b1,dofa_large,B02,131,0.8742880176997564,pool377,original
multiscale_gradients,g1std_b2,dofa_large,B03,132,0.8911119172146594,pool377,original
multiscale_gradients,g1std_b3,dofa_large,B04,133,0.8898088902623001,pool377,original
multiscale_gradients,g1std_b4,dofa_large,B05,134,0.8405903608515047,pool377,original
multiscale_gradients,g1std_b5,dofa_large,B06,135,0.8228550578198559,pool377,original
multiscale_gradients,g1std_b6,dofa_large,B07,136,0.8477477254912965,pool377,original
multiscale_gradients,g1std_b7,dofa_large,B08,137,0.8700939641021725,pool377,original
multiscale_gradients,g1std_b8,dofa_large,B09,138,0.6293749966187296,pool377,original
multiscale_gradients,g1std_b9,dofa_large,B10,139,0.2282598990363396,pool377,original
multiscale_gradients,g1std_b10,dofa_large,B11,140,0.7731068429890267,pool377,original
multiscale_gradients,g1std_b11,dofa_large,B12,141,0.7696790836528538,pool377,original
multiscale_gradients,g1std_b12,dofa_large,B8A,142,0.8482367280492684,pool377,original
multiscale_gradients,g2mean_b0,dofa_large,B01,143,0.9158838057205206,pool377,original
multiscale_gradients,g2mean_b1,dofa_large,B02,144,0.9527964373300295,pool377,original
multiscale_gradients,g2mean_b2,dofa_large,B03,145,0.9538390435534104,pool377,original
multiscale_gradients,g2mean_b3,dofa_large,B04,146,0.9522391293758177,pool377,original
multiscale_gradients,g2mean_b4,dofa_large,B05,147,0.9394506271171083,pool377,original
multiscale_gradients,g2mean_b5,dofa_large,B06,148,0.9248494489386222,pool377,original
multiscale_gradients,g2mean_b6,dofa_large,B07,149,0.9297607597285523,pool377,original
multiscale_gradients,g2mean_b7,dofa_large,B08,150,0.9328561284883781,pool377,original
multiscale_gradients,g2mean_b8,dofa_large,B09,151,0.8426867496243429,pool377,original
multiscale_gradients,g2mean_b9,dofa_large,B10,152,0.6395588450841738,pool377,original
multiscale_gradients,g2mean_b10,dofa_large,B11,153,0.8932059378896771,pool377,original
multiscale_gradients,g2mean_b11,dofa_large,B12,154,0.905514239707806,pool377,original
multiscale_gradients,g2mean_b12,dofa_large,B8A,155,0.9296255242672291,pool377,original
multiscale_gradients,g2std_b0,dofa_large,B01,156,0.7456806879221095,pool377,original
multiscale_gradients,g2std_b1,dofa_large,B02,157,0.8557984685681297,pool377,original
multiscale_gradients,g2std_b2,dofa_large,B03,158,0.8761323949909121,pool377,original
multiscale_gradients,g2std_b3,dofa_large,B04,159,0.8800731732818542,pool377,original
multiscale_gradients,g2std_b4,dofa_large,B05,160,0.840718435092816,pool377,original
multiscale_gradients,g2std_b5,dofa_large,B06,161,0.8285504564260338,pool377,original
multiscale_gradients,g2std_b6,dofa_large,B07,162,0.8502908623194617,pool377,original
multiscale_gradients,g2std_b7,dofa_large,B08,163,0.8617096587400089,pool377,original
multiscale_gradients,g2std_b8,dofa_large,B09,164,0.6521299801479579,pool377,original
multiscale_gradients,g2std_b9,dofa_large,B10,165,0.33346216397595074,pool377,original
multiscale_gradients,g2std_b10,dofa_large,B11,166,0.7738301838042393,pool377,original
multiscale_gradients,g2std_b11,dofa_large,B12,167,0.7657198851546534,pool377,original
multiscale_gradients,g2std_b12,dofa_large,B8A,168,0.8508214139621983,pool377,original
coherence,coh0_b0,dofa_large,B01,169,0.5170564137200646,pool377,original
coherence,coh0_b1,dofa_large,B02,170,0.5448791371877393,pool377,original
coherence,coh0_b2,dofa_large,B03,171,0.5473029642721563,pool377,original
coherence,coh0_b3,dofa_large,B04,172,0.5399224627932796,pool377,original
coherence,coh0_b4,dofa_large,B05,173,0.6848568027332906,pool377,original
coherence,coh0_b5,dofa_large,B06,174,0.7197623133166353,pool377,original
coherence,coh0_b6,dofa_large,B07,175,0.7131224906203051,pool377,original
coherence,coh0_b7,dofa_large,B08,176,0.555898307451713,pool377,original
coherence,coh0_b8,dofa_large,B09,177,0.6428705725322541,pool377,original
coherence,coh0_b9,dofa_large,B10,178,0.10988953934459611,pool377,original
coherence,coh0_b10,dofa_large,B11,179,0.7074925393331994,pool377,original
coherence,coh0_b11,dofa_large,B12,180,0.6769480061672422,pool377,original
coherence,coh0_b12,dofa_large,B8A,181,0.7220419355886802,pool377,original
coherence,coh1_b0,dofa_large,B01,182,0.5024827319825093,pool377,original
coherence,coh1_b1,dofa_large,B02,183,0.49252348540919955,pool377,original
coherence,coh1_b2,dofa_large,B03,184,0.4973837952135234,pool377,original
coherence,coh1_b3,dofa_large,B04,185,0.475855172252565,pool377,original
coherence,coh1_b4,dofa_large,B05,186,0.6351758990899762,pool377,original
coherence,coh1_b5,dofa_large,B06,187,0.6782831186029451,pool377,original
coherence,coh1_b6,dofa_large,B07,188,0.6728522311079501,pool377,original
coherence,coh1_b7,dofa_large,B08,189,0.5341456139497587,pool377,original
coherence,coh1_b8,dofa_large,B09,190,0.6280716356533562,pool377,original
coherence,coh1_b9,dofa_large,B10,191,0.11493315053537922,pool377,original
coherence,coh1_b10,dofa_large,B11,192,0.6763347030066356,pool377,original
coherence,coh1_b11,dofa_large,B12,193,0.6400803681655411,pool377,original
coherence,coh1_b12,dofa_large,B8A,194,0.6829233730323119,pool377,original
orientation_entropy,oent_b0,dofa_large,B01,195,0.8200953576061137,pool377,original
orientation_entropy,oent_b1,dofa_large,B02,196,0.6537520965181509,pool377,original
orientation_entropy,oent_b2,dofa_large,B03,197,0.669255024516959,pool377,original
orientation_entropy,oent_b3,dofa_large,B04,198,0.6964781642215312,pool377,original
orientation_entropy,oent_b4,dofa_large,B05,199,0.8011789476450075,pool377,original
orientation_entropy,oent_b5,dofa_large,B06,200,0.7994195655610138,pool377,original
orientation_entropy,oent_b6,dofa_large,B07,201,0.8038698831554081,pool377,original
orientation_entropy,oent_b7,dofa_large,B08,202,0.6474864790091224,pool377,original
orientation_entropy,oent_b8,dofa_large,B09,203,0.8462218927026269,pool377,original
orientation_entropy,oent_b9,dofa_large,B10,204,0.11933452724965143,pool377,original
orientation_entropy,oent_b10,dofa_large,B11,205,0.8129160221201293,pool377,original
orientation_entropy,oent_b11,dofa_large,B12,206,0.8110306008667162,pool377,original
orientation_entropy,oent_b12,dofa_large,B8A,207,0.8031105336154485,pool377,original
orientation_histogram,hog0_b0_o0,dofa_large,B01,208,0.4994633513623139,pool377,original
orientation_histogram,hog0_b0_o1,dofa_large,B01,209,0.4395876962154768,pool377,original
orientation_histogram,hog0_b0_o2,dofa_large,B01,210,0.44930860651036286,pool377,original
orientation_histogram,hog0_b0_o3,dofa_large,B01,211,0.5241796019503916,pool377,original
orientation_histogram,hog0_b1_o0,dofa_large,B02,212,0.5718041711106319,pool377,original
orientation_histogram,hog0_b1_o1,dofa_large,B02,213,0.5461425428723351,pool377,original
orientation_histogram,hog0_b1_o2,dofa_large,B02,214,0.5227090253504814,pool377,original
orientation_histogram,hog0_b1_o3,dofa_large,B02,215,0.571921241164664,pool377,original
orientation_histogram,hog0_b2_o0,dofa_large,B03,216,0.5839215078422432,pool377,original
orientation_histogram,hog0_b2_o1,dofa_large,B03,217,0.5692557767555557,pool377,original
orientation_histogram,hog0_b2_o2,dofa_large,B03,218,0.5211502065589841,pool377,original
orientation_histogram,hog0_b2_o3,dofa_large,B03,219,0.5809630791546594,pool377,original
orientation_histogram,hog0_b3_o0,dofa_large,B04,220,0.5615911200201507,pool377,original
orientation_histogram,hog0_b3_o1,dofa_large,B04,221,0.527811884718784,pool377,original
orientation_histogram,hog0_b3_o2,dofa_large,B04,222,0.4972881325598363,pool377,original
orientation_histogram,hog0_b3_o3,dofa_large,B04,223,0.560451498189686,pool377,original
orientation_histogram,hog0_b4_o0,dofa_large,B05,224,0.5240230560556174,pool377,original
orientation_histogram,hog0_b4_o1,dofa_large,B05,225,0.5263708313681221,pool377,original
orientation_histogram,hog0_b4_o2,dofa_large,B05,226,0.472258979071,pool377,original
orientation_histogram,hog0_b4_o3,dofa_large,B05,227,0.5325991812829898,pool377,original
orientation_histogram,hog0_b5_o0,dofa_large,B06,228,0.5151282448203722,pool377,original
orientation_histogram,hog0_b5_o1,dofa_large,B06,229,0.5272689204564416,pool377,original
orientation_histogram,hog0_b5_o2,dofa_large,B06,230,0.46753708134842886,pool377,original
orientation_histogram,hog0_b5_o3,dofa_large,B06,231,0.5323312347245532,pool377,original
orientation_histogram,hog0_b6_o0,dofa_large,B07,232,0.5087023593186949,pool377,original
orientation_histogram,hog0_b6_o1,dofa_large,B07,233,0.528118721061209,pool377,original
orientation_histogram,hog0_b6_o2,dofa_large,B07,234,0.462966715502216,pool377,original
orientation_histogram,hog0_b6_o3,dofa_large,B07,235,0.5375373068576574,pool377,original
orientation_histogram,hog0_b7_o0,dofa_large,B08,236,0.5927268543909151,pool377,original
orientation_histogram,hog0_b7_o1,dofa_large,B08,237,0.562988330799471,pool377,original
orientation_histogram,hog0_b7_o2,dofa_large,B08,238,0.4774291253887414,pool377,original
orientation_histogram,hog0_b7_o3,dofa_large,B08,239,0.574744662053174,pool377,original
orientation_histogram,hog0_b8_o0,dofa_large,B09,240,0.4935067352951201,pool377,original
orientation_histogram,hog0_b8_o1,dofa_large,B09,241,0.46926345993521357,pool377,original
orientation_histogram,hog0_b8_o2,dofa_large,B09,242,0.4461904370513663,pool377,original
orientation_histogram,hog0_b8_o3,dofa_large,B09,243,0.5116365932282299,pool377,original
orientation_histogram,hog0_b9_o0,dofa_large,B10,244,0.14165237618286808,pool377,original
orientation_histogram,hog0_b9_o1,dofa_large,B10,245,0.1202765886571524,pool377,original
orientation_histogram,hog0_b9_o2,dofa_large,B10,246,0.1053824573319656,pool377,original
orientation_histogram,hog0_b9_o3,dofa_large,B10,247,0.2596713529242357,pool377,original
orientation_histogram,hog0_b10_o0,dofa_large,B11,248,0.5471452302164541,pool377,original
orientation_histogram,hog0_b10_o1,dofa_large,B11,249,0.5300449978249584,pool377,original
orientation_histogram,hog0_b10_o2,dofa_large,B11,250,0.4483647611901411,pool377,original
orientation_histogram,hog0_b10_o3,dofa_large,B11,251,0.5251333478720226,pool377,original
orientation_histogram,hog0_b11_o0,dofa_large,B12,252,0.5631266350839932,pool377,original
orientation_histogram,hog0_b11_o1,dofa_large,B12,253,0.5181772222567713,pool377,original
orientation_histogram,hog0_b11_o2,dofa_large,B12,254,0.45988054157948743,pool377,original
orientation_histogram,hog0_b11_o3,dofa_large,B12,255,0.5219759196191256,pool377,original
orientation_histogram,hog0_b12_o0,dofa_large,B8A,256,0.509828540283814,pool377,original
orientation_histogram,hog0_b12_o1,dofa_large,B8A,257,0.5307238982413967,pool377,original
orientation_histogram,hog0_b12_o2,dofa_large,B8A,258,0.45820520833998535,pool377,original
orientation_histogram,hog0_b12_o3,dofa_large,B8A,259,0.5365819472970895,pool377,original
spectral_peaks,fftpk_b0,dofa_large,B01,260,0.025453958914486097,pool377,original
spectral_peaks,fftpk_b1,dofa_large,B02,261,0.6010031197547621,pool377,original
spectral_peaks,fftpk_b2,dofa_large,B03,262,0.5664436488067572,pool377,original
spectral_peaks,fftpk_b3,dofa_large,B04,263,0.5622186448687665,pool377,original
spectral_peaks,fftpk_b4,dofa_large,B05,264,0.3062385095580894,pool377,original
spectral_peaks,fftpk_b5,dofa_large,B06,265,0.2946788262648412,pool377,original
spectral_peaks,fftpk_b6,dofa_large,B07,266,0.28344672064655063,pool377,original
spectral_peaks,fftpk_b7,dofa_large,B08,267,0.5034189575231178,pool377,original
spectral_peaks,fftpk_b8,dofa_large,B09,268,0.04941723594331893,pool377,original
spectral_peaks,fftpk_b9,dofa_large,B10,269,0.0789620816727794,pool377,original
spectral_peaks,fftpk_b10,dofa_large,B11,270,0.2712560613669682,pool377,original
spectral_peaks,fftpk_b11,dofa_large,B12,271,0.2732837372012795,pool377,original
spectral_peaks,fftpk_b12,dofa_large,B8A,272,0.27373208793320714,pool377,original
cross_band,xcorr_b3_b7,dofa_large,B04;B08,273,0.8285421281459684,pool377,original
cross_band,xcorr_b2_b7,dofa_large,B03;B08,274,0.7942547472865338,pool377,original
cross_band,xcorr_b1_b7,dofa_large,B02;B08,275,0.8158029517132672,pool377,original
cross_band,xcorr_b11_b7,dofa_large,B12;B08,276,0.8128054662177052,pool377,original
cross_band,xcorr_b3_b11,dofa_large,B04;B12,277,0.6924230938426286,pool377,original
cross_band,xcorr_b2_b3,dofa_large,B03;B04,278,0.7285787403955771,pool377,original
cross_band,xcorr_b7_b12,dofa_large,B08;B8A,279,0.7618130308450758,pool377,original
cross_band,xcorr_b11_b12,dofa_large,B12;B8A,280,0.7994271029606843,pool377,original
index_texture,ixstd_ndvi,dofa_large,(B08 - B04) / (B08 + B04 + epsilon),281,0.9326878139134231,pool377,original
index_texture,ixstd_ndwi,dofa_large,(B03 - B08) / (B03 + B08 + epsilon),282,0.9380379424752303,pool377,original
index_texture,ixstd_ndbi,dofa_large,legacy alias: (B12 - B08) / (B12 + B08 + epsilon),283,0.8887101712141338,pool377,original
index_texture,ixstd_ndmi,dofa_large,legacy alias: (B08 - B12) / (B08 + B12 + epsilon),284,0.8887101712141338,pool377,original
index_texture,ixstd_nbr,dofa_large,legacy alias: (B08 - B8A) / (B08 + B8A + epsilon),285,0.9212149635067968,pool377,original
index_texture,ixstd_bsi,dofa_large,legacy alias: ((B12 + B04) - (B08 + B02)) / ((B12 + B04) + (B08 + B02) + epsilon),286,0.9123729216673329,pool377,original
index_texture,ixgm_ndvi,dofa_large,(B08 - B04) / (B08 + B04 + epsilon),287,0.9469940215161692,pool377,original
index_texture,ixgm_ndwi,dofa_large,(B03 - B08) / (B03 + B08 + epsilon),288,0.9464766246139387,pool377,original
index_texture,ixgm_ndbi,dofa_large,legacy alias: (B12 - B08) / (B12 + B08 + epsilon),289,0.9423516176163267,pool377,original
index_texture,ixgm_ndmi,dofa_large,legacy alias: (B08 - B12) / (B08 + B12 + epsilon),290,0.9423516176163267,pool377,original
index_texture,ixgm_nbr,dofa_large,legacy alias: (B08 - B8A) / (B08 + B8A + epsilon),291,0.9315157655912125,pool377,original
index_texture,ixgm_bsi,dofa_large,legacy alias: ((B12 + B04) - (B08 + B02)) / ((B12 + B04) + (B08 + B02) + epsilon),292,0.9440990626075942,pool377,original
index_texture,ixgs_ndvi,dofa_large,(B08 - B04) / (B08 + B04 + epsilon),293,0.9292145164183605,pool377,original
index_texture,ixgs_ndwi,dofa_large,(B03 - B08) / (B03 + B08 + epsilon),294,0.92935325947756,pool377,original
index_texture,ixgs_ndbi,dofa_large,legacy alias: (B12 - B08) / (B12 + B08 + epsilon),295,0.9181523531806023,pool377,original
index_texture,ixgs_ndmi,dofa_large,legacy alias: (B08 - B12) / (B08 + B12 + epsilon),296,0.9181523531806023,pool377,original
index_texture,ixgs_nbr,dofa_large,legacy alias: (B08 - B8A) / (B08 + B8A + epsilon),297,0.9140911056351655,pool377,original
index_texture,ixgs_bsi,dofa_large,legacy alias: ((B12 + B04) - (B08 + B02)) / ((B12 + B04) + (B08 + B02) + epsilon),298,0.9275835631122211,pool377,original
index_texture,ixspr_ndvi,dofa_large,(B08 - B04) / (B08 + B04 + epsilon),299,0.9106100119220025,pool377,original
index_texture,ixspr_ndwi,dofa_large,(B03 - B08) / (B03 + B08 + epsilon),300,0.9119975849867408,pool377,original
index_texture,ixspr_ndbi,dofa_large,legacy alias: (B12 - B08) / (B12 + B08 + epsilon),301,0.871824268769692,pool377,original
index_texture,ixspr_ndmi,dofa_large,legacy alias: (B08 - B12) / (B08 + B12 + epsilon),302,0.871824268769692,pool377,original
index_texture,ixspr_nbr,dofa_large,legacy alias: (B08 - B8A) / (B08 + B8A + epsilon),303,0.9157486356281369,pool377,original
index_texture,ixspr_bsi,dofa_large,legacy alias: ((B12 + B04) - (B08 + B02)) / ((B12 + B04) + (B08 + B02) + epsilon),304,0.8898945730275223,pool377,original
hough_lines,linepf_pan,dofa_large,mean of all 13 TIFF channels; B10 fixed to zero in b10_zeroed variant,305,0.7124224889217776,pool377,original
hough_lines,linepl_pan,dofa_large,mean of all 13 TIFF channels; B10 fixed to zero in b10_zeroed variant,306,0.7124818835146081,pool377,original
hough_lines,linet3_pan,dofa_large,mean of all 13 TIFF channels; B10 fixed to zero in b10_zeroed variant,307,0.7240703037262941,pool377,original
hough_lines,linepf_ndvi,dofa_large,(B08 - B04) / (B08 + B04 + epsilon),308,0.7614067450851071,pool377,original
hough_lines,linepl_ndvi,dofa_large,(B08 - B04) / (B08 + B04 + epsilon),309,0.7614072378649435,pool377,original
hough_lines,linet3_ndvi,dofa_large,(B08 - B04) / (B08 + B04 + epsilon),310,0.7737994024869874,pool377,original
hough_lines,linepf_ndbi,dofa_large,legacy alias: (B12 - B08) / (B12 + B08 + epsilon),311,0.7306925553620802,pool377,original
hough_lines,linepl_ndbi,dofa_large,legacy alias: (B12 - B08) / (B12 + B08 + epsilon),312,0.7306971866458951,pool377,original
hough_lines,linet3_ndbi,dofa_large,legacy alias: (B12 - B08) / (B12 + B08 + epsilon),313,0.7446292123596623,pool377,original
harris_corners,corn2frac_pan,dofa_large,mean of all 13 TIFF channels; B10 fixed to zero in b10_zeroed variant,314,0.9088033432279375,pool377,original
harris_corners,corn2mag_pan,dofa_large,mean of all 13 TIFF channels; B10 fixed to zero in b10_zeroed variant,315,0.8808119757272126,pool377,original
harris_corners,corn2frac_ndvi,dofa_large,(B08 - B04) / (B08 + B04 + epsilon),316,0.9119889714124079,pool377,original
harris_corners,corn2mag_ndvi,dofa_large,(B08 - B04) / (B08 + B04 + epsilon),317,0.9105102530485703,pool377,original
harris_corners,corn2frac_ndbi,dofa_large,legacy alias: (B12 - B08) / (B12 + B08 + epsilon),318,0.8963846773255959,pool377,original
harris_corners,corn2mag_ndbi,dofa_large,legacy alias: (B12 - B08) / (B12 + B08 + epsilon),319,0.891467310795905,pool377,original
lbp,lbp2ent_pan,dofa_large,mean of all 13 TIFF channels; B10 fixed to zero in b10_zeroed variant,320,0.8507336656873286,pool377,original
lbp,lbp2uni_pan,dofa_large,mean of all 13 TIFF channels; B10 fixed to zero in b10_zeroed variant,321,0.9076911682541611,pool377,original
lbp,lbp2ent_ndvi,dofa_large,(B08 - B04) / (B08 + B04 + epsilon),322,0.738455298409803,pool377,original
lbp,lbp2uni_ndvi,dofa_large,(B08 - B04) / (B08 + B04 + epsilon),323,0.8276734697693416,pool377,original
lbp,lbp2ent_ndbi,dofa_large,legacy alias: (B12 - B08) / (B12 + B08 + epsilon),324,0.7596534996457754,pool377,original
lbp,lbp2uni_ndbi,dofa_large,legacy alias: (B12 - B08) / (B12 + B08 + epsilon),325,0.8092081378796251,pool377,original
blobs,blob2lrg_pan,dofa_large,mean of all 13 TIFF channels; B10 fixed to zero in b10_zeroed variant,326,0.28336440359880044,pool377,original
blobs,blob2nc_pan,dofa_large,mean of all 13 TIFF channels; B10 fixed to zero in b10_zeroed variant,327,0.67986531756786,pool377,original
blobs,blob2msz_pan,dofa_large,mean of all 13 TIFF channels; B10 fixed to zero in b10_zeroed variant,328,0.41609789982519263,pool377,original
blobs,blob2lrg_ndvi,dofa_large,(B08 - B04) / (B08 + B04 + epsilon),329,0.33901828075664475,pool377,original
blobs,blob2nc_ndvi,dofa_large,(B08 - B04) / (B08 + B04 + epsilon),330,0.6708255913602179,pool377,original
blobs,blob2msz_ndvi,dofa_large,(B08 - B04) / (B08 + B04 + epsilon),331,0.4034678274444773,pool377,original
blobs,blob2lrg_ndbi,dofa_large,legacy alias: (B12 - B08) / (B12 + B08 + epsilon),332,0.18063619629512928,pool377,original
blobs,blob2nc_ndbi,dofa_large,legacy alias: (B12 - B08) / (B12 + B08 + epsilon),333,0.6448573924004188,pool377,original
blobs,blob2msz_ndbi,dofa_large,legacy alias: (B12 - B08) / (B12 + B08 + epsilon),334,0.411721650175885,pool377,original
spectral_slope,sslope2_pan,dofa_large,mean of all 13 TIFF channels; B10 fixed to zero in b10_zeroed variant,335,0.7226247494597238,pool377,original
spectral_slope,sslope2_ndvi,dofa_large,(B08 - B04) / (B08 + B04 + epsilon),336,0.8648813960313464,pool377,original
spectral_slope,sslope2_ndbi,dofa_large,legacy alias: (B12 - B08) / (B12 + B08 + epsilon),337,0.8086427372054881,pool377,original
index_coherence,ixcoh_ndvi,dofa_large,(B08 - B04) / (B08 + B04 + epsilon),338,0.6452252051972514,pool377,original
index_coherence,ixcoh_ndwi,dofa_large,(B03 - B08) / (B03 + B08 + epsilon),339,0.6621094207846809,pool377,original
index_coherence,ixcoh_ndbi,dofa_large,legacy alias: (B12 - B08) / (B12 + B08 + epsilon),340,0.5931262617581761,pool377,original
index_coherence,ixcoh_ndmi,dofa_large,legacy alias: (B08 - B12) / (B08 + B12 + epsilon),341,0.5931262617581761,pool377,original
index_coherence,ixcoh_nbr,dofa_large,legacy alias: (B08 - B8A) / (B08 + B8A + epsilon),342,0.47686181582869125,pool377,original
index_coherence,ixcoh_bsi,dofa_large,legacy alias: ((B12 + B04) - (B08 + B02)) / ((B12 + B04) + (B08 + B02) + epsilon),343,0.6011898432511165,pool377,original
index_texture_scale2,ix2std_ndvi,dofa_large,(B08 - B04) / (B08 + B04 + epsilon),344,0.9317574676640703,pool377,original
index_texture_scale2,ix2std_ndwi,dofa_large,(B03 - B08) / (B03 + B08 + epsilon),345,0.9373577266802987,pool377,original
index_texture_scale2,ix2std_ndbi,dofa_large,legacy alias: (B12 - B08) / (B12 + B08 + epsilon),346,0.8851544875840931,pool377,original
index_texture_scale2,ix2std_ndmi,dofa_large,legacy alias: (B08 - B12) / (B08 + B12 + epsilon),347,0.8851544875840931,pool377,original
index_texture_scale2,ix2std_nbr,dofa_large,legacy alias: (B08 - B8A) / (B08 + B8A + epsilon),348,0.9105887532722174,pool377,original
index_texture_scale2,ix2std_bsi,dofa_large,legacy alias: ((B12 + B04) - (B08 + B02)) / ((B12 + B04) + (B08 + B02) + epsilon),349,0.9107061586810582,pool377,original
index_texture_scale2,ix2gm_ndvi,dofa_large,(B08 - B04) / (B08 + B04 + epsilon),350,0.9438666736748056,pool377,original
index_texture_scale2,ix2gm_ndwi,dofa_large,(B03 - B08) / (B03 + B08 + epsilon),351,0.945037200454814,pool377,original
index_texture_scale2,ix2gm_ndbi,dofa_large,legacy alias: (B12 - B08) / (B12 + B08 + epsilon),352,0.9363239309174973,pool377,original
index_texture_scale2,ix2gm_ndmi,dofa_large,legacy alias: (B08 - B12) / (B08 + B12 + epsilon),353,0.9363239309174973,pool377,original
index_texture_scale2,ix2gm_nbr,dofa_large,legacy alias: (B08 - B8A) / (B08 + B8A + epsilon),354,0.9318561625113242,pool377,original
index_texture_scale2,ix2gm_bsi,dofa_large,legacy alias: ((B12 + B04) - (B08 + B02)) / ((B12 + B04) + (B08 + B02) + epsilon),355,0.9379361052227957,pool377,original
cross_band_correlation,xcorr_b3_b7,dofa_large,B04;B08,356,0.8285421281459684,pool377,original
cross_band_correlation,xcorr_b2_b7,dofa_large,B03;B08,357,0.7942547472865338,pool377,original
cross_band_correlation,xcorr_b1_b7,dofa_large,B02;B08,358,0.8158029517132672,pool377,original
cross_band_correlation,xcorr_b11_b7,dofa_large,B12;B08,359,0.8128054662177052,pool377,original
cross_band_correlation,xcorr_b3_b11,dofa_large,B04;B12,360,0.6924230938426286,pool377,original
cross_band_correlation,xcorr_b2_b3,dofa_large,B03;B04,361,0.7285787403955771,pool377,original
cross_band_correlation,xcorr_b7_b12,dofa_large,B08;B8A,362,0.7618130308450758,pool377,original
cross_band_correlation,xcorr_b11_b12,dofa_large,B12;B8A,363,0.7994271029606843,pool377,original
orientation_entropy_scale2,oent2_b0,dofa_large,B01,364,0.7072672732493048,pool377,original
orientation_entropy_scale2,oent2_b1,dofa_large,B02,365,0.6264128136636185,pool377,original
orientation_entropy_scale2,oent2_b2,dofa_large,B03,366,0.6303870437850294,pool377,original
orientation_entropy_scale2,oent2_b3,dofa_large,B04,367,0.6431070135080172,pool377,original
orientation_entropy_scale2,oent2_b4,dofa_large,B05,368,0.7500216797364077,pool377,original
orientation_entropy_scale2,oent2_b5,dofa_large,B06,369,0.7619398284489566,pool377,original
orientation_entropy_scale2,oent2_b6,dofa_large,B07,370,0.7633272283843509,pool377,original
orientation_entropy_scale2,oent2_b7,dofa_large,B08,371,0.6332909691829118,pool377,original
orientation_entropy_scale2,oent2_b8,dofa_large,B09,372,0.7884171766045762,pool377,original
orientation_entropy_scale2,oent2_b9,dofa_large,B10,373,0.4485844820532572,pool377,original
orientation_entropy_scale2,oent2_b10,dofa_large,B11,374,0.7721209501077531,pool377,original
orientation_entropy_scale2,oent2_b11,dofa_large,B12,375,0.7663344622553955,pool377,original
orientation_entropy_scale2,oent2_b12,dofa_large,B8A,376,0.7670358332729124,pool377,original
image_statistics,mean_B01,dofa_large,B01,0,0.9581976164370611,imagestats52,original
image_statistics,std_B01,dofa_large,B01,1,0.843744525706527,imagestats52,original
image_statistics,min_B01,dofa_large,B01,2,0.9183407252531318,imagestats52,original
image_statistics,max_B01,dofa_large,B01,3,0.8090486577861504,imagestats52,original
image_statistics,mean_B02,dofa_large,B02,4,0.9677472641640273,imagestats52,original
image_statistics,std_B02,dofa_large,B02,5,0.9253566181121382,imagestats52,original
image_statistics,min_B02,dofa_large,B02,6,0.8630703016526762,imagestats52,original
image_statistics,max_B02,dofa_large,B02,7,0.7033222287318808,imagestats52,original
image_statistics,mean_B03,dofa_large,B03,8,0.9674450157549332,imagestats52,original
image_statistics,std_B03,dofa_large,B03,9,0.9272053472891957,imagestats52,original
image_statistics,min_B03,dofa_large,B03,10,0.8725029362603458,imagestats52,original
image_statistics,max_B03,dofa_large,B03,11,0.7018810395864155,imagestats52,original
image_statistics,mean_B04,dofa_large,B04,12,0.9738435918253873,imagestats52,original
image_statistics,std_B04,dofa_large,B04,13,0.9280193771810323,imagestats52,original
image_statistics,min_B04,dofa_large,B04,14,0.8790443538195305,imagestats52,original
image_statistics,max_B04,dofa_large,B04,15,0.7171994574683217,imagestats52,original
image_statistics,mean_B05,dofa_large,B05,16,0.9729624330129772,imagestats52,original
image_statistics,std_B05,dofa_large,B05,17,0.890445775256014,imagestats52,original
image_statistics,min_B05,dofa_large,B05,18,0.8998206250385761,imagestats52,original
image_statistics,max_B05,dofa_large,B05,19,0.7971816376164556,imagestats52,original
image_statistics,mean_B06,dofa_large,B06,20,0.9765432974700722,imagestats52,original
image_statistics,std_B06,dofa_large,B06,21,0.8871784680179151,imagestats52,original
image_statistics,min_B06,dofa_large,B06,22,0.9202824404903625,imagestats52,original
image_statistics,max_B06,dofa_large,B06,23,0.7667483502183957,imagestats52,original
image_statistics,mean_B07,dofa_large,B07,24,0.9784210065786284,imagestats52,original
image_statistics,std_B07,dofa_large,B07,25,0.9016625320595423,imagestats52,original
image_statistics,min_B07,dofa_large,B07,26,0.923632422668873,imagestats52,original
image_statistics,max_B07,dofa_large,B07,27,0.7946861624446142,imagestats52,original
image_statistics,mean_B08,dofa_large,B08,28,0.9791843807145565,imagestats52,original
image_statistics,std_B08,dofa_large,B08,29,0.9178297604217471,imagestats52,original
image_statistics,min_B08,dofa_large,B08,30,0.8950242663011392,imagestats52,original
image_statistics,max_B08,dofa_large,B08,31,0.6833738434922723,imagestats52,original
image_statistics,mean_B09,dofa_large,B09,32,0.9308960771028555,imagestats52,original
image_statistics,std_B09,dofa_large,B09,33,0.7780797982320267,imagestats52,original
image_statistics,min_B09,dofa_large,B09,34,0.9096203808964091,imagestats52,original
image_statistics,max_B09,dofa_large,B09,35,0.7711694608816618,imagestats52,original
image_statistics,mean_B10,dofa_large,B10,36,0.9215302880593808,imagestats52,original
image_statistics,std_B10,dofa_large,B10,37,0.541059006278334,imagestats52,original
image_statistics,min_B10,dofa_large,B10,38,0.8845595026928816,imagestats52,original
image_statistics,max_B10,dofa_large,B10,39,0.6989177439203411,imagestats52,original
image_statistics,mean_B11,dofa_large,B11,40,0.9770031884747916,imagestats52,original
image_statistics,std_B11,dofa_large,B11,41,0.8529627876208902,imagestats52,original
image_statistics,min_B11,dofa_large,B11,42,0.9166643173701012,imagestats52,original
image_statistics,max_B11,dofa_large,B11,43,0.7868875077864503,imagestats52,original
image_statistics,mean_B12,dofa_large,B12,44,0.9775261917738546,imagestats52,original
image_statistics,std_B12,dofa_large,B12,45,0.8608205640606325,imagestats52,original
image_statistics,min_B12,dofa_large,B12,46,0.9039150060993462,imagestats52,original
image_statistics,max_B12,dofa_large,B12,47,0.7612120495866017,imagestats52,original
image_statistics,mean_B8A,dofa_large,B8A,48,0.9785330880558673,imagestats52,original
image_statistics,std_B8A,dofa_large,B8A,49,0.9026749804001944,imagestats52,original
image_statistics,min_B8A,dofa_large,B8A,50,0.9266374878828884,imagestats52,original
image_statistics,max_B8A,dofa_large,B8A,51,0.8017846598699399,imagestats52,original
lbp,lbp2uni_ndbi,olmoearth_nano,legacy alias: (B12 - B08) / (B12 + B08 + epsilon),0,0.8324816795071085,frontier33,original
index_texture,ixgs_nbr,olmoearth_nano,legacy alias: (B08 - B8A) / (B08 + B8A + epsilon),1,0.9224759491222265,frontier33,original
harris_corners,corn2frac_ndvi,olmoearth_nano,(B08 - B04) / (B08 + B04 + epsilon),2,0.9045748935306261,frontier33,original
index_texture,ixgs_ndwi,olmoearth_nano,(B03 - B08) / (B03 + B08 + epsilon),3,0.9362322589791787,frontier33,original
multiscale_gradients,g2mean_b1,olmoearth_nano,B02,4,0.9477969643101383,frontier33,original
multiscale_gradients,g0mean_b3,olmoearth_nano,B04,5,0.9698944866505366,frontier33,original
multiscale_gradients,g2mean_b2,olmoearth_nano,B03,6,0.9527415861782248,frontier33,original
index_texture_scale2,ix2std_nbr,olmoearth_nano,legacy alias: (B08 - B8A) / (B08 + B8A + epsilon),7,0.9285291485390217,frontier33,original
orientation_entropy,oent_b11,olmoearth_nano,B12,8,0.6780068400760519,frontier33,original
orientation_entropy,oent_b0,olmoearth_nano,B01,9,0.7116478633789001,frontier33,original
index_texture,ixgs_bsi,olmoearth_nano,legacy alias: ((B12 + B04) - (B08 + B02)) / ((B12 + B04) + (B08 + B02) + epsilon),10,0.9410437551437167,frontier33,original
spectral_statistics,p75_b10,olmoearth_nano,B11,11,0.9819436597411936,frontier33,original
spectral_statistics,p10_b11,olmoearth_nano,B12,12,0.9583936713380924,frontier33,original
harris_corners,corn2mag_ndvi,olmoearth_nano,(B08 - B04) / (B08 + B04 + epsilon),13,0.8824950583180635,frontier33,original
index_texture,ixgm_ndvi,olmoearth_nano,(B08 - B04) / (B08 + B04 + epsilon),14,0.9642906366333102,frontier33,original
spectral_statistics,p90_b8,olmoearth_nano,B09,15,0.8832002808429122,frontier33,original
index_texture,ixgm_nbr,olmoearth_nano,legacy alias: (B08 - B8A) / (B08 + B8A + epsilon),16,0.9436787007471789,frontier33,original
lbp,lbp2uni_ndvi,olmoearth_nano,(B08 - B04) / (B08 + B04 + epsilon),17,0.8374409100764382,frontier33,original
multiscale_gradients,g0mean_b4,olmoearth_nano,B05,18,0.959542573891746,frontier33,original
spectral_statistics,std_b4,olmoearth_nano,B05,19,0.8582957495532276,frontier33,original
hough_lines,linet3_ndvi,olmoearth_nano,(B08 - B04) / (B08 + B04 + epsilon),20,0.6856452969023321,frontier33,original
spectral_statistics,p10_b3,olmoearth_nano,B04,21,0.9277149895679802,frontier33,original
spectral_statistics,p50_b11,olmoearth_nano,B12,22,0.9770874991046535,frontier33,original
orientation_entropy,oent_b2,olmoearth_nano,B03,23,0.6467107531640457,frontier33,original
spectral_statistics,p75_b3,olmoearth_nano,B04,24,0.972660208876374,frontier33,original
blobs,blob2lrg_ndvi,olmoearth_nano,(B08 - B04) / (B08 + B04 + epsilon),25,0.2758794544789085,frontier33,original
harris_corners,corn2frac_pan,olmoearth_nano,mean of all 13 TIFF channels; B10 fixed to zero in b10_zeroed variant,26,0.873636339469331,frontier33,original
index_texture,ixgm_ndbi,olmoearth_nano,legacy alias: (B12 - B08) / (B12 + B08 + epsilon),27,0.9579997618937173,frontier33,original
spectral_statistics,p75_b0,olmoearth_nano,B01,28,0.9120691941181885,frontier33,original
spectral_statistics,p10_b6,olmoearth_nano,B07,29,0.958942781184448,frontier33,original
orientation_entropy_scale2,oent2_b1,olmoearth_nano,B02,30,0.6369736980395465,frontier33,original
spectral_statistics,mean_b2,olmoearth_nano,B03,31,0.9730575351114851,frontier33,original
region_shape,tail_aniso_low_ndvi,olmoearth_nano,(B08 - B04) / (B08 + B04 + epsilon),32,0.41514772135744904,frontier33,original
spectral_statistics,mean_b0,olmoearth_nano,B01,0,0.9057921976245188,pool377,original
spectral_statistics,mean_b1,olmoearth_nano,B02,1,0.945410106694497,pool377,original
spectral_statistics,mean_b2,olmoearth_nano,B03,2,0.9730575351114851,pool377,original
spectral_statistics,mean_b3,olmoearth_nano,B04,3,0.9856270313198177,pool377,original
spectral_statistics,mean_b4,olmoearth_nano,B05,4,0.9828649979342388,pool377,original
spectral_statistics,mean_b5,olmoearth_nano,B06,5,0.989066078926041,pool377,original
spectral_statistics,mean_b6,olmoearth_nano,B07,6,0.9923113086078097,pool377,original
spectral_statistics,mean_b7,olmoearth_nano,B08,7,0.9917151440894875,pool377,original
spectral_statistics,mean_b8,olmoearth_nano,B09,8,0.9010886650766456,pool377,original
spectral_statistics,mean_b9,olmoearth_nano,B10,9,0.5225876072652589,pool377,original
spectral_statistics,mean_b10,olmoearth_nano,B11,10,0.9938704900833748,pool377,original
spectral_statistics,mean_b11,olmoearth_nano,B12,11,0.9912023169744683,pool377,original
spectral_statistics,mean_b12,olmoearth_nano,B8A,12,0.9927406382702612,pool377,original
spectral_statistics,std_b0,olmoearth_nano,B01,13,0.7869306331739706,pool377,original
spectral_statistics,std_b1,olmoearth_nano,B02,14,0.8854308948366386,pool377,original
spectral_statistics,std_b2,olmoearth_nano,B03,15,0.8925125127444559,pool377,original
spectral_statistics,std_b3,olmoearth_nano,B04,16,0.9076923180155141,pool377,original
spectral_statistics,std_b4,olmoearth_nano,B05,17,0.8582957495532276,pool377,original
spectral_statistics,std_b5,olmoearth_nano,B06,18,0.8664158444867929,pool377,original
spectral_statistics,std_b6,olmoearth_nano,B07,19,0.8846024949852538,pool377,original
spectral_statistics,std_b7,olmoearth_nano,B08,20,0.908705901210266,pool377,original
spectral_statistics,std_b8,olmoearth_nano,B09,21,0.7339413155319925,pool377,original
spectral_statistics,std_b9,olmoearth_nano,B10,22,0.20167988439973383,pool377,original
spectral_statistics,std_b10,olmoearth_nano,B11,23,0.8691510247792064,pool377,original
spectral_statistics,std_b11,olmoearth_nano,B12,24,0.8512642953023731,pool377,original
spectral_statistics,std_b12,olmoearth_nano,B8A,25,0.8916497850378938,pool377,original
spectral_statistics,p10_b0,olmoearth_nano,B01,26,0.8568434245756934,pool377,original
spectral_statistics,p10_b1,olmoearth_nano,B02,27,0.8731552652039123,pool377,original
spectral_statistics,p10_b2,olmoearth_nano,B03,28,0.9265380295713657,pool377,original
spectral_statistics,p10_b3,olmoearth_nano,B04,29,0.9277149895679802,pool377,original
spectral_statistics,p10_b4,olmoearth_nano,B05,30,0.9457357624009167,pool377,original
spectral_statistics,p10_b5,olmoearth_nano,B06,31,0.958242615490904,pool377,original
spectral_statistics,p10_b6,olmoearth_nano,B07,32,0.958942781184448,pool377,original
spectral_statistics,p10_b7,olmoearth_nano,B08,33,0.9583338028160611,pool377,original
spectral_statistics,p10_b8,olmoearth_nano,B09,34,0.8940186836246762,pool377,original
spectral_statistics,p10_b9,olmoearth_nano,B10,35,0.558673094240746,pool377,original
spectral_statistics,p10_b10,olmoearth_nano,B11,36,0.9670267488209431,pool377,original
spectral_statistics,p10_b11,olmoearth_nano,B12,37,0.9583936713380924,pool377,original
spectral_statistics,p10_b12,olmoearth_nano,B8A,38,0.9625001399011001,pool377,original
spectral_statistics,p25_b0,olmoearth_nano,B01,39,0.878202630747718,pool377,original
spectral_statistics,p25_b1,olmoearth_nano,B02,40,0.8970377778116729,pool377,original
spectral_statistics,p25_b2,olmoearth_nano,B03,41,0.9433631700697224,pool377,original
spectral_statistics,p25_b3,olmoearth_nano,B04,42,0.9479437267172455,pool377,original
spectral_statistics,p25_b4,olmoearth_nano,B05,43,0.9608952104138248,pool377,original
spectral_statistics,p25_b5,olmoearth_nano,B06,44,0.9690067134934994,pool377,original
spectral_statistics,p25_b6,olmoearth_nano,B07,45,0.9709814532090943,pool377,original
spectral_statistics,p25_b7,olmoearth_nano,B08,46,0.9682994518791792,pool377,original
spectral_statistics,p25_b8,olmoearth_nano,B09,47,0.89966503649102,pool377,original
spectral_statistics,p25_b9,olmoearth_nano,B10,48,0.551576985078555,pool377,original
spectral_statistics,p25_b10,olmoearth_nano,B11,49,0.9763189855870682,pool377,original
spectral_statistics,p25_b11,olmoearth_nano,B12,50,0.97111599017126,pool377,original
spectral_statistics,p25_b12,olmoearth_nano,B8A,51,0.9727422007365957,pool377,original
spectral_statistics,p50_b0,olmoearth_nano,B01,52,0.9000272233269484,pool377,original
spectral_statistics,p50_b1,olmoearth_nano,B02,53,0.9260002430316167,pool377,original
spectral_statistics,p50_b2,olmoearth_nano,B03,54,0.9573902232391935,pool377,original
spectral_statistics,p50_b3,olmoearth_nano,B04,55,0.9681322781835309,pool377,original
spectral_statistics,p50_b4,olmoearth_nano,B05,56,0.9688444850642393,pool377,original
spectral_statistics,p50_b5,olmoearth_nano,B06,57,0.9728441989435405,pool377,original
spectral_statistics,p50_b6,olmoearth_nano,B07,58,0.9760338143294859,pool377,original
spectral_statistics,p50_b7,olmoearth_nano,B08,59,0.9729695709077011,pool377,original
spectral_statistics,p50_b8,olmoearth_nano,B09,60,0.8968742868797991,pool377,original
spectral_statistics,p50_b9,olmoearth_nano,B10,61,0.5310870538785142,pool377,original
spectral_statistics,p50_b10,olmoearth_nano,B11,62,0.9810831378568174,pool377,original
spectral_statistics,p50_b11,olmoearth_nano,B12,63,0.9770874991046535,pool377,original
spectral_statistics,p50_b12,olmoearth_nano,B8A,64,0.977272751134527,pool377,original
spectral_statistics,p75_b0,olmoearth_nano,B01,65,0.9120691941181885,pool377,original
spectral_statistics,p75_b1,olmoearth_nano,B02,66,0.935956692492095,pool377,original
spectral_statistics,p75_b2,olmoearth_nano,B03,67,0.9578651095075897,pool377,original
spectral_statistics,p75_b3,olmoearth_nano,B04,68,0.972660208876374,pool377,original
spectral_statistics,p75_b4,olmoearth_nano,B05,69,0.9731019190700858,pool377,original
spectral_statistics,p75_b5,olmoearth_nano,B06,70,0.9718551125388765,pool377,original
spectral_statistics,p75_b6,olmoearth_nano,B07,71,0.9758476243766132,pool377,original
spectral_statistics,p75_b7,olmoearth_nano,B08,72,0.9748330030573589,pool377,original
spectral_statistics,p75_b8,olmoearth_nano,B09,73,0.892067013547221,pool377,original
spectral_statistics,p75_b9,olmoearth_nano,B10,74,0.4959106694863207,pool377,original
spectral_statistics,p75_b10,olmoearth_nano,B11,75,0.9819436597411936,pool377,original
spectral_statistics,p75_b11,olmoearth_nano,B12,76,0.9775910185537042,pool377,original
spectral_statistics,p75_b12,olmoearth_nano,B8A,77,0.9766326092026785,pool377,original
spectral_statistics,p90_b0,olmoearth_nano,B01,78,0.9137976706912344,pool377,original
spectral_statistics,p90_b1,olmoearth_nano,B02,79,0.9433691112672374,pool377,original
spectral_statistics,p90_b2,olmoearth_nano,B03,80,0.9563296808262665,pool377,original
spectral_statistics,p90_b3,olmoearth_nano,B04,81,0.9695256218618243,pool377,original
spectral_statistics,p90_b4,olmoearth_nano,B05,82,0.9664700084905109,pool377,original
spectral_statistics,p90_b5,olmoearth_nano,B06,83,0.9640930843772638,pool377,original
spectral_statistics,p90_b6,olmoearth_nano,B07,84,0.9685201517019292,pool377,original
spectral_statistics,p90_b7,olmoearth_nano,B08,85,0.9687733910014649,pool377,original
spectral_statistics,p90_b8,olmoearth_nano,B09,86,0.8832002808429122,pool377,original
spectral_statistics,p90_b9,olmoearth_nano,B10,87,0.45243555941652625,pool377,original
spectral_statistics,p90_b10,olmoearth_nano,B11,88,0.9754713277051945,pool377,original
spectral_statistics,p90_b11,olmoearth_nano,B12,89,0.969753210642724,pool377,original
spectral_statistics,p90_b12,olmoearth_nano,B8A,90,0.9701542275304411,pool377,original
multiscale_gradients,g0mean_b0,olmoearth_nano,B01,91,0.8920726594178511,pool377,original
multiscale_gradients,g0mean_b1,olmoearth_nano,B02,92,0.9624842648271765,pool377,original
multiscale_gradients,g0mean_b2,olmoearth_nano,B03,93,0.9668551260461734,pool377,original
multiscale_gradients,g0mean_b3,olmoearth_nano,B04,94,0.9698944866505366,pool377,original
multiscale_gradients,g0mean_b4,olmoearth_nano,B05,95,0.959542573891746,pool377,original
multiscale_gradients,g0mean_b5,olmoearth_nano,B06,96,0.9479262155667283,pool377,original
multiscale_gradients,g0mean_b6,olmoearth_nano,B07,97,0.9537765548206568,pool377,original
multiscale_gradients,g0mean_b7,olmoearth_nano,B08,98,0.9568886260364481,pool377,original
multiscale_gradients,g0mean_b8,olmoearth_nano,B09,99,0.8053820406209045,pool377,original
multiscale_gradients,g0mean_b9,olmoearth_nano,B10,100,0.4888069036849436,pool377,original
multiscale_gradients,g0mean_b10,olmoearth_nano,B11,101,0.9532842028288604,pool377,original
multiscale_gradients,g0mean_b11,olmoearth_nano,B12,102,0.9488543973487511,pool377,original
multiscale_gradients,g0mean_b12,olmoearth_nano,B8A,103,0.9586329185009076,pool377,original
multiscale_gradients,g0std_b0,olmoearth_nano,B01,104,0.6272499290521838,pool377,original
multiscale_gradients,g0std_b1,olmoearth_nano,B02,105,0.7641402280037363,pool377,original
multiscale_gradients,g0std_b2,olmoearth_nano,B03,106,0.7883193413416618,pool377,original
multiscale_gradients,g0std_b3,olmoearth_nano,B04,107,0.8043786243026211,pool377,original
multiscale_gradients,g0std_b4,olmoearth_nano,B05,108,0.7410659325854732,pool377,original
multiscale_gradients,g0std_b5,olmoearth_nano,B06,109,0.7437717307825378,pool377,original
multiscale_gradients,g0std_b6,olmoearth_nano,B07,110,0.7887957510126926,pool377,original
multiscale_gradients,g0std_b7,olmoearth_nano,B08,111,0.8206819702392256,pool377,original
multiscale_gradients,g0std_b8,olmoearth_nano,B09,112,0.551901702706691,pool377,original
multiscale_gradients,g0std_b9,olmoearth_nano,B10,113,0.31708101131949273,pool377,original
multiscale_gradients,g0std_b10,olmoearth_nano,B11,114,0.7145951715365312,pool377,original
multiscale_gradients,g0std_b11,olmoearth_nano,B12,115,0.7004600672730728,pool377,original
multiscale_gradients,g0std_b12,olmoearth_nano,B8A,116,0.803149873440528,pool377,original
multiscale_gradients,g1mean_b0,olmoearth_nano,B01,117,0.892101747879092,pool377,original
multiscale_gradients,g1mean_b1,olmoearth_nano,B02,118,0.9633294753578828,pool377,original
multiscale_gradients,g1mean_b2,olmoearth_nano,B03,119,0.968653374378817,pool377,original
multiscale_gradients,g1mean_b3,olmoearth_nano,B04,120,0.9722910724415925,pool377,original
multiscale_gradients,g1mean_b4,olmoearth_nano,B05,121,0.9561082011656551,pool377,original
multiscale_gradients,g1mean_b5,olmoearth_nano,B06,122,0.9433381519471967,pool377,original
multiscale_gradients,g1mean_b6,olmoearth_nano,B07,123,0.9497287737568616,pool377,original
multiscale_gradients,g1mean_b7,olmoearth_nano,B08,124,0.9628871219822199,pool377,original
multiscale_gradients,g1mean_b8,olmoearth_nano,B09,125,0.8064750963176008,pool377,original
multiscale_gradients,g1mean_b9,olmoearth_nano,B10,126,0.46945931001007213,pool377,original
multiscale_gradients,g1mean_b10,olmoearth_nano,B11,127,0.95187644893277,pool377,original
multiscale_gradients,g1mean_b11,olmoearth_nano,B12,128,0.9474451105583609,pool377,original
multiscale_gradients,g1mean_b12,olmoearth_nano,B8A,129,0.9549442230821681,pool377,original
multiscale_gradients,g1std_b0,olmoearth_nano,B01,130,0.6323660558259392,pool377,original
multiscale_gradients,g1std_b1,olmoearth_nano,B02,131,0.7836004330723167,pool377,original
multiscale_gradients,g1std_b2,olmoearth_nano,B03,132,0.8079010747433889,pool377,original
multiscale_gradients,g1std_b3,olmoearth_nano,B04,133,0.8175955504209419,pool377,original
multiscale_gradients,g1std_b4,olmoearth_nano,B05,134,0.7414167834329297,pool377,original
multiscale_gradients,g1std_b5,olmoearth_nano,B06,135,0.7480087579842655,pool377,original
multiscale_gradients,g1std_b6,olmoearth_nano,B07,136,0.7928427598784231,pool377,original
multiscale_gradients,g1std_b7,olmoearth_nano,B08,137,0.8329196116982833,pool377,original
multiscale_gradients,g1std_b8,olmoearth_nano,B09,138,0.5626337262148136,pool377,original
multiscale_gradients,g1std_b9,olmoearth_nano,B10,139,0.05116701279118285,pool377,original
multiscale_gradients,g1std_b10,olmoearth_nano,B11,140,0.7168609429954678,pool377,original
multiscale_gradients,g1std_b11,olmoearth_nano,B12,141,0.6977855606430796,pool377,original
multiscale_gradients,g1std_b12,olmoearth_nano,B8A,142,0.8058048561528636,pool377,original
multiscale_gradients,g2mean_b0,olmoearth_nano,B01,143,0.8905814662463316,pool377,original
multiscale_gradients,g2mean_b1,olmoearth_nano,B02,144,0.9477969643101383,pool377,original
multiscale_gradients,g2mean_b2,olmoearth_nano,B03,145,0.9527415861782248,pool377,original
multiscale_gradients,g2mean_b3,olmoearth_nano,B04,146,0.9595365464764399,pool377,original
multiscale_gradients,g2mean_b4,olmoearth_nano,B05,147,0.9435113276241652,pool377,original
multiscale_gradients,g2mean_b5,olmoearth_nano,B06,148,0.9268115713968053,pool377,original
multiscale_gradients,g2mean_b6,olmoearth_nano,B07,149,0.9351328660634768,pool377,original
multiscale_gradients,g2mean_b7,olmoearth_nano,B08,150,0.9479513629931884,pool377,original
multiscale_gradients,g2mean_b8,olmoearth_nano,B09,151,0.807519108436939,pool377,original
multiscale_gradients,g2mean_b9,olmoearth_nano,B10,152,0.45123730131511053,pool377,original
multiscale_gradients,g2mean_b10,olmoearth_nano,B11,153,0.9448959194089598,pool377,original
multiscale_gradients,g2mean_b11,olmoearth_nano,B12,154,0.9401454859053108,pool377,original
multiscale_gradients,g2mean_b12,olmoearth_nano,B8A,155,0.9410048394861493,pool377,original
multiscale_gradients,g2std_b0,olmoearth_nano,B01,156,0.6419104880252812,pool377,original
multiscale_gradients,g2std_b1,olmoearth_nano,B02,157,0.7683690932406824,pool377,original
multiscale_gradients,g2std_b2,olmoearth_nano,B03,158,0.7935501344192307,pool377,original
multiscale_gradients,g2std_b3,olmoearth_nano,B04,159,0.8104174626239663,pool377,original
multiscale_gradients,g2std_b4,olmoearth_nano,B05,160,0.7488941200925022,pool377,original
multiscale_gradients,g2std_b5,olmoearth_nano,B06,161,0.7628909772070025,pool377,original
multiscale_gradients,g2std_b6,olmoearth_nano,B07,162,0.801619087892284,pool377,original
multiscale_gradients,g2std_b7,olmoearth_nano,B08,163,0.828897856515765,pool377,original
multiscale_gradients,g2std_b8,olmoearth_nano,B09,164,0.5882565916795762,pool377,original
multiscale_gradients,g2std_b9,olmoearth_nano,B10,165,0.13821975164212297,pool377,original
multiscale_gradients,g2std_b10,olmoearth_nano,B11,166,0.7280299543039179,pool377,original
multiscale_gradients,g2std_b11,olmoearth_nano,B12,167,0.6965022032229555,pool377,original
multiscale_gradients,g2std_b12,olmoearth_nano,B8A,168,0.8112654837262636,pool377,original
coherence,coh0_b0,olmoearth_nano,B01,169,0.36209671201355687,pool377,original
coherence,coh0_b1,olmoearth_nano,B02,170,0.5088688371755614,pool377,original
coherence,coh0_b2,olmoearth_nano,B03,171,0.5081020487746379,pool377,original
coherence,coh0_b3,olmoearth_nano,B04,172,0.48184684472596706,pool377,original
coherence,coh0_b4,olmoearth_nano,B05,173,0.5287930786650992,pool377,original
coherence,coh0_b5,olmoearth_nano,B06,174,0.5825196857953558,pool377,original
coherence,coh0_b6,olmoearth_nano,B07,175,0.5778780840206308,pool377,original
coherence,coh0_b7,olmoearth_nano,B08,176,0.5253898503316952,pool377,original
coherence,coh0_b8,olmoearth_nano,B09,177,0.501334417558436,pool377,original
coherence,coh0_b9,olmoearth_nano,B10,178,0.15721272025612332,pool377,original
coherence,coh0_b10,olmoearth_nano,B11,179,0.5685572519570867,pool377,original
coherence,coh0_b11,olmoearth_nano,B12,180,0.5373520562829037,pool377,original
coherence,coh0_b12,olmoearth_nano,B8A,181,0.5859407534819832,pool377,original
coherence,coh1_b0,olmoearth_nano,B01,182,0.34973548431675805,pool377,original
coherence,coh1_b1,olmoearth_nano,B02,183,0.5235584172069532,pool377,original
coherence,coh1_b2,olmoearth_nano,B03,184,0.5130435791015899,pool377,original
coherence,coh1_b3,olmoearth_nano,B04,185,0.49040557871198875,pool377,original
coherence,coh1_b4,olmoearth_nano,B05,186,0.5036103468962688,pool377,original
coherence,coh1_b5,olmoearth_nano,B06,187,0.558847808832581,pool377,original
coherence,coh1_b6,olmoearth_nano,B07,188,0.5549626238827456,pool377,original
coherence,coh1_b7,olmoearth_nano,B08,189,0.5450298744294049,pool377,original
coherence,coh1_b8,olmoearth_nano,B09,190,0.4856522521913169,pool377,original
coherence,coh1_b9,olmoearth_nano,B10,191,0.13100604225130486,pool377,original
coherence,coh1_b10,olmoearth_nano,B11,192,0.544711968933195,pool377,original
coherence,coh1_b11,olmoearth_nano,B12,193,0.5142934361969144,pool377,original
coherence,coh1_b12,olmoearth_nano,B8A,194,0.5629730955536356,pool377,original
orientation_entropy,oent_b0,olmoearth_nano,B01,195,0.7116478633789001,pool377,original
orientation_entropy,oent_b1,olmoearth_nano,B02,196,0.644248975674512,pool377,original
orientation_entropy,oent_b2,olmoearth_nano,B03,197,0.6467107531640457,pool377,original
orientation_entropy,oent_b3,olmoearth_nano,B04,198,0.6503296056258636,pool377,original
orientation_entropy,oent_b4,olmoearth_nano,B05,199,0.6513944549623563,pool377,original
orientation_entropy,oent_b5,olmoearth_nano,B06,200,0.6621680096446062,pool377,original
orientation_entropy,oent_b6,olmoearth_nano,B07,201,0.666867532759098,pool377,original
orientation_entropy,oent_b7,olmoearth_nano,B08,202,0.6179719642328865,pool377,original
orientation_entropy,oent_b8,olmoearth_nano,B09,203,0.716615055645949,pool377,original
orientation_entropy,oent_b9,olmoearth_nano,B10,204,0.15876270384318292,pool377,original
orientation_entropy,oent_b10,olmoearth_nano,B11,205,0.6804836145921824,pool377,original
orientation_entropy,oent_b11,olmoearth_nano,B12,206,0.6780068400760519,pool377,original
orientation_entropy,oent_b12,olmoearth_nano,B8A,207,0.6695003955335203,pool377,original
orientation_histogram,hog0_b0_o0,olmoearth_nano,B01,208,0.5427508768713295,pool377,original
orientation_histogram,hog0_b0_o1,olmoearth_nano,B01,209,0.5168672823300526,pool377,original
orientation_histogram,hog0_b0_o2,olmoearth_nano,B01,210,0.5132424484964381,pool377,original
orientation_histogram,hog0_b0_o3,olmoearth_nano,B01,211,0.6209839028327282,pool377,original
orientation_histogram,hog0_b1_o0,olmoearth_nano,B02,212,0.6246018640904987,pool377,original
orientation_histogram,hog0_b1_o1,olmoearth_nano,B02,213,0.6042386989375261,pool377,original
orientation_histogram,hog0_b1_o2,olmoearth_nano,B02,214,0.6886380785671382,pool377,original
orientation_histogram,hog0_b1_o3,olmoearth_nano,B02,215,0.7172746181395755,pool377,original
orientation_histogram,hog0_b2_o0,olmoearth_nano,B03,216,0.6243529132976817,pool377,original
orientation_histogram,hog0_b2_o1,olmoearth_nano,B03,217,0.6185334354208456,pool377,original
orientation_histogram,hog0_b2_o2,olmoearth_nano,B03,218,0.6892456708454355,pool377,original
orientation_histogram,hog0_b2_o3,olmoearth_nano,B03,219,0.7277370532412115,pool377,original
orientation_histogram,hog0_b3_o0,olmoearth_nano,B04,220,0.6084130863073962,pool377,original
orientation_histogram,hog0_b3_o1,olmoearth_nano,B04,221,0.590007738053238,pool377,original
orientation_histogram,hog0_b3_o2,olmoearth_nano,B04,222,0.67446297435101,pool377,original
orientation_histogram,hog0_b3_o3,olmoearth_nano,B04,223,0.7098379399224269,pool377,original
orientation_histogram,hog0_b4_o0,olmoearth_nano,B05,224,0.5865892826491834,pool377,original
orientation_histogram,hog0_b4_o1,olmoearth_nano,B05,225,0.6116051131999846,pool377,original
orientation_histogram,hog0_b4_o2,olmoearth_nano,B05,226,0.6332218929497593,pool377,original
orientation_histogram,hog0_b4_o3,olmoearth_nano,B05,227,0.6770447865955749,pool377,original
orientation_histogram,hog0_b5_o0,olmoearth_nano,B06,228,0.5869339850656143,pool377,original
orientation_histogram,hog0_b5_o1,olmoearth_nano,B06,229,0.6204834597342783,pool377,original
orientation_histogram,hog0_b5_o2,olmoearth_nano,B06,230,0.6336787839699529,pool377,original
orientation_histogram,hog0_b5_o3,olmoearth_nano,B06,231,0.673912465952542,pool377,original
orientation_histogram,hog0_b6_o0,olmoearth_nano,B07,232,0.5800591378552324,pool377,original
orientation_histogram,hog0_b6_o1,olmoearth_nano,B07,233,0.6227360440044613,pool377,original
orientation_histogram,hog0_b6_o2,olmoearth_nano,B07,234,0.6289625546538131,pool377,original
orientation_histogram,hog0_b6_o3,olmoearth_nano,B07,235,0.6783321316173825,pool377,original
orientation_histogram,hog0_b7_o0,olmoearth_nano,B08,236,0.629585072023503,pool377,original
orientation_histogram,hog0_b7_o1,olmoearth_nano,B08,237,0.6248144577050988,pool377,original
orientation_histogram,hog0_b7_o2,olmoearth_nano,B08,238,0.655877392759826,pool377,original
orientation_histogram,hog0_b7_o3,olmoearth_nano,B08,239,0.7148837566943878,pool377,original
orientation_histogram,hog0_b8_o0,olmoearth_nano,B09,240,0.5256872860239272,pool377,original
orientation_histogram,hog0_b8_o1,olmoearth_nano,B09,241,0.5203103626342049,pool377,original
orientation_histogram,hog0_b8_o2,olmoearth_nano,B09,242,0.5220329177313039,pool377,original
orientation_histogram,hog0_b8_o3,olmoearth_nano,B09,243,0.5981818854000516,pool377,original
orientation_histogram,hog0_b9_o0,olmoearth_nano,B10,244,0.15139323411513672,pool377,original
orientation_histogram,hog0_b9_o1,olmoearth_nano,B10,245,0.235490851561741,pool377,original
orientation_histogram,hog0_b9_o2,olmoearth_nano,B10,246,0.11186338218922343,pool377,original
orientation_histogram,hog0_b9_o3,olmoearth_nano,B10,247,0.04888105148263433,pool377,original
orientation_histogram,hog0_b10_o0,olmoearth_nano,B11,248,0.6055088775829165,pool377,original
orientation_histogram,hog0_b10_o1,olmoearth_nano,B11,249,0.6190564709238257,pool377,original
orientation_histogram,hog0_b10_o2,olmoearth_nano,B11,250,0.6174182828400994,pool377,original
orientation_histogram,hog0_b10_o3,olmoearth_nano,B11,251,0.6684867092328658,pool377,original
orientation_histogram,hog0_b11_o0,olmoearth_nano,B12,252,0.6332083985626706,pool377,original
orientation_histogram,hog0_b11_o1,olmoearth_nano,B12,253,0.6226205332197123,pool377,original
orientation_histogram,hog0_b11_o2,olmoearth_nano,B12,254,0.6281174118749975,pool377,original
orientation_histogram,hog0_b11_o3,olmoearth_nano,B12,255,0.6736912080167341,pool377,original
orientation_histogram,hog0_b12_o0,olmoearth_nano,B8A,256,0.5873317953632724,pool377,original
orientation_histogram,hog0_b12_o1,olmoearth_nano,B8A,257,0.6284769027661503,pool377,original
orientation_histogram,hog0_b12_o2,olmoearth_nano,B8A,258,0.6333027142794017,pool377,original
orientation_histogram,hog0_b12_o3,olmoearth_nano,B8A,259,0.6806657685470869,pool377,original
spectral_peaks,fftpk_b0,olmoearth_nano,B01,260,0.028381308550210815,pool377,original
spectral_peaks,fftpk_b1,olmoearth_nano,B02,261,0.523945912180558,pool377,original
spectral_peaks,fftpk_b2,olmoearth_nano,B03,262,0.48209382005821844,pool377,original
spectral_peaks,fftpk_b3,olmoearth_nano,B04,263,0.5035019726319376,pool377,original
spectral_peaks,fftpk_b4,olmoearth_nano,B05,264,0.2749456399080772,pool377,original
spectral_peaks,fftpk_b5,olmoearth_nano,B06,265,0.2342743451287067,pool377,original
spectral_peaks,fftpk_b6,olmoearth_nano,B07,266,0.22301297492512773,pool377,original
spectral_peaks,fftpk_b7,olmoearth_nano,B08,267,0.4530185755592264,pool377,original
spectral_peaks,fftpk_b8,olmoearth_nano,B09,268,0.03318218830175912,pool377,original
spectral_peaks,fftpk_b9,olmoearth_nano,B10,269,0.08530435531205038,pool377,original
spectral_peaks,fftpk_b10,olmoearth_nano,B11,270,0.2388262127892572,pool377,original
spectral_peaks,fftpk_b11,olmoearth_nano,B12,271,0.2475788469883612,pool377,original
spectral_peaks,fftpk_b12,olmoearth_nano,B8A,272,0.21575249513184003,pool377,original
cross_band,xcorr_b3_b7,olmoearth_nano,B04;B08,273,0.8435833847376141,pool377,original
cross_band,xcorr_b2_b7,olmoearth_nano,B03;B08,274,0.7966165469208112,pool377,original
cross_band,xcorr_b1_b7,olmoearth_nano,B02;B08,275,0.8104438783859151,pool377,original
cross_band,xcorr_b11_b7,olmoearth_nano,B12;B08,276,0.8623232566022844,pool377,original
cross_band,xcorr_b3_b11,olmoearth_nano,B04;B12,277,0.670086079317735,pool377,original
cross_band,xcorr_b2_b3,olmoearth_nano,B03;B04,278,0.6368752169528515,pool377,original
cross_band,xcorr_b7_b12,olmoearth_nano,B08;B8A,279,0.688007158620173,pool377,original
cross_band,xcorr_b11_b12,olmoearth_nano,B12;B8A,280,0.8499509504596956,pool377,original
index_texture,ixstd_ndvi,olmoearth_nano,(B08 - B04) / (B08 + B04 + epsilon),281,0.9528317555619318,pool377,original
index_texture,ixstd_ndwi,olmoearth_nano,(B03 - B08) / (B03 + B08 + epsilon),282,0.9571928352289827,pool377,original
index_texture,ixstd_ndbi,olmoearth_nano,legacy alias: (B12 - B08) / (B12 + B08 + epsilon),283,0.9049929329797468,pool377,original
index_texture,ixstd_ndmi,olmoearth_nano,legacy alias: (B08 - B12) / (B08 + B12 + epsilon),284,0.9049929329797468,pool377,original
index_texture,ixstd_nbr,olmoearth_nano,legacy alias: (B08 - B8A) / (B08 + B8A + epsilon),285,0.9389454798882373,pool377,original
index_texture,ixstd_bsi,olmoearth_nano,legacy alias: ((B12 + B04) - (B08 + B02)) / ((B12 + B04) + (B08 + B02) + epsilon),286,0.9298812662389391,pool377,original
index_texture,ixgm_ndvi,olmoearth_nano,(B08 - B04) / (B08 + B04 + epsilon),287,0.9642906366333102,pool377,original
index_texture,ixgm_ndwi,olmoearth_nano,(B03 - B08) / (B03 + B08 + epsilon),288,0.9635601447444222,pool377,original
index_texture,ixgm_ndbi,olmoearth_nano,legacy alias: (B12 - B08) / (B12 + B08 + epsilon),289,0.9579997618937173,pool377,original
index_texture,ixgm_ndmi,olmoearth_nano,legacy alias: (B08 - B12) / (B08 + B12 + epsilon),290,0.9579997618937173,pool377,original
index_texture,ixgm_nbr,olmoearth_nano,legacy alias: (B08 - B8A) / (B08 + B8A + epsilon),291,0.9436787007471789,pool377,original
index_texture,ixgm_bsi,olmoearth_nano,legacy alias: ((B12 + B04) - (B08 + B02)) / ((B12 + B04) + (B08 + B02) + epsilon),292,0.9631145009367934,pool377,original
index_texture,ixgs_ndvi,olmoearth_nano,(B08 - B04) / (B08 + B04 + epsilon),293,0.9336284600458491,pool377,original
index_texture,ixgs_ndwi,olmoearth_nano,(B03 - B08) / (B03 + B08 + epsilon),294,0.9362322589791787,pool377,original
index_texture,ixgs_ndbi,olmoearth_nano,legacy alias: (B12 - B08) / (B12 + B08 + epsilon),295,0.9252218853196479,pool377,original
index_texture,ixgs_ndmi,olmoearth_nano,legacy alias: (B08 - B12) / (B08 + B12 + epsilon),296,0.9252218853196479,pool377,original
index_texture,ixgs_nbr,olmoearth_nano,legacy alias: (B08 - B8A) / (B08 + B8A + epsilon),297,0.9224759491222265,pool377,original
index_texture,ixgs_bsi,olmoearth_nano,legacy alias: ((B12 + B04) - (B08 + B02)) / ((B12 + B04) + (B08 + B02) + epsilon),298,0.9410437551437167,pool377,original
index_texture,ixspr_ndvi,olmoearth_nano,(B08 - B04) / (B08 + B04 + epsilon),299,0.9329776250489541,pool377,original
index_texture,ixspr_ndwi,olmoearth_nano,(B03 - B08) / (B03 + B08 + epsilon),300,0.9320454628225675,pool377,original
index_texture,ixspr_ndbi,olmoearth_nano,legacy alias: (B12 - B08) / (B12 + B08 + epsilon),301,0.8915554412408961,pool377,original
index_texture,ixspr_ndmi,olmoearth_nano,legacy alias: (B08 - B12) / (B08 + B12 + epsilon),302,0.8915554412408961,pool377,original
index_texture,ixspr_nbr,olmoearth_nano,legacy alias: (B08 - B8A) / (B08 + B8A + epsilon),303,0.9350495783473742,pool377,original
index_texture,ixspr_bsi,olmoearth_nano,legacy alias: ((B12 + B04) - (B08 + B02)) / ((B12 + B04) + (B08 + B02) + epsilon),304,0.9135547473692539,pool377,original
hough_lines,linepf_pan,olmoearth_nano,mean of all 13 TIFF channels; B10 fixed to zero in b10_zeroed variant,305,0.6259243508341641,pool377,original
hough_lines,linepl_pan,olmoearth_nano,mean of all 13 TIFF channels; B10 fixed to zero in b10_zeroed variant,306,0.6259956531063808,pool377,original
hough_lines,linet3_pan,olmoearth_nano,mean of all 13 TIFF channels; B10 fixed to zero in b10_zeroed variant,307,0.638750315902894,pool377,original
hough_lines,linepf_ndvi,olmoearth_nano,(B08 - B04) / (B08 + B04 + epsilon),308,0.6705902396876605,pool377,original
hough_lines,linepl_ndvi,olmoearth_nano,(B08 - B04) / (B08 + B04 + epsilon),309,0.6705905362847929,pool377,original
hough_lines,linet3_ndvi,olmoearth_nano,(B08 - B04) / (B08 + B04 + epsilon),310,0.6856452969023321,pool377,original
hough_lines,linepf_ndbi,olmoearth_nano,legacy alias: (B12 - B08) / (B12 + B08 + epsilon),311,0.659347275836623,pool377,original
hough_lines,linepl_ndbi,olmoearth_nano,legacy alias: (B12 - B08) / (B12 + B08 + epsilon),312,0.6593513430019696,pool377,original
hough_lines,linet3_ndbi,olmoearth_nano,legacy alias: (B12 - B08) / (B12 + B08 + epsilon),313,0.6785072937364476,pool377,original
harris_corners,corn2frac_pan,olmoearth_nano,mean of all 13 TIFF channels; B10 fixed to zero in b10_zeroed variant,314,0.873636339469331,pool377,original
harris_corners,corn2mag_pan,olmoearth_nano,mean of all 13 TIFF channels; B10 fixed to zero in b10_zeroed variant,315,0.7990744871568298,pool377,original
harris_corners,corn2frac_ndvi,olmoearth_nano,(B08 - B04) / (B08 + B04 + epsilon),316,0.9045748935306261,pool377,original
harris_corners,corn2mag_ndvi,olmoearth_nano,(B08 - B04) / (B08 + B04 + epsilon),317,0.8824950583180635,pool377,original
harris_corners,corn2frac_ndbi,olmoearth_nano,legacy alias: (B12 - B08) / (B12 + B08 + epsilon),318,0.8945860836329302,pool377,original
harris_corners,corn2mag_ndbi,olmoearth_nano,legacy alias: (B12 - B08) / (B12 + B08 + epsilon),319,0.8719804700234401,pool377,original
lbp,lbp2ent_pan,olmoearth_nano,mean of all 13 TIFF channels; B10 fixed to zero in b10_zeroed variant,320,0.8203495939095848,pool377,original
lbp,lbp2uni_pan,olmoearth_nano,mean of all 13 TIFF channels; B10 fixed to zero in b10_zeroed variant,321,0.867946006954142,pool377,original
lbp,lbp2ent_ndvi,olmoearth_nano,(B08 - B04) / (B08 + B04 + epsilon),322,0.6931314722908364,pool377,original
lbp,lbp2uni_ndvi,olmoearth_nano,(B08 - B04) / (B08 + B04 + epsilon),323,0.8374409100764382,pool377,original
lbp,lbp2ent_ndbi,olmoearth_nano,legacy alias: (B12 - B08) / (B12 + B08 + epsilon),324,0.7977517419886333,pool377,original
lbp,lbp2uni_ndbi,olmoearth_nano,legacy alias: (B12 - B08) / (B12 + B08 + epsilon),325,0.8324816795071085,pool377,original
blobs,blob2lrg_pan,olmoearth_nano,mean of all 13 TIFF channels; B10 fixed to zero in b10_zeroed variant,326,0.1855651523546782,pool377,original
blobs,blob2nc_pan,olmoearth_nano,mean of all 13 TIFF channels; B10 fixed to zero in b10_zeroed variant,327,0.6398355645981257,pool377,original
blobs,blob2msz_pan,olmoearth_nano,mean of all 13 TIFF channels; B10 fixed to zero in b10_zeroed variant,328,0.3920697836564372,pool377,original
blobs,blob2lrg_ndvi,olmoearth_nano,(B08 - B04) / (B08 + B04 + epsilon),329,0.2758794544789085,pool377,original
blobs,blob2nc_ndvi,olmoearth_nano,(B08 - B04) / (B08 + B04 + epsilon),330,0.6591095144117758,pool377,original
blobs,blob2msz_ndvi,olmoearth_nano,(B08 - B04) / (B08 + B04 + epsilon),331,0.3839791032613922,pool377,original
blobs,blob2lrg_ndbi,olmoearth_nano,legacy alias: (B12 - B08) / (B12 + B08 + epsilon),332,0.13436797721645577,pool377,original
blobs,blob2nc_ndbi,olmoearth_nano,legacy alias: (B12 - B08) / (B12 + B08 + epsilon),333,0.6628786597609108,pool377,original
blobs,blob2msz_ndbi,olmoearth_nano,legacy alias: (B12 - B08) / (B12 + B08 + epsilon),334,0.42588508541232395,pool377,original
spectral_slope,sslope2_pan,olmoearth_nano,mean of all 13 TIFF channels; B10 fixed to zero in b10_zeroed variant,335,0.6568984597641818,pool377,original
spectral_slope,sslope2_ndvi,olmoearth_nano,(B08 - B04) / (B08 + B04 + epsilon),336,0.8461899662540248,pool377,original
spectral_slope,sslope2_ndbi,olmoearth_nano,legacy alias: (B12 - B08) / (B12 + B08 + epsilon),337,0.8296667679047423,pool377,original
index_coherence,ixcoh_ndvi,olmoearth_nano,(B08 - B04) / (B08 + B04 + epsilon),338,0.5851607494199239,pool377,original
index_coherence,ixcoh_ndwi,olmoearth_nano,(B03 - B08) / (B03 + B08 + epsilon),339,0.6017546229151207,pool377,original
index_coherence,ixcoh_ndbi,olmoearth_nano,legacy alias: (B12 - B08) / (B12 + B08 + epsilon),340,0.530307361707222,pool377,original
index_coherence,ixcoh_ndmi,olmoearth_nano,legacy alias: (B08 - B12) / (B08 + B12 + epsilon),341,0.530307361707222,pool377,original
index_coherence,ixcoh_nbr,olmoearth_nano,legacy alias: (B08 - B8A) / (B08 + B8A + epsilon),342,0.5324263834479301,pool377,original
index_coherence,ixcoh_bsi,olmoearth_nano,legacy alias: ((B12 + B04) - (B08 + B02)) / ((B12 + B04) + (B08 + B02) + epsilon),343,0.551888274638884,pool377,original
index_texture_scale2,ix2std_ndvi,olmoearth_nano,(B08 - B04) / (B08 + B04 + epsilon),344,0.9520173651384065,pool377,original
index_texture_scale2,ix2std_ndwi,olmoearth_nano,(B03 - B08) / (B03 + B08 + epsilon),345,0.9562857918736739,pool377,original
index_texture_scale2,ix2std_ndbi,olmoearth_nano,legacy alias: (B12 - B08) / (B12 + B08 + epsilon),346,0.9016636330160661,pool377,original
index_texture_scale2,ix2std_ndmi,olmoearth_nano,legacy alias: (B08 - B12) / (B08 + B12 + epsilon),347,0.9016636330160661,pool377,original
index_texture_scale2,ix2std_nbr,olmoearth_nano,legacy alias: (B08 - B8A) / (B08 + B8A + epsilon),348,0.9285291485390217,pool377,original
index_texture_scale2,ix2std_bsi,olmoearth_nano,legacy alias: ((B12 + B04) - (B08 + B02)) / ((B12 + B04) + (B08 + B02) + epsilon),349,0.9283261436485358,pool377,original
index_texture_scale2,ix2gm_ndvi,olmoearth_nano,(B08 - B04) / (B08 + B04 + epsilon),350,0.9696979990505817,pool377,original
index_texture_scale2,ix2gm_ndwi,olmoearth_nano,(B03 - B08) / (B03 + B08 + epsilon),351,0.9703411491771444,pool377,original
index_texture_scale2,ix2gm_ndbi,olmoearth_nano,legacy alias: (B12 - B08) / (B12 + B08 + epsilon),352,0.96116095749196,pool377,original
index_texture_scale2,ix2gm_ndmi,olmoearth_nano,legacy alias: (B08 - B12) / (B08 + B12 + epsilon),353,0.96116095749196,pool377,original
index_texture_scale2,ix2gm_nbr,olmoearth_nano,legacy alias: (B08 - B8A) / (B08 + B8A + epsilon),354,0.9512533974740707,pool377,original
index_texture_scale2,ix2gm_bsi,olmoearth_nano,legacy alias: ((B12 + B04) - (B08 + B02)) / ((B12 + B04) + (B08 + B02) + epsilon),355,0.9661842609495501,pool377,original
cross_band_correlation,xcorr_b3_b7,olmoearth_nano,B04;B08,356,0.8435833847376141,pool377,original
cross_band_correlation,xcorr_b2_b7,olmoearth_nano,B03;B08,357,0.7966165469208112,pool377,original
cross_band_correlation,xcorr_b1_b7,olmoearth_nano,B02;B08,358,0.8104438783859151,pool377,original
cross_band_correlation,xcorr_b11_b7,olmoearth_nano,B12;B08,359,0.8623232566022844,pool377,original
cross_band_correlation,xcorr_b3_b11,olmoearth_nano,B04;B12,360,0.670086079317735,pool377,original
cross_band_correlation,xcorr_b2_b3,olmoearth_nano,B03;B04,361,0.6368752169528515,pool377,original
cross_band_correlation,xcorr_b7_b12,olmoearth_nano,B08;B8A,362,0.688007158620173,pool377,original
cross_band_correlation,xcorr_b11_b12,olmoearth_nano,B12;B8A,363,0.8499509504596956,pool377,original
orientation_entropy_scale2,oent2_b0,olmoearth_nano,B01,364,0.507709304859561,pool377,original
orientation_entropy_scale2,oent2_b1,olmoearth_nano,B02,365,0.6369736980395465,pool377,original
orientation_entropy_scale2,oent2_b2,olmoearth_nano,B03,366,0.6309333412467338,pool377,original
orientation_entropy_scale2,oent2_b3,olmoearth_nano,B04,367,0.6326024132590815,pool377,original
orientation_entropy_scale2,oent2_b4,olmoearth_nano,B05,368,0.6336033129626581,pool377,original
orientation_entropy_scale2,oent2_b5,olmoearth_nano,B06,369,0.6567891124910501,pool377,original
orientation_entropy_scale2,oent2_b6,olmoearth_nano,B07,370,0.6576925450372798,pool377,original
orientation_entropy_scale2,oent2_b7,olmoearth_nano,B08,371,0.6345505895991976,pool377,original
orientation_entropy_scale2,oent2_b8,olmoearth_nano,B09,372,0.6345734200949945,pool377,original
orientation_entropy_scale2,oent2_b9,olmoearth_nano,B10,373,0.4166801870476713,pool377,original
orientation_entropy_scale2,oent2_b10,olmoearth_nano,B11,374,0.6575954606478283,pool377,original
orientation_entropy_scale2,oent2_b11,olmoearth_nano,B12,375,0.6595939851433704,pool377,original
orientation_entropy_scale2,oent2_b12,olmoearth_nano,B8A,376,0.664700052488359,pool377,original
image_statistics,mean_B01,olmoearth_nano,B01,0,0.9057921976245188,imagestats52,original
image_statistics,std_B01,olmoearth_nano,B01,1,0.7869306331739706,imagestats52,original
image_statistics,min_B01,olmoearth_nano,B01,2,0.827897094325935,imagestats52,original
image_statistics,max_B01,olmoearth_nano,B01,3,0.7285350464639531,imagestats52,original
image_statistics,mean_B02,olmoearth_nano,B02,4,0.945410106694497,imagestats52,original
image_statistics,std_B02,olmoearth_nano,B02,5,0.8854308948366386,imagestats52,original
image_statistics,min_B02,olmoearth_nano,B02,6,0.7669038336578533,imagestats52,original
image_statistics,max_B02,olmoearth_nano,B02,7,0.4867097431772346,imagestats52,original
image_statistics,mean_B03,olmoearth_nano,B03,8,0.9730575351114851,imagestats52,original
image_statistics,std_B03,olmoearth_nano,B03,9,0.8925125127444559,imagestats52,original
image_statistics,min_B03,olmoearth_nano,B03,10,0.8342696277214758,imagestats52,original
image_statistics,max_B03,olmoearth_nano,B03,11,0.49391221777465255,imagestats52,original
image_statistics,mean_B04,olmoearth_nano,B04,12,0.9856270313198177,imagestats52,original
image_statistics,std_B04,olmoearth_nano,B04,13,0.9076923180155141,imagestats52,original
image_statistics,min_B04,olmoearth_nano,B04,14,0.8495020541708121,imagestats52,original
image_statistics,max_B04,olmoearth_nano,B04,15,0.5125717961311436,imagestats52,original
image_statistics,mean_B05,olmoearth_nano,B05,16,0.9828649979342388,imagestats52,original
image_statistics,std_B05,olmoearth_nano,B05,17,0.8582957495532276,imagestats52,original
image_statistics,min_B05,olmoearth_nano,B05,18,0.8813916646989695,imagestats52,original
image_statistics,max_B05,olmoearth_nano,B05,19,0.6405490226790711,imagestats52,original
image_statistics,mean_B06,olmoearth_nano,B06,20,0.989066078926041,imagestats52,original
image_statistics,std_B06,olmoearth_nano,B06,21,0.8664158444867929,imagestats52,original
image_statistics,min_B06,olmoearth_nano,B06,22,0.9009972091033239,imagestats52,original
image_statistics,max_B06,olmoearth_nano,B06,23,0.6257241461170363,imagestats52,original
image_statistics,mean_B07,olmoearth_nano,B07,24,0.9923113086078097,imagestats52,original
image_statistics,std_B07,olmoearth_nano,B07,25,0.8846024949852538,imagestats52,original
image_statistics,min_B07,olmoearth_nano,B07,26,0.9065821149263089,imagestats52,original
image_statistics,max_B07,olmoearth_nano,B07,27,0.6886565564735151,imagestats52,original
image_statistics,mean_B08,olmoearth_nano,B08,28,0.9917151440894875,imagestats52,original
image_statistics,std_B08,olmoearth_nano,B08,29,0.908705901210266,imagestats52,original
image_statistics,min_B08,olmoearth_nano,B08,30,0.8807877034967542,imagestats52,original
image_statistics,max_B08,olmoearth_nano,B08,31,0.49479726092572307,imagestats52,original
image_statistics,mean_B09,olmoearth_nano,B09,32,0.9010886650766456,imagestats52,original
image_statistics,std_B09,olmoearth_nano,B09,33,0.7339413155319925,imagestats52,original
image_statistics,min_B09,olmoearth_nano,B09,34,0.8705677708872362,imagestats52,original
image_statistics,max_B09,olmoearth_nano,B09,35,0.7162813986521916,imagestats52,original
image_statistics,mean_B10,olmoearth_nano,B10,36,0.5225876072652589,imagestats52,original
image_statistics,std_B10,olmoearth_nano,B10,37,0.20167988439973383,imagestats52,original
image_statistics,min_B10,olmoearth_nano,B10,38,0.5560915409947836,imagestats52,original
image_statistics,max_B10,olmoearth_nano,B10,39,0.30848862151092526,imagestats52,original
image_statistics,mean_B11,olmoearth_nano,B11,40,0.9938704900833748,imagestats52,original
image_statistics,std_B11,olmoearth_nano,B11,41,0.8691510247792064,imagestats52,original
image_statistics,min_B11,olmoearth_nano,B11,42,0.9139857713470276,imagestats52,original
image_statistics,max_B11,olmoearth_nano,B11,43,0.6867361117340427,imagestats52,original
image_statistics,mean_B12,olmoearth_nano,B12,44,0.9912023169744683,imagestats52,original
image_statistics,std_B12,olmoearth_nano,B12,45,0.8512642953023731,imagestats52,original
image_statistics,min_B12,olmoearth_nano,B12,46,0.901168117870231,imagestats52,original
image_statistics,max_B12,olmoearth_nano,B12,47,0.658486811158908,imagestats52,original
image_statistics,mean_B8A,olmoearth_nano,B8A,48,0.9927406382702612,imagestats52,original
image_statistics,std_B8A,olmoearth_nano,B8A,49,0.8916497850378938,imagestats52,original
image_statistics,min_B8A,olmoearth_nano,B8A,50,0.9142048524460146,imagestats52,original
image_statistics,max_B8A,olmoearth_nano,B8A,51,0.7120042884208877,imagestats52,original
lbp,lbp2uni_ndbi,olmoearth_nano,legacy alias: (B12 - B08) / (B12 + B08 + epsilon),0,0.8324816795071085,frontier33,b10_zeroed
index_texture,ixgs_nbr,olmoearth_nano,legacy alias: (B08 - B8A) / (B08 + B8A + epsilon),1,0.9224759491222265,frontier33,b10_zeroed
harris_corners,corn2frac_ndvi,olmoearth_nano,(B08 - B04) / (B08 + B04 + epsilon),2,0.9045748935306261,frontier33,b10_zeroed
index_texture,ixgs_ndwi,olmoearth_nano,(B03 - B08) / (B03 + B08 + epsilon),3,0.9362322589791787,frontier33,b10_zeroed
multiscale_gradients,g2mean_b1,olmoearth_nano,B02,4,0.9477969643101383,frontier33,b10_zeroed
multiscale_gradients,g0mean_b3,olmoearth_nano,B04,5,0.9698944866505366,frontier33,b10_zeroed
multiscale_gradients,g2mean_b2,olmoearth_nano,B03,6,0.9527415861782248,frontier33,b10_zeroed
index_texture_scale2,ix2std_nbr,olmoearth_nano,legacy alias: (B08 - B8A) / (B08 + B8A + epsilon),7,0.9285291485390217,frontier33,b10_zeroed
orientation_entropy,oent_b11,olmoearth_nano,B12,8,0.6780068400760519,frontier33,b10_zeroed
orientation_entropy,oent_b0,olmoearth_nano,B01,9,0.7116478633789001,frontier33,b10_zeroed
index_texture,ixgs_bsi,olmoearth_nano,legacy alias: ((B12 + B04) - (B08 + B02)) / ((B12 + B04) + (B08 + B02) + epsilon),10,0.9410437551437167,frontier33,b10_zeroed
spectral_statistics,p75_b10,olmoearth_nano,B11,11,0.9819436597411936,frontier33,b10_zeroed
spectral_statistics,p10_b11,olmoearth_nano,B12,12,0.9583936713380924,frontier33,b10_zeroed
harris_corners,corn2mag_ndvi,olmoearth_nano,(B08 - B04) / (B08 + B04 + epsilon),13,0.8824950583180635,frontier33,b10_zeroed
index_texture,ixgm_ndvi,olmoearth_nano,(B08 - B04) / (B08 + B04 + epsilon),14,0.9642906366333102,frontier33,b10_zeroed
spectral_statistics,p90_b8,olmoearth_nano,B09,15,0.8832002808429122,frontier33,b10_zeroed
index_texture,ixgm_nbr,olmoearth_nano,legacy alias: (B08 - B8A) / (B08 + B8A + epsilon),16,0.9436787007471789,frontier33,b10_zeroed
lbp,lbp2uni_ndvi,olmoearth_nano,(B08 - B04) / (B08 + B04 + epsilon),17,0.8374409100764382,frontier33,b10_zeroed
multiscale_gradients,g0mean_b4,olmoearth_nano,B05,18,0.959542573891746,frontier33,b10_zeroed
spectral_statistics,std_b4,olmoearth_nano,B05,19,0.8582957495532276,frontier33,b10_zeroed
hough_lines,linet3_ndvi,olmoearth_nano,(B08 - B04) / (B08 + B04 + epsilon),20,0.6856452969023321,frontier33,b10_zeroed
spectral_statistics,p10_b3,olmoearth_nano,B04,21,0.9277149895679802,frontier33,b10_zeroed
spectral_statistics,p50_b11,olmoearth_nano,B12,22,0.9770874991046535,frontier33,b10_zeroed
orientation_entropy,oent_b2,olmoearth_nano,B03,23,0.6467107531640457,frontier33,b10_zeroed
spectral_statistics,p75_b3,olmoearth_nano,B04,24,0.972660208876374,frontier33,b10_zeroed
blobs,blob2lrg_ndvi,olmoearth_nano,(B08 - B04) / (B08 + B04 + epsilon),25,0.2758794544789085,frontier33,b10_zeroed
harris_corners,corn2frac_pan,olmoearth_nano,mean of all 13 TIFF channels; B10 fixed to zero in b10_zeroed variant,26,0.8736703103741887,frontier33,b10_zeroed
index_texture,ixgm_ndbi,olmoearth_nano,legacy alias: (B12 - B08) / (B12 + B08 + epsilon),27,0.9579997618937173,frontier33,b10_zeroed
spectral_statistics,p75_b0,olmoearth_nano,B01,28,0.9120691941181885,frontier33,b10_zeroed
spectral_statistics,p10_b6,olmoearth_nano,B07,29,0.958942781184448,frontier33,b10_zeroed
orientation_entropy_scale2,oent2_b1,olmoearth_nano,B02,30,0.6369736980395465,frontier33,b10_zeroed
spectral_statistics,mean_b2,olmoearth_nano,B03,31,0.9730575351114851,frontier33,b10_zeroed
region_shape,tail_aniso_low_ndvi,olmoearth_nano,(B08 - B04) / (B08 + B04 + epsilon),32,0.41514772135744904,frontier33,b10_zeroed
spectral_statistics,mean_b0,olmoearth_nano,B01,0,0.9057921976245188,pool377,b10_zeroed
spectral_statistics,mean_b1,olmoearth_nano,B02,1,0.945410106694497,pool377,b10_zeroed
spectral_statistics,mean_b2,olmoearth_nano,B03,2,0.9730575351114851,pool377,b10_zeroed
spectral_statistics,mean_b3,olmoearth_nano,B04,3,0.9856270313198177,pool377,b10_zeroed
spectral_statistics,mean_b4,olmoearth_nano,B05,4,0.9828649979342388,pool377,b10_zeroed
spectral_statistics,mean_b5,olmoearth_nano,B06,5,0.989066078926041,pool377,b10_zeroed
spectral_statistics,mean_b6,olmoearth_nano,B07,6,0.9923113086078097,pool377,b10_zeroed
spectral_statistics,mean_b7,olmoearth_nano,B08,7,0.9917151440894875,pool377,b10_zeroed
spectral_statistics,mean_b8,olmoearth_nano,B09,8,0.9010886650766456,pool377,b10_zeroed
spectral_statistics,mean_b9,olmoearth_nano,B10,9,,pool377,b10_zeroed
spectral_statistics,mean_b10,olmoearth_nano,B11,10,0.9938704900833748,pool377,b10_zeroed
spectral_statistics,mean_b11,olmoearth_nano,B12,11,0.9912023169744683,pool377,b10_zeroed
spectral_statistics,mean_b12,olmoearth_nano,B8A,12,0.9927406382702612,pool377,b10_zeroed
spectral_statistics,std_b0,olmoearth_nano,B01,13,0.7869306331739706,pool377,b10_zeroed
spectral_statistics,std_b1,olmoearth_nano,B02,14,0.8854308948366386,pool377,b10_zeroed
spectral_statistics,std_b2,olmoearth_nano,B03,15,0.8925125127444559,pool377,b10_zeroed
spectral_statistics,std_b3,olmoearth_nano,B04,16,0.9076923180155141,pool377,b10_zeroed
spectral_statistics,std_b4,olmoearth_nano,B05,17,0.8582957495532276,pool377,b10_zeroed
spectral_statistics,std_b5,olmoearth_nano,B06,18,0.8664158444867929,pool377,b10_zeroed
spectral_statistics,std_b6,olmoearth_nano,B07,19,0.8846024949852538,pool377,b10_zeroed
spectral_statistics,std_b7,olmoearth_nano,B08,20,0.908705901210266,pool377,b10_zeroed
spectral_statistics,std_b8,olmoearth_nano,B09,21,0.7339413155319925,pool377,b10_zeroed
spectral_statistics,std_b9,olmoearth_nano,B10,22,,pool377,b10_zeroed
spectral_statistics,std_b10,olmoearth_nano,B11,23,0.8691510247792064,pool377,b10_zeroed
spectral_statistics,std_b11,olmoearth_nano,B12,24,0.8512642953023731,pool377,b10_zeroed
spectral_statistics,std_b12,olmoearth_nano,B8A,25,0.8916497850378938,pool377,b10_zeroed
spectral_statistics,p10_b0,olmoearth_nano,B01,26,0.8568434245756934,pool377,b10_zeroed
spectral_statistics,p10_b1,olmoearth_nano,B02,27,0.8731552652039123,pool377,b10_zeroed
spectral_statistics,p10_b2,olmoearth_nano,B03,28,0.9265380295713657,pool377,b10_zeroed
spectral_statistics,p10_b3,olmoearth_nano,B04,29,0.9277149895679802,pool377,b10_zeroed
spectral_statistics,p10_b4,olmoearth_nano,B05,30,0.9457357624009167,pool377,b10_zeroed
spectral_statistics,p10_b5,olmoearth_nano,B06,31,0.958242615490904,pool377,b10_zeroed
spectral_statistics,p10_b6,olmoearth_nano,B07,32,0.958942781184448,pool377,b10_zeroed
spectral_statistics,p10_b7,olmoearth_nano,B08,33,0.9583338028160611,pool377,b10_zeroed
spectral_statistics,p10_b8,olmoearth_nano,B09,34,0.8940186836246762,pool377,b10_zeroed
spectral_statistics,p10_b9,olmoearth_nano,B10,35,,pool377,b10_zeroed
spectral_statistics,p10_b10,olmoearth_nano,B11,36,0.9670267488209431,pool377,b10_zeroed
spectral_statistics,p10_b11,olmoearth_nano,B12,37,0.9583936713380924,pool377,b10_zeroed
spectral_statistics,p10_b12,olmoearth_nano,B8A,38,0.9625001399011001,pool377,b10_zeroed
spectral_statistics,p25_b0,olmoearth_nano,B01,39,0.878202630747718,pool377,b10_zeroed
spectral_statistics,p25_b1,olmoearth_nano,B02,40,0.8970377778116729,pool377,b10_zeroed
spectral_statistics,p25_b2,olmoearth_nano,B03,41,0.9433631700697224,pool377,b10_zeroed
spectral_statistics,p25_b3,olmoearth_nano,B04,42,0.9479437267172455,pool377,b10_zeroed
spectral_statistics,p25_b4,olmoearth_nano,B05,43,0.9608952104138248,pool377,b10_zeroed
spectral_statistics,p25_b5,olmoearth_nano,B06,44,0.9690067134934994,pool377,b10_zeroed
spectral_statistics,p25_b6,olmoearth_nano,B07,45,0.9709814532090943,pool377,b10_zeroed
spectral_statistics,p25_b7,olmoearth_nano,B08,46,0.9682994518791792,pool377,b10_zeroed
spectral_statistics,p25_b8,olmoearth_nano,B09,47,0.89966503649102,pool377,b10_zeroed
spectral_statistics,p25_b9,olmoearth_nano,B10,48,,pool377,b10_zeroed
spectral_statistics,p25_b10,olmoearth_nano,B11,49,0.9763189855870682,pool377,b10_zeroed
spectral_statistics,p25_b11,olmoearth_nano,B12,50,0.97111599017126,pool377,b10_zeroed
spectral_statistics,p25_b12,olmoearth_nano,B8A,51,0.9727422007365957,pool377,b10_zeroed
spectral_statistics,p50_b0,olmoearth_nano,B01,52,0.9000272233269484,pool377,b10_zeroed
spectral_statistics,p50_b1,olmoearth_nano,B02,53,0.9260002430316167,pool377,b10_zeroed
spectral_statistics,p50_b2,olmoearth_nano,B03,54,0.9573902232391935,pool377,b10_zeroed
spectral_statistics,p50_b3,olmoearth_nano,B04,55,0.9681322781835309,pool377,b10_zeroed
spectral_statistics,p50_b4,olmoearth_nano,B05,56,0.9688444850642393,pool377,b10_zeroed
spectral_statistics,p50_b5,olmoearth_nano,B06,57,0.9728441989435405,pool377,b10_zeroed
spectral_statistics,p50_b6,olmoearth_nano,B07,58,0.9760338143294859,pool377,b10_zeroed
spectral_statistics,p50_b7,olmoearth_nano,B08,59,0.9729695709077011,pool377,b10_zeroed
spectral_statistics,p50_b8,olmoearth_nano,B09,60,0.8968742868797991,pool377,b10_zeroed
spectral_statistics,p50_b9,olmoearth_nano,B10,61,,pool377,b10_zeroed
spectral_statistics,p50_b10,olmoearth_nano,B11,62,0.9810831378568174,pool377,b10_zeroed
spectral_statistics,p50_b11,olmoearth_nano,B12,63,0.9770874991046535,pool377,b10_zeroed
spectral_statistics,p50_b12,olmoearth_nano,B8A,64,0.977272751134527,pool377,b10_zeroed
spectral_statistics,p75_b0,olmoearth_nano,B01,65,0.9120691941181885,pool377,b10_zeroed
spectral_statistics,p75_b1,olmoearth_nano,B02,66,0.935956692492095,pool377,b10_zeroed
spectral_statistics,p75_b2,olmoearth_nano,B03,67,0.9578651095075897,pool377,b10_zeroed
spectral_statistics,p75_b3,olmoearth_nano,B04,68,0.972660208876374,pool377,b10_zeroed
spectral_statistics,p75_b4,olmoearth_nano,B05,69,0.9731019190700858,pool377,b10_zeroed
spectral_statistics,p75_b5,olmoearth_nano,B06,70,0.9718551125388765,pool377,b10_zeroed
spectral_statistics,p75_b6,olmoearth_nano,B07,71,0.9758476243766132,pool377,b10_zeroed
spectral_statistics,p75_b7,olmoearth_nano,B08,72,0.9748330030573589,pool377,b10_zeroed
spectral_statistics,p75_b8,olmoearth_nano,B09,73,0.892067013547221,pool377,b10_zeroed
spectral_statistics,p75_b9,olmoearth_nano,B10,74,,pool377,b10_zeroed
spectral_statistics,p75_b10,olmoearth_nano,B11,75,0.9819436597411936,pool377,b10_zeroed
spectral_statistics,p75_b11,olmoearth_nano,B12,76,0.9775910185537042,pool377,b10_zeroed
spectral_statistics,p75_b12,olmoearth_nano,B8A,77,0.9766326092026785,pool377,b10_zeroed
spectral_statistics,p90_b0,olmoearth_nano,B01,78,0.9137976706912344,pool377,b10_zeroed
spectral_statistics,p90_b1,olmoearth_nano,B02,79,0.9433691112672374,pool377,b10_zeroed
spectral_statistics,p90_b2,olmoearth_nano,B03,80,0.9563296808262665,pool377,b10_zeroed
spectral_statistics,p90_b3,olmoearth_nano,B04,81,0.9695256218618243,pool377,b10_zeroed
spectral_statistics,p90_b4,olmoearth_nano,B05,82,0.9664700084905109,pool377,b10_zeroed
spectral_statistics,p90_b5,olmoearth_nano,B06,83,0.9640930843772638,pool377,b10_zeroed
spectral_statistics,p90_b6,olmoearth_nano,B07,84,0.9685201517019292,pool377,b10_zeroed
spectral_statistics,p90_b7,olmoearth_nano,B08,85,0.9687733910014649,pool377,b10_zeroed
spectral_statistics,p90_b8,olmoearth_nano,B09,86,0.8832002808429122,pool377,b10_zeroed
spectral_statistics,p90_b9,olmoearth_nano,B10,87,,pool377,b10_zeroed
spectral_statistics,p90_b10,olmoearth_nano,B11,88,0.9754713277051945,pool377,b10_zeroed
spectral_statistics,p90_b11,olmoearth_nano,B12,89,0.969753210642724,pool377,b10_zeroed
spectral_statistics,p90_b12,olmoearth_nano,B8A,90,0.9701542275304411,pool377,b10_zeroed
multiscale_gradients,g0mean_b0,olmoearth_nano,B01,91,0.8920726594178511,pool377,b10_zeroed
multiscale_gradients,g0mean_b1,olmoearth_nano,B02,92,0.9624842648271765,pool377,b10_zeroed
multiscale_gradients,g0mean_b2,olmoearth_nano,B03,93,0.9668551260461734,pool377,b10_zeroed
multiscale_gradients,g0mean_b3,olmoearth_nano,B04,94,0.9698944866505366,pool377,b10_zeroed
multiscale_gradients,g0mean_b4,olmoearth_nano,B05,95,0.959542573891746,pool377,b10_zeroed
multiscale_gradients,g0mean_b5,olmoearth_nano,B06,96,0.9479262155667283,pool377,b10_zeroed
multiscale_gradients,g0mean_b6,olmoearth_nano,B07,97,0.9537765548206568,pool377,b10_zeroed
multiscale_gradients,g0mean_b7,olmoearth_nano,B08,98,0.9568886260364481,pool377,b10_zeroed
multiscale_gradients,g0mean_b8,olmoearth_nano,B09,99,0.8053820406209045,pool377,b10_zeroed
multiscale_gradients,g0mean_b9,olmoearth_nano,B10,100,,pool377,b10_zeroed
multiscale_gradients,g0mean_b10,olmoearth_nano,B11,101,0.9532842028288604,pool377,b10_zeroed
multiscale_gradients,g0mean_b11,olmoearth_nano,B12,102,0.9488543973487511,pool377,b10_zeroed
multiscale_gradients,g0mean_b12,olmoearth_nano,B8A,103,0.9586329185009076,pool377,b10_zeroed
multiscale_gradients,g0std_b0,olmoearth_nano,B01,104,0.6272499290521838,pool377,b10_zeroed
multiscale_gradients,g0std_b1,olmoearth_nano,B02,105,0.7641402280037363,pool377,b10_zeroed
multiscale_gradients,g0std_b2,olmoearth_nano,B03,106,0.7883193413416618,pool377,b10_zeroed
multiscale_gradients,g0std_b3,olmoearth_nano,B04,107,0.8043786243026211,pool377,b10_zeroed
multiscale_gradients,g0std_b4,olmoearth_nano,B05,108,0.7410659325854732,pool377,b10_zeroed
multiscale_gradients,g0std_b5,olmoearth_nano,B06,109,0.7437717307825378,pool377,b10_zeroed
multiscale_gradients,g0std_b6,olmoearth_nano,B07,110,0.7887957510126926,pool377,b10_zeroed
multiscale_gradients,g0std_b7,olmoearth_nano,B08,111,0.8206819702392256,pool377,b10_zeroed
multiscale_gradients,g0std_b8,olmoearth_nano,B09,112,0.551901702706691,pool377,b10_zeroed
multiscale_gradients,g0std_b9,olmoearth_nano,B10,113,,pool377,b10_zeroed
multiscale_gradients,g0std_b10,olmoearth_nano,B11,114,0.7145951715365312,pool377,b10_zeroed
multiscale_gradients,g0std_b11,olmoearth_nano,B12,115,0.7004600672730728,pool377,b10_zeroed
multiscale_gradients,g0std_b12,olmoearth_nano,B8A,116,0.803149873440528,pool377,b10_zeroed
multiscale_gradients,g1mean_b0,olmoearth_nano,B01,117,0.892101747879092,pool377,b10_zeroed
multiscale_gradients,g1mean_b1,olmoearth_nano,B02,118,0.9633294753578828,pool377,b10_zeroed
multiscale_gradients,g1mean_b2,olmoearth_nano,B03,119,0.968653374378817,pool377,b10_zeroed
multiscale_gradients,g1mean_b3,olmoearth_nano,B04,120,0.9722910724415925,pool377,b10_zeroed
multiscale_gradients,g1mean_b4,olmoearth_nano,B05,121,0.9561082011656551,pool377,b10_zeroed
multiscale_gradients,g1mean_b5,olmoearth_nano,B06,122,0.9433381519471967,pool377,b10_zeroed
multiscale_gradients,g1mean_b6,olmoearth_nano,B07,123,0.9497287737568616,pool377,b10_zeroed
multiscale_gradients,g1mean_b7,olmoearth_nano,B08,124,0.9628871219822199,pool377,b10_zeroed
multiscale_gradients,g1mean_b8,olmoearth_nano,B09,125,0.8064750963176008,pool377,b10_zeroed
multiscale_gradients,g1mean_b9,olmoearth_nano,B10,126,,pool377,b10_zeroed
multiscale_gradients,g1mean_b10,olmoearth_nano,B11,127,0.95187644893277,pool377,b10_zeroed
multiscale_gradients,g1mean_b11,olmoearth_nano,B12,128,0.9474451105583609,pool377,b10_zeroed
multiscale_gradients,g1mean_b12,olmoearth_nano,B8A,129,0.9549442230821681,pool377,b10_zeroed
multiscale_gradients,g1std_b0,olmoearth_nano,B01,130,0.6323660558259392,pool377,b10_zeroed
multiscale_gradients,g1std_b1,olmoearth_nano,B02,131,0.7836004330723167,pool377,b10_zeroed
multiscale_gradients,g1std_b2,olmoearth_nano,B03,132,0.8079010747433889,pool377,b10_zeroed
multiscale_gradients,g1std_b3,olmoearth_nano,B04,133,0.8175955504209419,pool377,b10_zeroed
multiscale_gradients,g1std_b4,olmoearth_nano,B05,134,0.7414167834329297,pool377,b10_zeroed
multiscale_gradients,g1std_b5,olmoearth_nano,B06,135,0.7480087579842655,pool377,b10_zeroed
multiscale_gradients,g1std_b6,olmoearth_nano,B07,136,0.7928427598784231,pool377,b10_zeroed
multiscale_gradients,g1std_b7,olmoearth_nano,B08,137,0.8329196116982833,pool377,b10_zeroed
multiscale_gradients,g1std_b8,olmoearth_nano,B09,138,0.5626337262148136,pool377,b10_zeroed
multiscale_gradients,g1std_b9,olmoearth_nano,B10,139,,pool377,b10_zeroed
multiscale_gradients,g1std_b10,olmoearth_nano,B11,140,0.7168609429954678,pool377,b10_zeroed
multiscale_gradients,g1std_b11,olmoearth_nano,B12,141,0.6977855606430796,pool377,b10_zeroed
multiscale_gradients,g1std_b12,olmoearth_nano,B8A,142,0.8058048561528636,pool377,b10_zeroed
multiscale_gradients,g2mean_b0,olmoearth_nano,B01,143,0.8905814662463316,pool377,b10_zeroed
multiscale_gradients,g2mean_b1,olmoearth_nano,B02,144,0.9477969643101383,pool377,b10_zeroed
multiscale_gradients,g2mean_b2,olmoearth_nano,B03,145,0.9527415861782248,pool377,b10_zeroed
multiscale_gradients,g2mean_b3,olmoearth_nano,B04,146,0.9595365464764399,pool377,b10_zeroed
multiscale_gradients,g2mean_b4,olmoearth_nano,B05,147,0.9435113276241652,pool377,b10_zeroed
multiscale_gradients,g2mean_b5,olmoearth_nano,B06,148,0.9268115713968053,pool377,b10_zeroed
multiscale_gradients,g2mean_b6,olmoearth_nano,B07,149,0.9351328660634768,pool377,b10_zeroed
multiscale_gradients,g2mean_b7,olmoearth_nano,B08,150,0.9479513629931884,pool377,b10_zeroed
multiscale_gradients,g2mean_b8,olmoearth_nano,B09,151,0.807519108436939,pool377,b10_zeroed
multiscale_gradients,g2mean_b9,olmoearth_nano,B10,152,,pool377,b10_zeroed
multiscale_gradients,g2mean_b10,olmoearth_nano,B11,153,0.9448959194089598,pool377,b10_zeroed
multiscale_gradients,g2mean_b11,olmoearth_nano,B12,154,0.9401454859053108,pool377,b10_zeroed
multiscale_gradients,g2mean_b12,olmoearth_nano,B8A,155,0.9410048394861493,pool377,b10_zeroed
multiscale_gradients,g2std_b0,olmoearth_nano,B01,156,0.6419104880252812,pool377,b10_zeroed
multiscale_gradients,g2std_b1,olmoearth_nano,B02,157,0.7683690932406824,pool377,b10_zeroed
multiscale_gradients,g2std_b2,olmoearth_nano,B03,158,0.7935501344192307,pool377,b10_zeroed
multiscale_gradients,g2std_b3,olmoearth_nano,B04,159,0.8104174626239663,pool377,b10_zeroed
multiscale_gradients,g2std_b4,olmoearth_nano,B05,160,0.7488941200925022,pool377,b10_zeroed
multiscale_gradients,g2std_b5,olmoearth_nano,B06,161,0.7628909772070025,pool377,b10_zeroed
multiscale_gradients,g2std_b6,olmoearth_nano,B07,162,0.801619087892284,pool377,b10_zeroed
multiscale_gradients,g2std_b7,olmoearth_nano,B08,163,0.828897856515765,pool377,b10_zeroed
multiscale_gradients,g2std_b8,olmoearth_nano,B09,164,0.5882565916795762,pool377,b10_zeroed
multiscale_gradients,g2std_b9,olmoearth_nano,B10,165,,pool377,b10_zeroed
multiscale_gradients,g2std_b10,olmoearth_nano,B11,166,0.7280299543039179,pool377,b10_zeroed
multiscale_gradients,g2std_b11,olmoearth_nano,B12,167,0.6965022032229555,pool377,b10_zeroed
multiscale_gradients,g2std_b12,olmoearth_nano,B8A,168,0.8112654837262636,pool377,b10_zeroed
coherence,coh0_b0,olmoearth_nano,B01,169,0.36209671201355687,pool377,b10_zeroed
coherence,coh0_b1,olmoearth_nano,B02,170,0.5088688371755614,pool377,b10_zeroed
coherence,coh0_b2,olmoearth_nano,B03,171,0.5081020487746379,pool377,b10_zeroed
coherence,coh0_b3,olmoearth_nano,B04,172,0.48184684472596706,pool377,b10_zeroed
coherence,coh0_b4,olmoearth_nano,B05,173,0.5287930786650992,pool377,b10_zeroed
coherence,coh0_b5,olmoearth_nano,B06,174,0.5825196857953558,pool377,b10_zeroed
coherence,coh0_b6,olmoearth_nano,B07,175,0.5778780840206308,pool377,b10_zeroed
coherence,coh0_b7,olmoearth_nano,B08,176,0.5253898503316952,pool377,b10_zeroed
coherence,coh0_b8,olmoearth_nano,B09,177,0.501334417558436,pool377,b10_zeroed
coherence,coh0_b9,olmoearth_nano,B10,178,,pool377,b10_zeroed
coherence,coh0_b10,olmoearth_nano,B11,179,0.5685572519570867,pool377,b10_zeroed
coherence,coh0_b11,olmoearth_nano,B12,180,0.5373520562829037,pool377,b10_zeroed
coherence,coh0_b12,olmoearth_nano,B8A,181,0.5859407534819832,pool377,b10_zeroed
coherence,coh1_b0,olmoearth_nano,B01,182,0.34973548431675805,pool377,b10_zeroed
coherence,coh1_b1,olmoearth_nano,B02,183,0.5235584172069532,pool377,b10_zeroed
coherence,coh1_b2,olmoearth_nano,B03,184,0.5130435791015899,pool377,b10_zeroed
coherence,coh1_b3,olmoearth_nano,B04,185,0.49040557871198875,pool377,b10_zeroed
coherence,coh1_b4,olmoearth_nano,B05,186,0.5036103468962688,pool377,b10_zeroed
coherence,coh1_b5,olmoearth_nano,B06,187,0.558847808832581,pool377,b10_zeroed
coherence,coh1_b6,olmoearth_nano,B07,188,0.5549626238827456,pool377,b10_zeroed
coherence,coh1_b7,olmoearth_nano,B08,189,0.5450298744294049,pool377,b10_zeroed
coherence,coh1_b8,olmoearth_nano,B09,190,0.4856522521913169,pool377,b10_zeroed
coherence,coh1_b9,olmoearth_nano,B10,191,,pool377,b10_zeroed
coherence,coh1_b10,olmoearth_nano,B11,192,0.544711968933195,pool377,b10_zeroed
coherence,coh1_b11,olmoearth_nano,B12,193,0.5142934361969144,pool377,b10_zeroed
coherence,coh1_b12,olmoearth_nano,B8A,194,0.5629730955536356,pool377,b10_zeroed
orientation_entropy,oent_b0,olmoearth_nano,B01,195,0.7116478633789001,pool377,b10_zeroed
orientation_entropy,oent_b1,olmoearth_nano,B02,196,0.644248975674512,pool377,b10_zeroed
orientation_entropy,oent_b2,olmoearth_nano,B03,197,0.6467107531640457,pool377,b10_zeroed
orientation_entropy,oent_b3,olmoearth_nano,B04,198,0.6503296056258636,pool377,b10_zeroed
orientation_entropy,oent_b4,olmoearth_nano,B05,199,0.6513944549623563,pool377,b10_zeroed
orientation_entropy,oent_b5,olmoearth_nano,B06,200,0.6621680096446062,pool377,b10_zeroed
orientation_entropy,oent_b6,olmoearth_nano,B07,201,0.666867532759098,pool377,b10_zeroed
orientation_entropy,oent_b7,olmoearth_nano,B08,202,0.6179719642328865,pool377,b10_zeroed
orientation_entropy,oent_b8,olmoearth_nano,B09,203,0.716615055645949,pool377,b10_zeroed
orientation_entropy,oent_b9,olmoearth_nano,B10,204,,pool377,b10_zeroed
orientation_entropy,oent_b10,olmoearth_nano,B11,205,0.6804836145921824,pool377,b10_zeroed
orientation_entropy,oent_b11,olmoearth_nano,B12,206,0.6780068400760519,pool377,b10_zeroed
orientation_entropy,oent_b12,olmoearth_nano,B8A,207,0.6695003955335203,pool377,b10_zeroed
orientation_histogram,hog0_b0_o0,olmoearth_nano,B01,208,0.5427508768713295,pool377,b10_zeroed
orientation_histogram,hog0_b0_o1,olmoearth_nano,B01,209,0.5168672823300526,pool377,b10_zeroed
orientation_histogram,hog0_b0_o2,olmoearth_nano,B01,210,0.5132424484964381,pool377,b10_zeroed
orientation_histogram,hog0_b0_o3,olmoearth_nano,B01,211,0.6209839028327282,pool377,b10_zeroed
orientation_histogram,hog0_b1_o0,olmoearth_nano,B02,212,0.6246018640904987,pool377,b10_zeroed
orientation_histogram,hog0_b1_o1,olmoearth_nano,B02,213,0.6042386989375261,pool377,b10_zeroed
orientation_histogram,hog0_b1_o2,olmoearth_nano,B02,214,0.6886380785671382,pool377,b10_zeroed
orientation_histogram,hog0_b1_o3,olmoearth_nano,B02,215,0.7172746181395755,pool377,b10_zeroed
orientation_histogram,hog0_b2_o0,olmoearth_nano,B03,216,0.6243529132976817,pool377,b10_zeroed
orientation_histogram,hog0_b2_o1,olmoearth_nano,B03,217,0.6185334354208456,pool377,b10_zeroed
orientation_histogram,hog0_b2_o2,olmoearth_nano,B03,218,0.6892456708454355,pool377,b10_zeroed
orientation_histogram,hog0_b2_o3,olmoearth_nano,B03,219,0.7277370532412115,pool377,b10_zeroed
orientation_histogram,hog0_b3_o0,olmoearth_nano,B04,220,0.6084130863073962,pool377,b10_zeroed
orientation_histogram,hog0_b3_o1,olmoearth_nano,B04,221,0.590007738053238,pool377,b10_zeroed
orientation_histogram,hog0_b3_o2,olmoearth_nano,B04,222,0.67446297435101,pool377,b10_zeroed
orientation_histogram,hog0_b3_o3,olmoearth_nano,B04,223,0.7098379399224269,pool377,b10_zeroed
orientation_histogram,hog0_b4_o0,olmoearth_nano,B05,224,0.5865892826491834,pool377,b10_zeroed
orientation_histogram,hog0_b4_o1,olmoearth_nano,B05,225,0.6116051131999846,pool377,b10_zeroed
orientation_histogram,hog0_b4_o2,olmoearth_nano,B05,226,0.6332218929497593,pool377,b10_zeroed
orientation_histogram,hog0_b4_o3,olmoearth_nano,B05,227,0.6770447865955749,pool377,b10_zeroed
orientation_histogram,hog0_b5_o0,olmoearth_nano,B06,228,0.5869339850656143,pool377,b10_zeroed
orientation_histogram,hog0_b5_o1,olmoearth_nano,B06,229,0.6204834597342783,pool377,b10_zeroed
orientation_histogram,hog0_b5_o2,olmoearth_nano,B06,230,0.6336787839699529,pool377,b10_zeroed
orientation_histogram,hog0_b5_o3,olmoearth_nano,B06,231,0.673912465952542,pool377,b10_zeroed
orientation_histogram,hog0_b6_o0,olmoearth_nano,B07,232,0.5800591378552324,pool377,b10_zeroed
orientation_histogram,hog0_b6_o1,olmoearth_nano,B07,233,0.6227360440044613,pool377,b10_zeroed
orientation_histogram,hog0_b6_o2,olmoearth_nano,B07,234,0.6289625546538131,pool377,b10_zeroed
orientation_histogram,hog0_b6_o3,olmoearth_nano,B07,235,0.6783321316173825,pool377,b10_zeroed
orientation_histogram,hog0_b7_o0,olmoearth_nano,B08,236,0.629585072023503,pool377,b10_zeroed
orientation_histogram,hog0_b7_o1,olmoearth_nano,B08,237,0.6248144577050988,pool377,b10_zeroed
orientation_histogram,hog0_b7_o2,olmoearth_nano,B08,238,0.655877392759826,pool377,b10_zeroed
orientation_histogram,hog0_b7_o3,olmoearth_nano,B08,239,0.7148837566943878,pool377,b10_zeroed
orientation_histogram,hog0_b8_o0,olmoearth_nano,B09,240,0.5256872860239272,pool377,b10_zeroed
orientation_histogram,hog0_b8_o1,olmoearth_nano,B09,241,0.5203103626342049,pool377,b10_zeroed
orientation_histogram,hog0_b8_o2,olmoearth_nano,B09,242,0.5220329177313039,pool377,b10_zeroed
orientation_histogram,hog0_b8_o3,olmoearth_nano,B09,243,0.5981818854000516,pool377,b10_zeroed
orientation_histogram,hog0_b9_o0,olmoearth_nano,B10,244,,pool377,b10_zeroed
orientation_histogram,hog0_b9_o1,olmoearth_nano,B10,245,,pool377,b10_zeroed
orientation_histogram,hog0_b9_o2,olmoearth_nano,B10,246,,pool377,b10_zeroed
orientation_histogram,hog0_b9_o3,olmoearth_nano,B10,247,,pool377,b10_zeroed
orientation_histogram,hog0_b10_o0,olmoearth_nano,B11,248,0.6055088775829165,pool377,b10_zeroed
orientation_histogram,hog0_b10_o1,olmoearth_nano,B11,249,0.6190564709238257,pool377,b10_zeroed
orientation_histogram,hog0_b10_o2,olmoearth_nano,B11,250,0.6174182828400994,pool377,b10_zeroed
orientation_histogram,hog0_b10_o3,olmoearth_nano,B11,251,0.6684867092328658,pool377,b10_zeroed
orientation_histogram,hog0_b11_o0,olmoearth_nano,B12,252,0.6332083985626706,pool377,b10_zeroed
orientation_histogram,hog0_b11_o1,olmoearth_nano,B12,253,0.6226205332197123,pool377,b10_zeroed
orientation_histogram,hog0_b11_o2,olmoearth_nano,B12,254,0.6281174118749975,pool377,b10_zeroed
orientation_histogram,hog0_b11_o3,olmoearth_nano,B12,255,0.6736912080167341,pool377,b10_zeroed
orientation_histogram,hog0_b12_o0,olmoearth_nano,B8A,256,0.5873317953632724,pool377,b10_zeroed
orientation_histogram,hog0_b12_o1,olmoearth_nano,B8A,257,0.6284769027661503,pool377,b10_zeroed
orientation_histogram,hog0_b12_o2,olmoearth_nano,B8A,258,0.6333027142794017,pool377,b10_zeroed
orientation_histogram,hog0_b12_o3,olmoearth_nano,B8A,259,0.6806657685470869,pool377,b10_zeroed
spectral_peaks,fftpk_b0,olmoearth_nano,B01,260,0.028381308550210815,pool377,b10_zeroed
spectral_peaks,fftpk_b1,olmoearth_nano,B02,261,0.523945912180558,pool377,b10_zeroed
spectral_peaks,fftpk_b2,olmoearth_nano,B03,262,0.48209382005821844,pool377,b10_zeroed
spectral_peaks,fftpk_b3,olmoearth_nano,B04,263,0.5035019726319376,pool377,b10_zeroed
spectral_peaks,fftpk_b4,olmoearth_nano,B05,264,0.2749456399080772,pool377,b10_zeroed
spectral_peaks,fftpk_b5,olmoearth_nano,B06,265,0.2342743451287067,pool377,b10_zeroed
spectral_peaks,fftpk_b6,olmoearth_nano,B07,266,0.22301297492512773,pool377,b10_zeroed
spectral_peaks,fftpk_b7,olmoearth_nano,B08,267,0.4530185755592264,pool377,b10_zeroed
spectral_peaks,fftpk_b8,olmoearth_nano,B09,268,0.03318218830175912,pool377,b10_zeroed
spectral_peaks,fftpk_b9,olmoearth_nano,B10,269,,pool377,b10_zeroed
spectral_peaks,fftpk_b10,olmoearth_nano,B11,270,0.2388262127892572,pool377,b10_zeroed
spectral_peaks,fftpk_b11,olmoearth_nano,B12,271,0.2475788469883612,pool377,b10_zeroed
spectral_peaks,fftpk_b12,olmoearth_nano,B8A,272,0.21575249513184003,pool377,b10_zeroed
cross_band,xcorr_b3_b7,olmoearth_nano,B04;B08,273,0.8435833847376141,pool377,b10_zeroed
cross_band,xcorr_b2_b7,olmoearth_nano,B03;B08,274,0.7966165469208112,pool377,b10_zeroed
cross_band,xcorr_b1_b7,olmoearth_nano,B02;B08,275,0.8104438783859151,pool377,b10_zeroed
cross_band,xcorr_b11_b7,olmoearth_nano,B12;B08,276,0.8623232566022844,pool377,b10_zeroed
cross_band,xcorr_b3_b11,olmoearth_nano,B04;B12,277,0.670086079317735,pool377,b10_zeroed
cross_band,xcorr_b2_b3,olmoearth_nano,B03;B04,278,0.6368752169528515,pool377,b10_zeroed
cross_band,xcorr_b7_b12,olmoearth_nano,B08;B8A,279,0.688007158620173,pool377,b10_zeroed
cross_band,xcorr_b11_b12,olmoearth_nano,B12;B8A,280,0.8499509504596956,pool377,b10_zeroed
index_texture,ixstd_ndvi,olmoearth_nano,(B08 - B04) / (B08 + B04 + epsilon),281,0.9528317555619318,pool377,b10_zeroed
index_texture,ixstd_ndwi,olmoearth_nano,(B03 - B08) / (B03 + B08 + epsilon),282,0.9571928352289827,pool377,b10_zeroed
index_texture,ixstd_ndbi,olmoearth_nano,legacy alias: (B12 - B08) / (B12 + B08 + epsilon),283,0.9049929329797468,pool377,b10_zeroed
index_texture,ixstd_ndmi,olmoearth_nano,legacy alias: (B08 - B12) / (B08 + B12 + epsilon),284,0.9049929329797468,pool377,b10_zeroed
index_texture,ixstd_nbr,olmoearth_nano,legacy alias: (B08 - B8A) / (B08 + B8A + epsilon),285,0.9389454798882373,pool377,b10_zeroed
index_texture,ixstd_bsi,olmoearth_nano,legacy alias: ((B12 + B04) - (B08 + B02)) / ((B12 + B04) + (B08 + B02) + epsilon),286,0.9298812662389391,pool377,b10_zeroed
index_texture,ixgm_ndvi,olmoearth_nano,(B08 - B04) / (B08 + B04 + epsilon),287,0.9642906366333102,pool377,b10_zeroed
index_texture,ixgm_ndwi,olmoearth_nano,(B03 - B08) / (B03 + B08 + epsilon),288,0.9635601447444222,pool377,b10_zeroed
index_texture,ixgm_ndbi,olmoearth_nano,legacy alias: (B12 - B08) / (B12 + B08 + epsilon),289,0.9579997618937173,pool377,b10_zeroed
index_texture,ixgm_ndmi,olmoearth_nano,legacy alias: (B08 - B12) / (B08 + B12 + epsilon),290,0.9579997618937173,pool377,b10_zeroed
index_texture,ixgm_nbr,olmoearth_nano,legacy alias: (B08 - B8A) / (B08 + B8A + epsilon),291,0.9436787007471789,pool377,b10_zeroed
index_texture,ixgm_bsi,olmoearth_nano,legacy alias: ((B12 + B04) - (B08 + B02)) / ((B12 + B04) + (B08 + B02) + epsilon),292,0.9631145009367934,pool377,b10_zeroed
index_texture,ixgs_ndvi,olmoearth_nano,(B08 - B04) / (B08 + B04 + epsilon),293,0.9336284600458491,pool377,b10_zeroed
index_texture,ixgs_ndwi,olmoearth_nano,(B03 - B08) / (B03 + B08 + epsilon),294,0.9362322589791787,pool377,b10_zeroed
index_texture,ixgs_ndbi,olmoearth_nano,legacy alias: (B12 - B08) / (B12 + B08 + epsilon),295,0.9252218853196479,pool377,b10_zeroed
index_texture,ixgs_ndmi,olmoearth_nano,legacy alias: (B08 - B12) / (B08 + B12 + epsilon),296,0.9252218853196479,pool377,b10_zeroed
index_texture,ixgs_nbr,olmoearth_nano,legacy alias: (B08 - B8A) / (B08 + B8A + epsilon),297,0.9224759491222265,pool377,b10_zeroed
index_texture,ixgs_bsi,olmoearth_nano,legacy alias: ((B12 + B04) - (B08 + B02)) / ((B12 + B04) + (B08 + B02) + epsilon),298,0.9410437551437167,pool377,b10_zeroed
index_texture,ixspr_ndvi,olmoearth_nano,(B08 - B04) / (B08 + B04 + epsilon),299,0.9329776250489541,pool377,b10_zeroed
index_texture,ixspr_ndwi,olmoearth_nano,(B03 - B08) / (B03 + B08 + epsilon),300,0.9320454628225675,pool377,b10_zeroed
index_texture,ixspr_ndbi,olmoearth_nano,legacy alias: (B12 - B08) / (B12 + B08 + epsilon),301,0.8915554412408961,pool377,b10_zeroed
index_texture,ixspr_ndmi,olmoearth_nano,legacy alias: (B08 - B12) / (B08 + B12 + epsilon),302,0.8915554412408961,pool377,b10_zeroed
index_texture,ixspr_nbr,olmoearth_nano,legacy alias: (B08 - B8A) / (B08 + B8A + epsilon),303,0.9350495783473742,pool377,b10_zeroed
index_texture,ixspr_bsi,olmoearth_nano,legacy alias: ((B12 + B04) - (B08 + B02)) / ((B12 + B04) + (B08 + B02) + epsilon),304,0.9135547473692539,pool377,b10_zeroed
hough_lines,linepf_pan,olmoearth_nano,mean of all 13 TIFF channels; B10 fixed to zero in b10_zeroed variant,305,0.6259186968999969,pool377,b10_zeroed
hough_lines,linepl_pan,olmoearth_nano,mean of all 13 TIFF channels; B10 fixed to zero in b10_zeroed variant,306,0.6260034401801019,pool377,b10_zeroed
hough_lines,linet3_pan,olmoearth_nano,mean of all 13 TIFF channels; B10 fixed to zero in b10_zeroed variant,307,0.6387213624286402,pool377,b10_zeroed
hough_lines,linepf_ndvi,olmoearth_nano,(B08 - B04) / (B08 + B04 + epsilon),308,0.6705902396876605,pool377,b10_zeroed
hough_lines,linepl_ndvi,olmoearth_nano,(B08 - B04) / (B08 + B04 + epsilon),309,0.6705905362847929,pool377,b10_zeroed
hough_lines,linet3_ndvi,olmoearth_nano,(B08 - B04) / (B08 + B04 + epsilon),310,0.6856452969023321,pool377,b10_zeroed
hough_lines,linepf_ndbi,olmoearth_nano,legacy alias: (B12 - B08) / (B12 + B08 + epsilon),311,0.659347275836623,pool377,b10_zeroed
hough_lines,linepl_ndbi,olmoearth_nano,legacy alias: (B12 - B08) / (B12 + B08 + epsilon),312,0.6593513430019696,pool377,b10_zeroed
hough_lines,linet3_ndbi,olmoearth_nano,legacy alias: (B12 - B08) / (B12 + B08 + epsilon),313,0.6785072937364476,pool377,b10_zeroed
harris_corners,corn2frac_pan,olmoearth_nano,mean of all 13 TIFF channels; B10 fixed to zero in b10_zeroed variant,314,0.8736703103741887,pool377,b10_zeroed
harris_corners,corn2mag_pan,olmoearth_nano,mean of all 13 TIFF channels; B10 fixed to zero in b10_zeroed variant,315,0.799081878184527,pool377,b10_zeroed
harris_corners,corn2frac_ndvi,olmoearth_nano,(B08 - B04) / (B08 + B04 + epsilon),316,0.9045748935306261,pool377,b10_zeroed
harris_corners,corn2mag_ndvi,olmoearth_nano,(B08 - B04) / (B08 + B04 + epsilon),317,0.8824950583180635,pool377,b10_zeroed
harris_corners,corn2frac_ndbi,olmoearth_nano,legacy alias: (B12 - B08) / (B12 + B08 + epsilon),318,0.8945860836329302,pool377,b10_zeroed
harris_corners,corn2mag_ndbi,olmoearth_nano,legacy alias: (B12 - B08) / (B12 + B08 + epsilon),319,0.8719804700234401,pool377,b10_zeroed
lbp,lbp2ent_pan,olmoearth_nano,mean of all 13 TIFF channels; B10 fixed to zero in b10_zeroed variant,320,0.82030775178245,pool377,b10_zeroed
lbp,lbp2uni_pan,olmoearth_nano,mean of all 13 TIFF channels; B10 fixed to zero in b10_zeroed variant,321,0.8678214394503742,pool377,b10_zeroed
lbp,lbp2ent_ndvi,olmoearth_nano,(B08 - B04) / (B08 + B04 + epsilon),322,0.6931314722908364,pool377,b10_zeroed
lbp,lbp2uni_ndvi,olmoearth_nano,(B08 - B04) / (B08 + B04 + epsilon),323,0.8374409100764382,pool377,b10_zeroed
lbp,lbp2ent_ndbi,olmoearth_nano,legacy alias: (B12 - B08) / (B12 + B08 + epsilon),324,0.7977517419886333,pool377,b10_zeroed
lbp,lbp2uni_ndbi,olmoearth_nano,legacy alias: (B12 - B08) / (B12 + B08 + epsilon),325,0.8324816795071085,pool377,b10_zeroed
blobs,blob2lrg_pan,olmoearth_nano,mean of all 13 TIFF channels; B10 fixed to zero in b10_zeroed variant,326,0.1868538125441317,pool377,b10_zeroed
blobs,blob2nc_pan,olmoearth_nano,mean of all 13 TIFF channels; B10 fixed to zero in b10_zeroed variant,327,0.6377711276102673,pool377,b10_zeroed
blobs,blob2msz_pan,olmoearth_nano,mean of all 13 TIFF channels; B10 fixed to zero in b10_zeroed variant,328,0.39468221765789135,pool377,b10_zeroed
blobs,blob2lrg_ndvi,olmoearth_nano,(B08 - B04) / (B08 + B04 + epsilon),329,0.2758794544789085,pool377,b10_zeroed
blobs,blob2nc_ndvi,olmoearth_nano,(B08 - B04) / (B08 + B04 + epsilon),330,0.6591095144117758,pool377,b10_zeroed
blobs,blob2msz_ndvi,olmoearth_nano,(B08 - B04) / (B08 + B04 + epsilon),331,0.3839791032613922,pool377,b10_zeroed
blobs,blob2lrg_ndbi,olmoearth_nano,legacy alias: (B12 - B08) / (B12 + B08 + epsilon),332,0.13436797721645577,pool377,b10_zeroed
blobs,blob2nc_ndbi,olmoearth_nano,legacy alias: (B12 - B08) / (B12 + B08 + epsilon),333,0.6628786597609108,pool377,b10_zeroed
blobs,blob2msz_ndbi,olmoearth_nano,legacy alias: (B12 - B08) / (B12 + B08 + epsilon),334,0.42588508541232395,pool377,b10_zeroed
spectral_slope,sslope2_pan,olmoearth_nano,mean of all 13 TIFF channels; B10 fixed to zero in b10_zeroed variant,335,0.6569100384902617,pool377,b10_zeroed
spectral_slope,sslope2_ndvi,olmoearth_nano,(B08 - B04) / (B08 + B04 + epsilon),336,0.8461899662540248,pool377,b10_zeroed
spectral_slope,sslope2_ndbi,olmoearth_nano,legacy alias: (B12 - B08) / (B12 + B08 + epsilon),337,0.8296667679047423,pool377,b10_zeroed
index_coherence,ixcoh_ndvi,olmoearth_nano,(B08 - B04) / (B08 + B04 + epsilon),338,0.5851607494199239,pool377,b10_zeroed
index_coherence,ixcoh_ndwi,olmoearth_nano,(B03 - B08) / (B03 + B08 + epsilon),339,0.6017546229151207,pool377,b10_zeroed
index_coherence,ixcoh_ndbi,olmoearth_nano,legacy alias: (B12 - B08) / (B12 + B08 + epsilon),340,0.530307361707222,pool377,b10_zeroed
index_coherence,ixcoh_ndmi,olmoearth_nano,legacy alias: (B08 - B12) / (B08 + B12 + epsilon),341,0.530307361707222,pool377,b10_zeroed
index_coherence,ixcoh_nbr,olmoearth_nano,legacy alias: (B08 - B8A) / (B08 + B8A + epsilon),342,0.5324263834479301,pool377,b10_zeroed
index_coherence,ixcoh_bsi,olmoearth_nano,legacy alias: ((B12 + B04) - (B08 + B02)) / ((B12 + B04) + (B08 + B02) + epsilon),343,0.551888274638884,pool377,b10_zeroed
index_texture_scale2,ix2std_ndvi,olmoearth_nano,(B08 - B04) / (B08 + B04 + epsilon),344,0.9520173651384065,pool377,b10_zeroed
index_texture_scale2,ix2std_ndwi,olmoearth_nano,(B03 - B08) / (B03 + B08 + epsilon),345,0.9562857918736739,pool377,b10_zeroed
index_texture_scale2,ix2std_ndbi,olmoearth_nano,legacy alias: (B12 - B08) / (B12 + B08 + epsilon),346,0.9016636330160661,pool377,b10_zeroed
index_texture_scale2,ix2std_ndmi,olmoearth_nano,legacy alias: (B08 - B12) / (B08 + B12 + epsilon),347,0.9016636330160661,pool377,b10_zeroed
index_texture_scale2,ix2std_nbr,olmoearth_nano,legacy alias: (B08 - B8A) / (B08 + B8A + epsilon),348,0.9285291485390217,pool377,b10_zeroed
index_texture_scale2,ix2std_bsi,olmoearth_nano,legacy alias: ((B12 + B04) - (B08 + B02)) / ((B12 + B04) + (B08 + B02) + epsilon),349,0.9283261436485358,pool377,b10_zeroed
index_texture_scale2,ix2gm_ndvi,olmoearth_nano,(B08 - B04) / (B08 + B04 + epsilon),350,0.9696979990505817,pool377,b10_zeroed
index_texture_scale2,ix2gm_ndwi,olmoearth_nano,(B03 - B08) / (B03 + B08 + epsilon),351,0.9703411491771444,pool377,b10_zeroed
index_texture_scale2,ix2gm_ndbi,olmoearth_nano,legacy alias: (B12 - B08) / (B12 + B08 + epsilon),352,0.96116095749196,pool377,b10_zeroed
index_texture_scale2,ix2gm_ndmi,olmoearth_nano,legacy alias: (B08 - B12) / (B08 + B12 + epsilon),353,0.96116095749196,pool377,b10_zeroed
index_texture_scale2,ix2gm_nbr,olmoearth_nano,legacy alias: (B08 - B8A) / (B08 + B8A + epsilon),354,0.9512533974740707,pool377,b10_zeroed
index_texture_scale2,ix2gm_bsi,olmoearth_nano,legacy alias: ((B12 + B04) - (B08 + B02)) / ((B12 + B04) + (B08 + B02) + epsilon),355,0.9661842609495501,pool377,b10_zeroed
cross_band_correlation,xcorr_b3_b7,olmoearth_nano,B04;B08,356,0.8435833847376141,pool377,b10_zeroed
cross_band_correlation,xcorr_b2_b7,olmoearth_nano,B03;B08,357,0.7966165469208112,pool377,b10_zeroed
cross_band_correlation,xcorr_b1_b7,olmoearth_nano,B02;B08,358,0.8104438783859151,pool377,b10_zeroed
cross_band_correlation,xcorr_b11_b7,olmoearth_nano,B12;B08,359,0.8623232566022844,pool377,b10_zeroed
cross_band_correlation,xcorr_b3_b11,olmoearth_nano,B04;B12,360,0.670086079317735,pool377,b10_zeroed
cross_band_correlation,xcorr_b2_b3,olmoearth_nano,B03;B04,361,0.6368752169528515,pool377,b10_zeroed
cross_band_correlation,xcorr_b7_b12,olmoearth_nano,B08;B8A,362,0.688007158620173,pool377,b10_zeroed
cross_band_correlation,xcorr_b11_b12,olmoearth_nano,B12;B8A,363,0.8499509504596956,pool377,b10_zeroed
orientation_entropy_scale2,oent2_b0,olmoearth_nano,B01,364,0.507709304859561,pool377,b10_zeroed
orientation_entropy_scale2,oent2_b1,olmoearth_nano,B02,365,0.6369736980395465,pool377,b10_zeroed
orientation_entropy_scale2,oent2_b2,olmoearth_nano,B03,366,0.6309333412467338,pool377,b10_zeroed
orientation_entropy_scale2,oent2_b3,olmoearth_nano,B04,367,0.6326024132590815,pool377,b10_zeroed
orientation_entropy_scale2,oent2_b4,olmoearth_nano,B05,368,0.6336033129626581,pool377,b10_zeroed
orientation_entropy_scale2,oent2_b5,olmoearth_nano,B06,369,0.6567891124910501,pool377,b10_zeroed
orientation_entropy_scale2,oent2_b6,olmoearth_nano,B07,370,0.6576925450372798,pool377,b10_zeroed
orientation_entropy_scale2,oent2_b7,olmoearth_nano,B08,371,0.6345505895991976,pool377,b10_zeroed
orientation_entropy_scale2,oent2_b8,olmoearth_nano,B09,372,0.6345734200949945,pool377,b10_zeroed
orientation_entropy_scale2,oent2_b9,olmoearth_nano,B10,373,,pool377,b10_zeroed
orientation_entropy_scale2,oent2_b10,olmoearth_nano,B11,374,0.6575954606478283,pool377,b10_zeroed
orientation_entropy_scale2,oent2_b11,olmoearth_nano,B12,375,0.6595939851433704,pool377,b10_zeroed
orientation_entropy_scale2,oent2_b12,olmoearth_nano,B8A,376,0.664700052488359,pool377,b10_zeroed
lbp,lbp2uni_ndbi,olmoearth_base,legacy alias: (B12 - B08) / (B12 + B08 + epsilon),0,0.9073622426332676,frontier33,original
index_texture,ixgs_nbr,olmoearth_base,legacy alias: (B08 - B8A) / (B08 + B8A + epsilon),1,0.9610748576351308,frontier33,original
harris_corners,corn2frac_ndvi,olmoearth_base,(B08 - B04) / (B08 + B04 + epsilon),2,0.9507889661773894,frontier33,original
index_texture,ixgs_ndwi,olmoearth_base,(B03 - B08) / (B03 + B08 + epsilon),3,0.9700111876487996,frontier33,original
multiscale_gradients,g2mean_b1,olmoearth_base,B02,4,0.9703845804606904,frontier33,original
multiscale_gradients,g0mean_b3,olmoearth_base,B04,5,0.9853535526845999,frontier33,original
multiscale_gradients,g2mean_b2,olmoearth_base,B03,6,0.9726161608219296,frontier33,original
index_texture_scale2,ix2std_nbr,olmoearth_base,legacy alias: (B08 - B8A) / (B08 + B8A + epsilon),7,0.9603149702417875,frontier33,original
orientation_entropy,oent_b11,olmoearth_base,B12,8,0.8004661098139174,frontier33,original
orientation_entropy,oent_b0,olmoearth_base,B01,9,0.7903366142902306,frontier33,original
index_texture,ixgs_bsi,olmoearth_base,legacy alias: ((B12 + B04) - (B08 + B02)) / ((B12 + B04) + (B08 + B02) + epsilon),10,0.9658271405702349,frontier33,original
spectral_statistics,p75_b10,olmoearth_base,B11,11,0.9866603003522377,frontier33,original
spectral_statistics,p10_b11,olmoearth_base,B12,12,0.9717702085124449,frontier33,original
harris_corners,corn2mag_ndvi,olmoearth_base,(B08 - B04) / (B08 + B04 + epsilon),13,0.9397696551349715,frontier33,original
index_texture,ixgm_ndvi,olmoearth_base,(B08 - B04) / (B08 + B04 + epsilon),14,0.985115606874341,frontier33,original
spectral_statistics,p90_b8,olmoearth_base,B09,15,0.9564724115093408,frontier33,original
index_texture,ixgm_nbr,olmoearth_base,legacy alias: (B08 - B8A) / (B08 + B8A + epsilon),16,0.9796543265948662,frontier33,original
lbp,lbp2uni_ndvi,olmoearth_base,(B08 - B04) / (B08 + B04 + epsilon),17,0.8930574303696158,frontier33,original
multiscale_gradients,g0mean_b4,olmoearth_base,B05,18,0.9745067574793789,frontier33,original
spectral_statistics,std_b4,olmoearth_base,B05,19,0.8900701991768983,frontier33,original
hough_lines,linet3_ndvi,olmoearth_base,(B08 - B04) / (B08 + B04 + epsilon),20,0.7629328203470327,frontier33,original
spectral_statistics,p10_b3,olmoearth_base,B04,21,0.961774446229416,frontier33,original
spectral_statistics,p50_b11,olmoearth_base,B12,22,0.981978823288332,frontier33,original
orientation_entropy,oent_b2,olmoearth_base,B03,23,0.7894236896827383,frontier33,original
spectral_statistics,p75_b3,olmoearth_base,B04,24,0.9801820938717415,frontier33,original
blobs,blob2lrg_ndvi,olmoearth_base,(B08 - B04) / (B08 + B04 + epsilon),25,0.38480987221259866,frontier33,original
harris_corners,corn2frac_pan,olmoearth_base,mean of all 13 TIFF channels; B10 fixed to zero in b10_zeroed variant,26,0.9408031813992486,frontier33,original
index_texture,ixgm_ndbi,olmoearth_base,legacy alias: (B12 - B08) / (B12 + B08 + epsilon),27,0.9824914950482122,frontier33,original
spectral_statistics,p75_b0,olmoearth_base,B01,28,0.96845212095335,frontier33,original
spectral_statistics,p10_b6,olmoearth_base,B07,29,0.9698576727673462,frontier33,original
orientation_entropy_scale2,oent2_b1,olmoearth_base,B02,30,0.7598316753490003,frontier33,original
spectral_statistics,mean_b2,olmoearth_base,B03,31,0.989709063887884,frontier33,original
region_shape,tail_aniso_low_ndvi,olmoearth_base,(B08 - B04) / (B08 + B04 + epsilon),32,0.4517783610386519,frontier33,original
spectral_statistics,mean_b0,olmoearth_base,B01,0,0.9724625238847485,pool377,original
spectral_statistics,mean_b1,olmoearth_base,B02,1,0.983575547947883,pool377,original
spectral_statistics,mean_b2,olmoearth_base,B03,2,0.989709063887884,pool377,original
spectral_statistics,mean_b3,olmoearth_base,B04,3,0.9936794750095801,pool377,original
spectral_statistics,mean_b4,olmoearth_base,B05,4,0.9935059897706666,pool377,original
spectral_statistics,mean_b5,olmoearth_base,B06,5,0.9956160026562274,pool377,original
spectral_statistics,mean_b6,olmoearth_base,B07,6,0.9962110791693477,pool377,original
spectral_statistics,mean_b7,olmoearth_base,B08,7,0.9962541009601501,pool377,original
spectral_statistics,mean_b8,olmoearth_base,B09,8,0.9695411727187913,pool377,original
spectral_statistics,mean_b9,olmoearth_base,B10,9,0.6089215455969439,pool377,original
spectral_statistics,mean_b10,olmoearth_base,B11,10,0.9963815415539479,pool377,original
spectral_statistics,mean_b11,olmoearth_base,B12,11,0.9950249601583823,pool377,original
spectral_statistics,mean_b12,olmoearth_base,B8A,12,0.996589180959947,pool377,original
spectral_statistics,std_b0,olmoearth_base,B01,13,0.8267816362038254,pool377,original
spectral_statistics,std_b1,olmoearth_base,B02,14,0.9125525167858846,pool377,original
spectral_statistics,std_b2,olmoearth_base,B03,15,0.9174825873539367,pool377,original
spectral_statistics,std_b3,olmoearth_base,B04,16,0.9292092639697064,pool377,original
spectral_statistics,std_b4,olmoearth_base,B05,17,0.8900701991768983,pool377,original
spectral_statistics,std_b5,olmoearth_base,B06,18,0.9000947931056406,pool377,original
spectral_statistics,std_b6,olmoearth_base,B07,19,0.9134381930492221,pool377,original
spectral_statistics,std_b7,olmoearth_base,B08,20,0.9327838874615964,pool377,original
spectral_statistics,std_b8,olmoearth_base,B09,21,0.8001690764778948,pool377,original
spectral_statistics,std_b9,olmoearth_base,B10,22,0.29337055420099656,pool377,original
spectral_statistics,std_b10,olmoearth_base,B11,23,0.8962929075082018,pool377,original
spectral_statistics,std_b11,olmoearth_base,B12,24,0.8856895132649699,pool377,original
spectral_statistics,std_b12,olmoearth_base,B8A,25,0.9187649167151726,pool377,original
spectral_statistics,p10_b0,olmoearth_base,B01,26,0.9537190466278215,pool377,original
spectral_statistics,p10_b1,olmoearth_base,B02,27,0.9589433265298184,pool377,original
spectral_statistics,p10_b2,olmoearth_base,B03,28,0.9665167482374272,pool377,original
spectral_statistics,p10_b3,olmoearth_base,B04,29,0.961774446229416,pool377,original
spectral_statistics,p10_b4,olmoearth_base,B05,30,0.9710882699911768,pool377,original
spectral_statistics,p10_b5,olmoearth_base,B06,31,0.9709953495601232,pool377,original
spectral_statistics,p10_b6,olmoearth_base,B07,32,0.9698576727673462,pool377,original
spectral_statistics,p10_b7,olmoearth_base,B08,33,0.9708360638005843,pool377,original
spectral_statistics,p10_b8,olmoearth_base,B09,34,0.9556806757972881,pool377,original
spectral_statistics,p10_b9,olmoearth_base,B10,35,0.6390506780743019,pool377,original
spectral_statistics,p10_b10,olmoearth_base,B11,36,0.9778463814796815,pool377,original
spectral_statistics,p10_b11,olmoearth_base,B12,37,0.9717702085124449,pool377,original
spectral_statistics,p10_b12,olmoearth_base,B8A,38,0.9727333311688766,pool377,original
spectral_statistics,p25_b0,olmoearth_base,B01,39,0.9611346455579084,pool377,original
spectral_statistics,p25_b1,olmoearth_base,B02,40,0.9625572033635927,pool377,original
spectral_statistics,p25_b2,olmoearth_base,B03,41,0.9716476307154417,pool377,original
spectral_statistics,p25_b3,olmoearth_base,B04,42,0.9684562802299155,pool377,original
spectral_statistics,p25_b4,olmoearth_base,B05,43,0.9780025928965397,pool377,original
spectral_statistics,p25_b5,olmoearth_base,B06,44,0.9773542154875566,pool377,original
spectral_statistics,p25_b6,olmoearth_base,B07,45,0.9770672347379877,pool377,original
spectral_statistics,p25_b7,olmoearth_base,B08,46,0.9747568707382166,pool377,original
spectral_statistics,p25_b8,olmoearth_base,B09,47,0.9636331229845156,pool377,original
spectral_statistics,p25_b9,olmoearth_base,B10,48,0.6326376855525178,pool377,original
spectral_statistics,p25_b10,olmoearth_base,B11,49,0.9819636112871658,pool377,original
spectral_statistics,p25_b11,olmoearth_base,B12,50,0.9778409002701199,pool377,original
spectral_statistics,p25_b12,olmoearth_base,B8A,51,0.9784250836733973,pool377,original
spectral_statistics,p50_b0,olmoearth_base,B01,52,0.9685823167919166,pool377,original
spectral_statistics,p50_b1,olmoearth_base,B02,53,0.9704276063231229,pool377,original
spectral_statistics,p50_b2,olmoearth_base,B03,54,0.9776169334404503,pool377,original
spectral_statistics,p50_b3,olmoearth_base,B04,55,0.9776939838785587,pool377,original
spectral_statistics,p50_b4,olmoearth_base,B05,56,0.9830691499797999,pool377,original
spectral_statistics,p50_b5,olmoearth_base,B06,57,0.9845554721561074,pool377,original
spectral_statistics,p50_b6,olmoearth_base,B07,58,0.9846114638302654,pool377,original
spectral_statistics,p50_b7,olmoearth_base,B08,59,0.9826033907712036,pool377,original
spectral_statistics,p50_b8,olmoearth_base,B09,60,0.9668355255453205,pool377,original
spectral_statistics,p50_b9,olmoearth_base,B10,61,0.6162693843365967,pool377,original
spectral_statistics,p50_b10,olmoearth_base,B11,62,0.9855935627096373,pool377,original
spectral_statistics,p50_b11,olmoearth_base,B12,63,0.981978823288332,pool377,original
spectral_statistics,p50_b12,olmoearth_base,B8A,64,0.9856656356694737,pool377,original
spectral_statistics,p75_b0,olmoearth_base,B01,65,0.96845212095335,pool377,original
spectral_statistics,p75_b1,olmoearth_base,B02,66,0.9676128997684189,pool377,original
spectral_statistics,p75_b2,olmoearth_base,B03,67,0.9744562623657312,pool377,original
spectral_statistics,p75_b3,olmoearth_base,B04,68,0.9801820938717415,pool377,original
spectral_statistics,p75_b4,olmoearth_base,B05,69,0.9830576412690726,pool377,original
spectral_statistics,p75_b5,olmoearth_base,B06,70,0.9841576166910785,pool377,original
spectral_statistics,p75_b6,olmoearth_base,B07,71,0.9844792644728206,pool377,original
spectral_statistics,p75_b7,olmoearth_base,B08,72,0.9843259990587006,pool377,original
spectral_statistics,p75_b8,olmoearth_base,B09,73,0.9631083292240266,pool377,original
spectral_statistics,p75_b9,olmoearth_base,B10,74,0.5803996767731173,pool377,original
spectral_statistics,p75_b10,olmoearth_base,B11,75,0.9866603003522377,pool377,original
spectral_statistics,p75_b11,olmoearth_base,B12,76,0.9834343034589532,pool377,original
spectral_statistics,p75_b12,olmoearth_base,B8A,77,0.9859023005985924,pool377,original
spectral_statistics,p90_b0,olmoearth_base,B01,78,0.9610021941250738,pool377,original
spectral_statistics,p90_b1,olmoearth_base,B02,79,0.9684290064744231,pool377,original
spectral_statistics,p90_b2,olmoearth_base,B03,80,0.9721768428897879,pool377,original
spectral_statistics,p90_b3,olmoearth_base,B04,81,0.9761398096078207,pool377,original
spectral_statistics,p90_b4,olmoearth_base,B05,82,0.9759325136944887,pool377,original
spectral_statistics,p90_b5,olmoearth_base,B06,83,0.9745941221265603,pool377,original
spectral_statistics,p90_b6,olmoearth_base,B07,84,0.9766109216415098,pool377,original
spectral_statistics,p90_b7,olmoearth_base,B08,85,0.9776208664105356,pool377,original
spectral_statistics,p90_b8,olmoearth_base,B09,86,0.9564724115093408,pool377,original
spectral_statistics,p90_b9,olmoearth_base,B10,87,0.5452851779193443,pool377,original
spectral_statistics,p90_b10,olmoearth_base,B11,88,0.9793019328611948,pool377,original
spectral_statistics,p90_b11,olmoearth_base,B12,89,0.976266084829388,pool377,original
spectral_statistics,p90_b12,olmoearth_base,B8A,90,0.9787013998583217,pool377,original
multiscale_gradients,g0mean_b0,olmoearth_base,B01,91,0.9265797345506164,pool377,original
multiscale_gradients,g0mean_b1,olmoearth_base,B02,92,0.9808470981683861,pool377,original
multiscale_gradients,g0mean_b2,olmoearth_base,B03,93,0.983116436343505,pool377,original
multiscale_gradients,g0mean_b3,olmoearth_base,B04,94,0.9853535526845999,pool377,original
multiscale_gradients,g0mean_b4,olmoearth_base,B05,95,0.9745067574793789,pool377,original
multiscale_gradients,g0mean_b5,olmoearth_base,B06,96,0.9658139656718485,pool377,original
multiscale_gradients,g0mean_b6,olmoearth_base,B07,97,0.9691614517914123,pool377,original
multiscale_gradients,g0mean_b7,olmoearth_base,B08,98,0.9818966628969863,pool377,original
multiscale_gradients,g0mean_b8,olmoearth_base,B09,99,0.8867215273463378,pool377,original
multiscale_gradients,g0mean_b9,olmoearth_base,B10,100,0.6121675180402313,pool377,original
multiscale_gradients,g0mean_b10,olmoearth_base,B11,101,0.9619411887981139,pool377,original
multiscale_gradients,g0mean_b11,olmoearth_base,B12,102,0.9638019492926622,pool377,original
multiscale_gradients,g0mean_b12,olmoearth_base,B8A,103,0.9713739599214193,pool377,original
multiscale_gradients,g0std_b0,olmoearth_base,B01,104,0.6735657721452658,pool377,original
multiscale_gradients,g0std_b1,olmoearth_base,B02,105,0.8197179951898189,pool377,original
multiscale_gradients,g0std_b2,olmoearth_base,B03,106,0.8422310306387688,pool377,original
multiscale_gradients,g0std_b3,olmoearth_base,B04,107,0.8572964564963448,pool377,original
multiscale_gradients,g0std_b4,olmoearth_base,B05,108,0.7940631186502267,pool377,original
multiscale_gradients,g0std_b5,olmoearth_base,B06,109,0.7958982675744948,pool377,original
multiscale_gradients,g0std_b6,olmoearth_base,B07,110,0.8337481278761645,pool377,original
multiscale_gradients,g0std_b7,olmoearth_base,B08,111,0.8686258485622345,pool377,original
multiscale_gradients,g0std_b8,olmoearth_base,B09,112,0.6277256016258879,pool377,original
multiscale_gradients,g0std_b9,olmoearth_base,B10,113,0.41974273952184815,pool377,original
multiscale_gradients,g0std_b10,olmoearth_base,B11,114,0.7822115611467263,pool377,original
multiscale_gradients,g0std_b11,olmoearth_base,B12,115,0.7739907443060731,pool377,original
multiscale_gradients,g0std_b12,olmoearth_base,B8A,116,0.8451801991699062,pool377,original
multiscale_gradients,g1mean_b0,olmoearth_base,B01,117,0.9265090869967252,pool377,original
multiscale_gradients,g1mean_b1,olmoearth_base,B02,118,0.9803656100019725,pool377,original
multiscale_gradients,g1mean_b2,olmoearth_base,B03,119,0.9828042009250705,pool377,original
multiscale_gradients,g1mean_b3,olmoearth_base,B04,120,0.9849366896900098,pool377,original
multiscale_gradients,g1mean_b4,olmoearth_base,B05,121,0.9719862818360805,pool377,original
multiscale_gradients,g1mean_b5,olmoearth_base,B06,122,0.9623762230631352,pool377,original
multiscale_gradients,g1mean_b6,olmoearth_base,B07,123,0.9659912001337077,pool377,original
multiscale_gradients,g1mean_b7,olmoearth_base,B08,124,0.9803127190696119,pool377,original
multiscale_gradients,g1mean_b8,olmoearth_base,B09,125,0.8872040121292742,pool377,original
multiscale_gradients,g1mean_b9,olmoearth_base,B10,126,0.5871073184439465,pool377,original
multiscale_gradients,g1mean_b10,olmoearth_base,B11,127,0.9594668586804397,pool377,original
multiscale_gradients,g1mean_b11,olmoearth_base,B12,128,0.961502606498117,pool377,original
multiscale_gradients,g1mean_b12,olmoearth_base,B8A,129,0.9685070187472216,pool377,original
multiscale_gradients,g1std_b0,olmoearth_base,B01,130,0.6776992321235307,pool377,original
multiscale_gradients,g1std_b1,olmoearth_base,B02,131,0.828186053340785,pool377,original
multiscale_gradients,g1std_b2,olmoearth_base,B03,132,0.8515159917808863,pool377,original
multiscale_gradients,g1std_b3,olmoearth_base,B04,133,0.8609357571913291,pool377,original
multiscale_gradients,g1std_b4,olmoearth_base,B05,134,0.7928817007352185,pool377,original
multiscale_gradients,g1std_b5,olmoearth_base,B06,135,0.7984778527664717,pool377,original
multiscale_gradients,g1std_b6,olmoearth_base,B07,136,0.8364461676895418,pool377,original
multiscale_gradients,g1std_b7,olmoearth_base,B08,137,0.8733583702515555,pool377,original
multiscale_gradients,g1std_b8,olmoearth_base,B09,138,0.6378890409713616,pool377,original
multiscale_gradients,g1std_b9,olmoearth_base,B10,139,0.09602374110368805,pool377,original
multiscale_gradients,g1std_b10,olmoearth_base,B11,140,0.7828396303085045,pool377,original
multiscale_gradients,g1std_b11,olmoearth_base,B12,141,0.770181239465328,pool377,original
multiscale_gradients,g1std_b12,olmoearth_base,B8A,142,0.8467767227272748,pool377,original
multiscale_gradients,g2mean_b0,olmoearth_base,B01,143,0.9248283447058614,pool377,original
multiscale_gradients,g2mean_b1,olmoearth_base,B02,144,0.9703845804606904,pool377,original
multiscale_gradients,g2mean_b2,olmoearth_base,B03,145,0.9726161608219296,pool377,original
multiscale_gradients,g2mean_b3,olmoearth_base,B04,146,0.974865250926291,pool377,original
multiscale_gradients,g2mean_b4,olmoearth_base,B05,147,0.9623711424774875,pool377,original
multiscale_gradients,g2mean_b5,olmoearth_base,B06,148,0.9508908213609893,pool377,original
multiscale_gradients,g2mean_b6,olmoearth_base,B07,149,0.9556846895537101,pool377,original
multiscale_gradients,g2mean_b7,olmoearth_base,B08,150,0.9643029314309535,pool377,original
multiscale_gradients,g2mean_b8,olmoearth_base,B09,151,0.886702322651885,pool377,original
multiscale_gradients,g2mean_b9,olmoearth_base,B10,152,0.5626091022606416,pool377,original
multiscale_gradients,g2mean_b10,olmoearth_base,B11,153,0.9508165410456905,pool377,original
multiscale_gradients,g2mean_b11,olmoearth_base,B12,154,0.952652846624157,pool377,original
multiscale_gradients,g2mean_b12,olmoearth_base,B8A,155,0.959039895899517,pool377,original
multiscale_gradients,g2std_b0,olmoearth_base,B01,156,0.6846213926766846,pool377,original
multiscale_gradients,g2std_b1,olmoearth_base,B02,157,0.8077353051974386,pool377,original
multiscale_gradients,g2std_b2,olmoearth_base,B03,158,0.8325226720124071,pool377,original
multiscale_gradients,g2std_b3,olmoearth_base,B04,159,0.8478799178679017,pool377,original
multiscale_gradients,g2std_b4,olmoearth_base,B05,160,0.7954043310934362,pool377,original
multiscale_gradients,g2std_b5,olmoearth_base,B06,161,0.8101971008922435,pool377,original
multiscale_gradients,g2std_b6,olmoearth_base,B07,162,0.8434412235202695,pool377,original
multiscale_gradients,g2std_b7,olmoearth_base,B08,163,0.8638152716608789,pool377,original
multiscale_gradients,g2std_b8,olmoearth_base,B09,164,0.6625544976240652,pool377,original
multiscale_gradients,g2std_b9,olmoearth_base,B10,165,0.20695065197468498,pool377,original
multiscale_gradients,g2std_b10,olmoearth_base,B11,166,0.7876949876220534,pool377,original
multiscale_gradients,g2std_b11,olmoearth_base,B12,167,0.7638591339148337,pool377,original
multiscale_gradients,g2std_b12,olmoearth_base,B8A,168,0.8516516692261284,pool377,original
coherence,coh0_b0,olmoearth_base,B01,169,0.4268616532487397,pool377,original
coherence,coh0_b1,olmoearth_base,B02,170,0.60506110351386,pool377,original
coherence,coh0_b2,olmoearth_base,B03,171,0.6128102001619296,pool377,original
coherence,coh0_b3,olmoearth_base,B04,172,0.5877805417415742,pool377,original
coherence,coh0_b4,olmoearth_base,B05,173,0.6275293378218415,pool377,original
coherence,coh0_b5,olmoearth_base,B06,174,0.6813269633125716,pool377,original
coherence,coh0_b6,olmoearth_base,B07,175,0.6791728022680363,pool377,original
coherence,coh0_b7,olmoearth_base,B08,176,0.6333515227971724,pool377,original
coherence,coh0_b8,olmoearth_base,B09,177,0.5712035868185171,pool377,original
coherence,coh0_b9,olmoearth_base,B10,178,0.1556163236474173,pool377,original
coherence,coh0_b10,olmoearth_base,B11,179,0.6656107291107258,pool377,original
coherence,coh0_b11,olmoearth_base,B12,180,0.6250144607634327,pool377,original
coherence,coh0_b12,olmoearth_base,B8A,181,0.6862799676924892,pool377,original
coherence,coh1_b0,olmoearth_base,B01,182,0.4192122832680336,pool377,original
coherence,coh1_b1,olmoearth_base,B02,183,0.6073561042661605,pool377,original
coherence,coh1_b2,olmoearth_base,B03,184,0.6093655629556725,pool377,original
coherence,coh1_b3,olmoearth_base,B04,185,0.5842087836901573,pool377,original
coherence,coh1_b4,olmoearth_base,B05,186,0.5990778728542089,pool377,original
coherence,coh1_b5,olmoearth_base,B06,187,0.6601891671673159,pool377,original
coherence,coh1_b6,olmoearth_base,B07,188,0.6585921719588543,pool377,original
coherence,coh1_b7,olmoearth_base,B08,189,0.6499759778421341,pool377,original
coherence,coh1_b8,olmoearth_base,B09,190,0.564125812799295,pool377,original
coherence,coh1_b9,olmoearth_base,B10,191,0.15539587787543818,pool377,original
coherence,coh1_b10,olmoearth_base,B11,192,0.6499601961123518,pool377,original
coherence,coh1_b11,olmoearth_base,B12,193,0.608099032428516,pool377,original
coherence,coh1_b12,olmoearth_base,B8A,194,0.6654719890097767,pool377,original
orientation_entropy,oent_b0,olmoearth_base,B01,195,0.7903366142902306,pool377,original
orientation_entropy,oent_b1,olmoearth_base,B02,196,0.7786013037432081,pool377,original
orientation_entropy,oent_b2,olmoearth_base,B03,197,0.7894236896827383,pool377,original
orientation_entropy,oent_b3,olmoearth_base,B04,198,0.7942448985476505,pool377,original
orientation_entropy,oent_b4,olmoearth_base,B05,199,0.7837420201439372,pool377,original
orientation_entropy,oent_b5,olmoearth_base,B06,200,0.7797838737463296,pool377,original
orientation_entropy,oent_b6,olmoearth_base,B07,201,0.7862902771806725,pool377,original
orientation_entropy,oent_b7,olmoearth_base,B08,202,0.751262758035459,pool377,original
orientation_entropy,oent_b8,olmoearth_base,B09,203,0.7962327963147517,pool377,original
orientation_entropy,oent_b9,olmoearth_base,B10,204,0.16172168269949805,pool377,original
orientation_entropy,oent_b10,olmoearth_base,B11,205,0.8007376589257723,pool377,original
orientation_entropy,oent_b11,olmoearth_base,B12,206,0.8004661098139174,pool377,original
orientation_entropy,oent_b12,olmoearth_base,B8A,207,0.7873981363043696,pool377,original
orientation_histogram,hog0_b0_o0,olmoearth_base,B01,208,0.6555989375515601,pool377,original
orientation_histogram,hog0_b0_o1,olmoearth_base,B01,209,0.6352829015470431,pool377,original
orientation_histogram,hog0_b0_o2,olmoearth_base,B01,210,0.6229858743336539,pool377,original
orientation_histogram,hog0_b0_o3,olmoearth_base,B01,211,0.7076834859466862,pool377,original
orientation_histogram,hog0_b1_o0,olmoearth_base,B02,212,0.8217402818692809,pool377,original
orientation_histogram,hog0_b1_o1,olmoearth_base,B02,213,0.8166789318544747,pool377,original
orientation_histogram,hog0_b1_o2,olmoearth_base,B02,214,0.8385996901029014,pool377,original
orientation_histogram,hog0_b1_o3,olmoearth_base,B02,215,0.8325893092912342,pool377,original
orientation_histogram,hog0_b2_o0,olmoearth_base,B03,216,0.8401434218365625,pool377,original
orientation_histogram,hog0_b2_o1,olmoearth_base,B03,217,0.8433611681419317,pool377,original
orientation_histogram,hog0_b2_o2,olmoearth_base,B03,218,0.8487982413238014,pool377,original
orientation_histogram,hog0_b2_o3,olmoearth_base,B03,219,0.8478555217184321,pool377,original
orientation_histogram,hog0_b3_o0,olmoearth_base,B04,220,0.8402417625617408,pool377,original
orientation_histogram,hog0_b3_o1,olmoearth_base,B04,221,0.8301845660239913,pool377,original
orientation_histogram,hog0_b3_o2,olmoearth_base,B04,222,0.8436766584879347,pool377,original
orientation_histogram,hog0_b3_o3,olmoearth_base,B04,223,0.8414604796711558,pool377,original
orientation_histogram,hog0_b4_o0,olmoearth_base,B05,224,0.8217957162684657,pool377,original
orientation_histogram,hog0_b4_o1,olmoearth_base,B05,225,0.8326393911616543,pool377,original
orientation_histogram,hog0_b4_o2,olmoearth_base,B05,226,0.8228728765288629,pool377,original
orientation_histogram,hog0_b4_o3,olmoearth_base,B05,227,0.8299829001811496,pool377,original
orientation_histogram,hog0_b5_o0,olmoearth_base,B06,228,0.8118244657702247,pool377,original
orientation_histogram,hog0_b5_o1,olmoearth_base,B06,229,0.8321266105658331,pool377,original
orientation_histogram,hog0_b5_o2,olmoearth_base,B06,230,0.8166869023587289,pool377,original
orientation_histogram,hog0_b5_o3,olmoearth_base,B06,231,0.8303872972592725,pool377,original
orientation_histogram,hog0_b6_o0,olmoearth_base,B07,232,0.8098105179375139,pool377,original
orientation_histogram,hog0_b6_o1,olmoearth_base,B07,233,0.8344376766504353,pool377,original
orientation_histogram,hog0_b6_o2,olmoearth_base,B07,234,0.8100744592516453,pool377,original
orientation_histogram,hog0_b6_o3,olmoearth_base,B07,235,0.8361325286309164,pool377,original
orientation_histogram,hog0_b7_o0,olmoearth_base,B08,236,0.8281930553632538,pool377,original
orientation_histogram,hog0_b7_o1,olmoearth_base,B08,237,0.8391283566171089,pool377,original
orientation_histogram,hog0_b7_o2,olmoearth_base,B08,238,0.8189615205345826,pool377,original
orientation_histogram,hog0_b7_o3,olmoearth_base,B08,239,0.8434240739593544,pool377,original
orientation_histogram,hog0_b8_o0,olmoearth_base,B09,240,0.6845165513617812,pool377,original
orientation_histogram,hog0_b8_o1,olmoearth_base,B09,241,0.6847573205778685,pool377,original
orientation_histogram,hog0_b8_o2,olmoearth_base,B09,242,0.6592531503118135,pool377,original
orientation_histogram,hog0_b8_o3,olmoearth_base,B09,243,0.7125314191948302,pool377,original
orientation_histogram,hog0_b9_o0,olmoearth_base,B10,244,0.15685828109561617,pool377,original
orientation_histogram,hog0_b9_o1,olmoearth_base,B10,245,0.2168745816718488,pool377,original
orientation_histogram,hog0_b9_o2,olmoearth_base,B10,246,0.11636040458872343,pool377,original
orientation_histogram,hog0_b9_o3,olmoearth_base,B10,247,0.0963601983194492,pool377,original
orientation_histogram,hog0_b10_o0,olmoearth_base,B11,248,0.8203363494821855,pool377,original
orientation_histogram,hog0_b10_o1,olmoearth_base,B11,249,0.8318183192504987,pool377,original
orientation_histogram,hog0_b10_o2,olmoearth_base,B11,250,0.8123587466295794,pool377,original
orientation_histogram,hog0_b10_o3,olmoearth_base,B11,251,0.8192228301550599,pool377,original
orientation_histogram,hog0_b11_o0,olmoearth_base,B12,252,0.8342090468592802,pool377,original
orientation_histogram,hog0_b11_o1,olmoearth_base,B12,253,0.8315040193471479,pool377,original
orientation_histogram,hog0_b11_o2,olmoearth_base,B12,254,0.8228871130561749,pool377,original
orientation_histogram,hog0_b11_o3,olmoearth_base,B12,255,0.8272009364938918,pool377,original
orientation_histogram,hog0_b12_o0,olmoearth_base,B8A,256,0.8111438983569587,pool377,original
orientation_histogram,hog0_b12_o1,olmoearth_base,B8A,257,0.8369443844156825,pool377,original
orientation_histogram,hog0_b12_o2,olmoearth_base,B8A,258,0.8095038212690044,pool377,original
orientation_histogram,hog0_b12_o3,olmoearth_base,B8A,259,0.8358290239092345,pool377,original
spectral_peaks,fftpk_b0,olmoearth_base,B01,260,0.007173524104245099,pool377,original
spectral_peaks,fftpk_b1,olmoearth_base,B02,261,0.6011576022320633,pool377,original
spectral_peaks,fftpk_b2,olmoearth_base,B03,262,0.5872261993725335,pool377,original
spectral_peaks,fftpk_b3,olmoearth_base,B04,263,0.5829508074304175,pool377,original
spectral_peaks,fftpk_b4,olmoearth_base,B05,264,0.30969068138409517,pool377,original
spectral_peaks,fftpk_b5,olmoearth_base,B06,265,0.28847835763245167,pool377,original
spectral_peaks,fftpk_b6,olmoearth_base,B07,266,0.28167171984592543,pool377,original
spectral_peaks,fftpk_b7,olmoearth_base,B08,267,0.5208112291445658,pool377,original
spectral_peaks,fftpk_b8,olmoearth_base,B09,268,0.043803125227151574,pool377,original
spectral_peaks,fftpk_b9,olmoearth_base,B10,269,0.08316638490716377,pool377,original
spectral_peaks,fftpk_b10,olmoearth_base,B11,270,0.27777481883668165,pool377,original
spectral_peaks,fftpk_b11,olmoearth_base,B12,271,0.2708516307582093,pool377,original
spectral_peaks,fftpk_b12,olmoearth_base,B8A,272,0.2730352935568662,pool377,original
cross_band,xcorr_b3_b7,olmoearth_base,B04;B08,273,0.8945384939197264,pool377,original
cross_band,xcorr_b2_b7,olmoearth_base,B03;B08,274,0.8646911018116542,pool377,original
cross_band,xcorr_b1_b7,olmoearth_base,B02;B08,275,0.8722460309313524,pool377,original
cross_band,xcorr_b11_b7,olmoearth_base,B12;B08,276,0.8985418158855574,pool377,original
cross_band,xcorr_b3_b11,olmoearth_base,B04;B12,277,0.788810299171011,pool377,original
cross_band,xcorr_b2_b3,olmoearth_base,B03;B04,278,0.8014592001845606,pool377,original
cross_band,xcorr_b7_b12,olmoearth_base,B08;B8A,279,0.8501955073780784,pool377,original
cross_band,xcorr_b11_b12,olmoearth_base,B12;B8A,280,0.8887228918096316,pool377,original
index_texture,ixstd_ndvi,olmoearth_base,(B08 - B04) / (B08 + B04 + epsilon),281,0.9675852826154051,pool377,original
index_texture,ixstd_ndwi,olmoearth_base,(B03 - B08) / (B03 + B08 + epsilon),282,0.9718130804427924,pool377,original
index_texture,ixstd_ndbi,olmoearth_base,legacy alias: (B12 - B08) / (B12 + B08 + epsilon),283,0.935970492127464,pool377,original
index_texture,ixstd_ndmi,olmoearth_base,legacy alias: (B08 - B12) / (B08 + B12 + epsilon),284,0.935970492127464,pool377,original
index_texture,ixstd_nbr,olmoearth_base,legacy alias: (B08 - B8A) / (B08 + B8A + epsilon),285,0.970497086669875,pool377,original
index_texture,ixstd_bsi,olmoearth_base,legacy alias: ((B12 + B04) - (B08 + B02)) / ((B12 + B04) + (B08 + B02) + epsilon),286,0.9531587475492938,pool377,original
index_texture,ixgm_ndvi,olmoearth_base,(B08 - B04) / (B08 + B04 + epsilon),287,0.985115606874341,pool377,original
index_texture,ixgm_ndwi,olmoearth_base,(B03 - B08) / (B03 + B08 + epsilon),288,0.9840270911408527,pool377,original
index_texture,ixgm_ndbi,olmoearth_base,legacy alias: (B12 - B08) / (B12 + B08 + epsilon),289,0.9824914950482122,pool377,original
index_texture,ixgm_ndmi,olmoearth_base,legacy alias: (B08 - B12) / (B08 + B12 + epsilon),290,0.9824914950482122,pool377,original
index_texture,ixgm_nbr,olmoearth_base,legacy alias: (B08 - B8A) / (B08 + B8A + epsilon),291,0.9796543265948662,pool377,original
index_texture,ixgm_bsi,olmoearth_base,legacy alias: ((B12 + B04) - (B08 + B02)) / ((B12 + B04) + (B08 + B02) + epsilon),292,0.9831114347289657,pool377,original
index_texture,ixgs_ndvi,olmoearth_base,(B08 - B04) / (B08 + B04 + epsilon),293,0.9688642080578309,pool377,original
index_texture,ixgs_ndwi,olmoearth_base,(B03 - B08) / (B03 + B08 + epsilon),294,0.9700111876487996,pool377,original
index_texture,ixgs_ndbi,olmoearth_base,legacy alias: (B12 - B08) / (B12 + B08 + epsilon),295,0.9599797532211332,pool377,original
index_texture,ixgs_ndmi,olmoearth_base,legacy alias: (B08 - B12) / (B08 + B12 + epsilon),296,0.9599797532211332,pool377,original
index_texture,ixgs_nbr,olmoearth_base,legacy alias: (B08 - B8A) / (B08 + B8A + epsilon),297,0.9610748576351308,pool377,original
index_texture,ixgs_bsi,olmoearth_base,legacy alias: ((B12 + B04) - (B08 + B02)) / ((B12 + B04) + (B08 + B02) + epsilon),298,0.9658271405702349,pool377,original
index_texture,ixspr_ndvi,olmoearth_base,(B08 - B04) / (B08 + B04 + epsilon),299,0.9467338651959905,pool377,original
index_texture,ixspr_ndwi,olmoearth_base,(B03 - B08) / (B03 + B08 + epsilon),300,0.9464712005222503,pool377,original
index_texture,ixspr_ndbi,olmoearth_base,legacy alias: (B12 - B08) / (B12 + B08 + epsilon),301,0.9185000200845458,pool377,original
index_texture,ixspr_ndmi,olmoearth_base,legacy alias: (B08 - B12) / (B08 + B12 + epsilon),302,0.9185000200845458,pool377,original
index_texture,ixspr_nbr,olmoearth_base,legacy alias: (B08 - B8A) / (B08 + B8A + epsilon),303,0.9676797038944622,pool377,original
index_texture,ixspr_bsi,olmoearth_base,legacy alias: ((B12 + B04) - (B08 + B02)) / ((B12 + B04) + (B08 + B02) + epsilon),304,0.9325694764068342,pool377,original
hough_lines,linepf_pan,olmoearth_base,mean of all 13 TIFF channels; B10 fixed to zero in b10_zeroed variant,305,0.6948147427163877,pool377,original
hough_lines,linepl_pan,olmoearth_base,mean of all 13 TIFF channels; B10 fixed to zero in b10_zeroed variant,306,0.6948993422007985,pool377,original
hough_lines,linet3_pan,olmoearth_base,mean of all 13 TIFF channels; B10 fixed to zero in b10_zeroed variant,307,0.7129775743633342,pool377,original
hough_lines,linepf_ndvi,olmoearth_base,(B08 - B04) / (B08 + B04 + epsilon),308,0.73845875172988,pool377,original
hough_lines,linepl_ndvi,olmoearth_base,(B08 - B04) / (B08 + B04 + epsilon),309,0.7384590920211269,pool377,original
hough_lines,linet3_ndvi,olmoearth_base,(B08 - B04) / (B08 + B04 + epsilon),310,0.7629328203470327,pool377,original
hough_lines,linepf_ndbi,olmoearth_base,legacy alias: (B12 - B08) / (B12 + B08 + epsilon),311,0.7158520118674185,pool377,original
hough_lines,linepl_ndbi,olmoearth_base,legacy alias: (B12 - B08) / (B12 + B08 + epsilon),312,0.7158563840865226,pool377,original
hough_lines,linet3_ndbi,olmoearth_base,legacy alias: (B12 - B08) / (B12 + B08 + epsilon),313,0.737416509804317,pool377,original
harris_corners,corn2frac_pan,olmoearth_base,mean of all 13 TIFF channels; B10 fixed to zero in b10_zeroed variant,314,0.9408031813992486,pool377,original
harris_corners,corn2mag_pan,olmoearth_base,mean of all 13 TIFF channels; B10 fixed to zero in b10_zeroed variant,315,0.9171469220981044,pool377,original
harris_corners,corn2frac_ndvi,olmoearth_base,(B08 - B04) / (B08 + B04 + epsilon),316,0.9507889661773894,pool377,original
harris_corners,corn2mag_ndvi,olmoearth_base,(B08 - B04) / (B08 + B04 + epsilon),317,0.9397696551349715,pool377,original
harris_corners,corn2frac_ndbi,olmoearth_base,legacy alias: (B12 - B08) / (B12 + B08 + epsilon),318,0.9411334875375591,pool377,original
harris_corners,corn2mag_ndbi,olmoearth_base,legacy alias: (B12 - B08) / (B12 + B08 + epsilon),319,0.929735720009257,pool377,original
lbp,lbp2ent_pan,olmoearth_base,mean of all 13 TIFF channels; B10 fixed to zero in b10_zeroed variant,320,0.9038107995964084,pool377,original
lbp,lbp2uni_pan,olmoearth_base,mean of all 13 TIFF channels; B10 fixed to zero in b10_zeroed variant,321,0.957445965904678,pool377,original
lbp,lbp2ent_ndvi,olmoearth_base,(B08 - B04) / (B08 + B04 + epsilon),322,0.7903628521570749,pool377,original
lbp,lbp2uni_ndvi,olmoearth_base,(B08 - B04) / (B08 + B04 + epsilon),323,0.8930574303696158,pool377,original
lbp,lbp2ent_ndbi,olmoearth_base,legacy alias: (B12 - B08) / (B12 + B08 + epsilon),324,0.8652000107118317,pool377,original
lbp,lbp2uni_ndbi,olmoearth_base,legacy alias: (B12 - B08) / (B12 + B08 + epsilon),325,0.9073622426332676,pool377,original
blobs,blob2lrg_pan,olmoearth_base,mean of all 13 TIFF channels; B10 fixed to zero in b10_zeroed variant,326,0.2871661708603982,pool377,original
blobs,blob2nc_pan,olmoearth_base,mean of all 13 TIFF channels; B10 fixed to zero in b10_zeroed variant,327,0.7217442117111331,pool377,original
blobs,blob2msz_pan,olmoearth_base,mean of all 13 TIFF channels; B10 fixed to zero in b10_zeroed variant,328,0.4297215167731828,pool377,original
blobs,blob2lrg_ndvi,olmoearth_base,(B08 - B04) / (B08 + B04 + epsilon),329,0.38480987221259866,pool377,original
blobs,blob2nc_ndvi,olmoearth_base,(B08 - B04) / (B08 + B04 + epsilon),330,0.7081856715497443,pool377,original
blobs,blob2msz_ndvi,olmoearth_base,(B08 - B04) / (B08 + B04 + epsilon),331,0.4105981268882781,pool377,original
blobs,blob2lrg_ndbi,olmoearth_base,legacy alias: (B12 - B08) / (B12 + B08 + epsilon),332,0.21073663170381263,pool377,original
blobs,blob2nc_ndbi,olmoearth_base,legacy alias: (B12 - B08) / (B12 + B08 + epsilon),333,0.7212418685990734,pool377,original
blobs,blob2msz_ndbi,olmoearth_base,legacy alias: (B12 - B08) / (B12 + B08 + epsilon),334,0.4542244196190759,pool377,original
spectral_slope,sslope2_pan,olmoearth_base,mean of all 13 TIFF channels; B10 fixed to zero in b10_zeroed variant,335,0.7594592298309163,pool377,original
spectral_slope,sslope2_ndvi,olmoearth_base,(B08 - B04) / (B08 + B04 + epsilon),336,0.9125427909399254,pool377,original
spectral_slope,sslope2_ndbi,olmoearth_base,legacy alias: (B12 - B08) / (B12 + B08 + epsilon),337,0.8877327033377386,pool377,original
index_coherence,ixcoh_ndvi,olmoearth_base,(B08 - B04) / (B08 + B04 + epsilon),338,0.6879268328486243,pool377,original
index_coherence,ixcoh_ndwi,olmoearth_base,(B03 - B08) / (B03 + B08 + epsilon),339,0.7045088427248951,pool377,original
index_coherence,ixcoh_ndbi,olmoearth_base,legacy alias: (B12 - B08) / (B12 + B08 + epsilon),340,0.6394423365387962,pool377,original
index_coherence,ixcoh_ndmi,olmoearth_base,legacy alias: (B08 - B12) / (B08 + B12 + epsilon),341,0.6394423365387962,pool377,original
index_coherence,ixcoh_nbr,olmoearth_base,legacy alias: (B08 - B8A) / (B08 + B8A + epsilon),342,0.6378526489476037,pool377,original
index_coherence,ixcoh_bsi,olmoearth_base,legacy alias: ((B12 + B04) - (B08 + B02)) / ((B12 + B04) + (B08 + B02) + epsilon),343,0.6494812585219678,pool377,original
index_texture_scale2,ix2std_ndvi,olmoearth_base,(B08 - B04) / (B08 + B04 + epsilon),344,0.9666286418342515,pool377,original
index_texture_scale2,ix2std_ndwi,olmoearth_base,(B03 - B08) / (B03 + B08 + epsilon),345,0.9709880606115111,pool377,original
index_texture_scale2,ix2std_ndbi,olmoearth_base,legacy alias: (B12 - B08) / (B12 + B08 + epsilon),346,0.9330569541740809,pool377,original
index_texture_scale2,ix2std_ndmi,olmoearth_base,legacy alias: (B08 - B12) / (B08 + B12 + epsilon),347,0.9330569541740809,pool377,original
index_texture_scale2,ix2std_nbr,olmoearth_base,legacy alias: (B08 - B8A) / (B08 + B8A + epsilon),348,0.9603149702417875,pool377,original
index_texture_scale2,ix2std_bsi,olmoearth_base,legacy alias: ((B12 + B04) - (B08 + B02)) / ((B12 + B04) + (B08 + B02) + epsilon),349,0.9517262089223331,pool377,original
index_texture_scale2,ix2gm_ndvi,olmoearth_base,(B08 - B04) / (B08 + B04 + epsilon),350,0.9861425932769774,pool377,original
index_texture_scale2,ix2gm_ndwi,olmoearth_base,(B03 - B08) / (B03 + B08 + epsilon),351,0.9853063705971138,pool377,original
index_texture_scale2,ix2gm_ndbi,olmoearth_base,legacy alias: (B12 - B08) / (B12 + B08 + epsilon),352,0.9795848357172436,pool377,original
index_texture_scale2,ix2gm_ndmi,olmoearth_base,legacy alias: (B08 - B12) / (B08 + B12 + epsilon),353,0.9795848357172436,pool377,original
index_texture_scale2,ix2gm_nbr,olmoearth_base,legacy alias: (B08 - B8A) / (B08 + B8A + epsilon),354,0.9808930226730961,pool377,original
index_texture_scale2,ix2gm_bsi,olmoearth_base,legacy alias: ((B12 + B04) - (B08 + B02)) / ((B12 + B04) + (B08 + B02) + epsilon),355,0.9825120234301054,pool377,original
cross_band_correlation,xcorr_b3_b7,olmoearth_base,B04;B08,356,0.8945384939197264,pool377,original
cross_band_correlation,xcorr_b2_b7,olmoearth_base,B03;B08,357,0.8646911018116542,pool377,original
cross_band_correlation,xcorr_b1_b7,olmoearth_base,B02;B08,358,0.8722460309313524,pool377,original
cross_band_correlation,xcorr_b11_b7,olmoearth_base,B12;B08,359,0.8985418158855574,pool377,original
cross_band_correlation,xcorr_b3_b11,olmoearth_base,B04;B12,360,0.788810299171011,pool377,original
cross_band_correlation,xcorr_b2_b3,olmoearth_base,B03;B04,361,0.8014592001845606,pool377,original
cross_band_correlation,xcorr_b7_b12,olmoearth_base,B08;B8A,362,0.8501955073780784,pool377,original
cross_band_correlation,xcorr_b11_b12,olmoearth_base,B12;B8A,363,0.8887228918096316,pool377,original
orientation_entropy_scale2,oent2_b0,olmoearth_base,B01,364,0.6237712818404781,pool377,original
orientation_entropy_scale2,oent2_b1,olmoearth_base,B02,365,0.7598316753490003,pool377,original
orientation_entropy_scale2,oent2_b2,olmoearth_base,B03,366,0.7624043970582959,pool377,original
orientation_entropy_scale2,oent2_b3,olmoearth_base,B04,367,0.7630727732082991,pool377,original
orientation_entropy_scale2,oent2_b4,olmoearth_base,B05,368,0.7647544147567924,pool377,original
orientation_entropy_scale2,oent2_b5,olmoearth_base,B06,369,0.7739902789006439,pool377,original
orientation_entropy_scale2,oent2_b6,olmoearth_base,B07,370,0.7782857821519191,pool377,original
orientation_entropy_scale2,oent2_b7,olmoearth_base,B08,371,0.7613696040432354,pool377,original
orientation_entropy_scale2,oent2_b8,olmoearth_base,B09,372,0.7207484233429664,pool377,original
orientation_entropy_scale2,oent2_b9,olmoearth_base,B10,373,0.5169705524813109,pool377,original
orientation_entropy_scale2,oent2_b10,olmoearth_base,B11,374,0.7791481781752985,pool377,original
orientation_entropy_scale2,oent2_b11,olmoearth_base,B12,375,0.7806727705818344,pool377,original
orientation_entropy_scale2,oent2_b12,olmoearth_base,B8A,376,0.7825216727220817,pool377,original
image_statistics,mean_B01,olmoearth_base,B01,0,0.9724625238847485,imagestats52,original
image_statistics,std_B01,olmoearth_base,B01,1,0.8267816362038254,imagestats52,original
image_statistics,min_B01,olmoearth_base,B01,2,0.9434306730706687,imagestats52,original
image_statistics,max_B01,olmoearth_base,B01,3,0.7742633319131544,imagestats52,original
image_statistics,mean_B02,olmoearth_base,B02,4,0.983575547947883,imagestats52,original
image_statistics,std_B02,olmoearth_base,B02,5,0.9125525167858846,imagestats52,original
image_statistics,min_B02,olmoearth_base,B02,6,0.8828514326366149,imagestats52,original
image_statistics,max_B02,olmoearth_base,B02,7,0.5739204929846469,imagestats52,original
image_statistics,mean_B03,olmoearth_base,B03,8,0.989709063887884,imagestats52,original
image_statistics,std_B03,olmoearth_base,B03,9,0.9174825873539367,imagestats52,original
image_statistics,min_B03,olmoearth_base,B03,10,0.9112052021950541,imagestats52,original
image_statistics,max_B03,olmoearth_base,B03,11,0.5810383570378909,imagestats52,original
image_statistics,mean_B04,olmoearth_base,B04,12,0.9936794750095801,imagestats52,original
image_statistics,std_B04,olmoearth_base,B04,13,0.9292092639697064,imagestats52,original
image_statistics,min_B04,olmoearth_base,B04,14,0.9199415843460236,imagestats52,original
image_statistics,max_B04,olmoearth_base,B04,15,0.6021526816630467,imagestats52,original
image_statistics,mean_B05,olmoearth_base,B05,16,0.9935059897706666,imagestats52,original
image_statistics,std_B05,olmoearth_base,B05,17,0.8900701991768983,imagestats52,original
image_statistics,min_B05,olmoearth_base,B05,18,0.9371881798311172,imagestats52,original
image_statistics,max_B05,olmoearth_base,B05,19,0.7101540746104947,imagestats52,original
image_statistics,mean_B06,olmoearth_base,B06,20,0.9956160026562274,imagestats52,original
image_statistics,std_B06,olmoearth_base,B06,21,0.9000947931056406,imagestats52,original
image_statistics,min_B06,olmoearth_base,B06,22,0.9363978985128248,imagestats52,original
image_statistics,max_B06,olmoearth_base,B06,23,0.6982135904292424,imagestats52,original
image_statistics,mean_B07,olmoearth_base,B07,24,0.9962110791693477,imagestats52,original
image_statistics,std_B07,olmoearth_base,B07,25,0.9134381930492221,imagestats52,original
image_statistics,min_B07,olmoearth_base,B07,26,0.9385496467380272,imagestats52,original
image_statistics,max_B07,olmoearth_base,B07,27,0.7486672449718988,imagestats52,original
image_statistics,mean_B08,olmoearth_base,B08,28,0.9962541009601501,imagestats52,original
image_statistics,std_B08,olmoearth_base,B08,29,0.9327838874615964,imagestats52,original
image_statistics,min_B08,olmoearth_base,B08,30,0.9241404771152006,imagestats52,original
image_statistics,max_B08,olmoearth_base,B08,31,0.585450008611229,imagestats52,original
image_statistics,mean_B09,olmoearth_base,B09,32,0.9695411727187913,imagestats52,original
image_statistics,std_B09,olmoearth_base,B09,33,0.8001690764778948,imagestats52,original
image_statistics,min_B09,olmoearth_base,B09,34,0.9357693029561307,imagestats52,original
image_statistics,max_B09,olmoearth_base,B09,35,0.8026274924004589,imagestats52,original
image_statistics,mean_B10,olmoearth_base,B10,36,0.6089215455969439,imagestats52,original
image_statistics,std_B10,olmoearth_base,B10,37,0.29337055420099656,imagestats52,original
image_statistics,min_B10,olmoearth_base,B10,38,0.6281024812384399,imagestats52,original
image_statistics,max_B10,olmoearth_base,B10,39,0.40005254959895276,imagestats52,original
image_statistics,mean_B11,olmoearth_base,B11,40,0.9963815415539479,imagestats52,original
image_statistics,std_B11,olmoearth_base,B11,41,0.8962929075082018,imagestats52,original
image_statistics,min_B11,olmoearth_base,B11,42,0.9469804387673177,imagestats52,original
image_statistics,max_B11,olmoearth_base,B11,43,0.7584012675134917,imagestats52,original
image_statistics,mean_B12,olmoearth_base,B12,44,0.9950249601583823,imagestats52,original
image_statistics,std_B12,olmoearth_base,B12,45,0.8856895132649699,imagestats52,original
image_statistics,min_B12,olmoearth_base,B12,46,0.9432501819084402,imagestats52,original
image_statistics,max_B12,olmoearth_base,B12,47,0.7352915858942248,imagestats52,original
image_statistics,mean_B8A,olmoearth_base,B8A,48,0.996589180959947,imagestats52,original
image_statistics,std_B8A,olmoearth_base,B8A,49,0.9187649167151726,imagestats52,original
image_statistics,min_B8A,olmoearth_base,B8A,50,0.943293068938013,imagestats52,original
image_statistics,max_B8A,olmoearth_base,B8A,51,0.7678434767265283,imagestats52,original
lbp,lbp2uni_ndbi,olmoearth_base,legacy alias: (B12 - B08) / (B12 + B08 + epsilon),0,0.9073622426332676,frontier33,b10_zeroed
index_texture,ixgs_nbr,olmoearth_base,legacy alias: (B08 - B8A) / (B08 + B8A + epsilon),1,0.9610748576351308,frontier33,b10_zeroed
harris_corners,corn2frac_ndvi,olmoearth_base,(B08 - B04) / (B08 + B04 + epsilon),2,0.9507889661773894,frontier33,b10_zeroed
index_texture,ixgs_ndwi,olmoearth_base,(B03 - B08) / (B03 + B08 + epsilon),3,0.9700111876487996,frontier33,b10_zeroed
multiscale_gradients,g2mean_b1,olmoearth_base,B02,4,0.9703845804606904,frontier33,b10_zeroed
multiscale_gradients,g0mean_b3,olmoearth_base,B04,5,0.9853535526845999,frontier33,b10_zeroed
multiscale_gradients,g2mean_b2,olmoearth_base,B03,6,0.9726161608219296,frontier33,b10_zeroed
index_texture_scale2,ix2std_nbr,olmoearth_base,legacy alias: (B08 - B8A) / (B08 + B8A + epsilon),7,0.9603149702417875,frontier33,b10_zeroed
orientation_entropy,oent_b11,olmoearth_base,B12,8,0.8004661098139174,frontier33,b10_zeroed
orientation_entropy,oent_b0,olmoearth_base,B01,9,0.7903366142902306,frontier33,b10_zeroed
index_texture,ixgs_bsi,olmoearth_base,legacy alias: ((B12 + B04) - (B08 + B02)) / ((B12 + B04) + (B08 + B02) + epsilon),10,0.9658271405702349,frontier33,b10_zeroed
spectral_statistics,p75_b10,olmoearth_base,B11,11,0.9866603003522377,frontier33,b10_zeroed
spectral_statistics,p10_b11,olmoearth_base,B12,12,0.9717702085124449,frontier33,b10_zeroed
harris_corners,corn2mag_ndvi,olmoearth_base,(B08 - B04) / (B08 + B04 + epsilon),13,0.9397696551349715,frontier33,b10_zeroed
index_texture,ixgm_ndvi,olmoearth_base,(B08 - B04) / (B08 + B04 + epsilon),14,0.985115606874341,frontier33,b10_zeroed
spectral_statistics,p90_b8,olmoearth_base,B09,15,0.9564724115093408,frontier33,b10_zeroed
index_texture,ixgm_nbr,olmoearth_base,legacy alias: (B08 - B8A) / (B08 + B8A + epsilon),16,0.9796543265948662,frontier33,b10_zeroed
lbp,lbp2uni_ndvi,olmoearth_base,(B08 - B04) / (B08 + B04 + epsilon),17,0.8930574303696158,frontier33,b10_zeroed
multiscale_gradients,g0mean_b4,olmoearth_base,B05,18,0.9745067574793789,frontier33,b10_zeroed
spectral_statistics,std_b4,olmoearth_base,B05,19,0.8900701991768983,frontier33,b10_zeroed
hough_lines,linet3_ndvi,olmoearth_base,(B08 - B04) / (B08 + B04 + epsilon),20,0.7629328203470327,frontier33,b10_zeroed
spectral_statistics,p10_b3,olmoearth_base,B04,21,0.961774446229416,frontier33,b10_zeroed
spectral_statistics,p50_b11,olmoearth_base,B12,22,0.981978823288332,frontier33,b10_zeroed
orientation_entropy,oent_b2,olmoearth_base,B03,23,0.7894236896827383,frontier33,b10_zeroed
spectral_statistics,p75_b3,olmoearth_base,B04,24,0.9801820938717415,frontier33,b10_zeroed
blobs,blob2lrg_ndvi,olmoearth_base,(B08 - B04) / (B08 + B04 + epsilon),25,0.38480987221259866,frontier33,b10_zeroed
harris_corners,corn2frac_pan,olmoearth_base,mean of all 13 TIFF channels; B10 fixed to zero in b10_zeroed variant,26,0.940804461862776,frontier33,b10_zeroed
index_texture,ixgm_ndbi,olmoearth_base,legacy alias: (B12 - B08) / (B12 + B08 + epsilon),27,0.9824914950482122,frontier33,b10_zeroed
spectral_statistics,p75_b0,olmoearth_base,B01,28,0.96845212095335,frontier33,b10_zeroed
spectral_statistics,p10_b6,olmoearth_base,B07,29,0.9698576727673462,frontier33,b10_zeroed
orientation_entropy_scale2,oent2_b1,olmoearth_base,B02,30,0.7598316753490003,frontier33,b10_zeroed
spectral_statistics,mean_b2,olmoearth_base,B03,31,0.989709063887884,frontier33,b10_zeroed
region_shape,tail_aniso_low_ndvi,olmoearth_base,(B08 - B04) / (B08 + B04 + epsilon),32,0.4517783610386519,frontier33,b10_zeroed
spectral_statistics,mean_b0,olmoearth_base,B01,0,0.9724625238847485,pool377,b10_zeroed
spectral_statistics,mean_b1,olmoearth_base,B02,1,0.983575547947883,pool377,b10_zeroed
spectral_statistics,mean_b2,olmoearth_base,B03,2,0.989709063887884,pool377,b10_zeroed
spectral_statistics,mean_b3,olmoearth_base,B04,3,0.9936794750095801,pool377,b10_zeroed
spectral_statistics,mean_b4,olmoearth_base,B05,4,0.9935059897706666,pool377,b10_zeroed
spectral_statistics,mean_b5,olmoearth_base,B06,5,0.9956160026562274,pool377,b10_zeroed
spectral_statistics,mean_b6,olmoearth_base,B07,6,0.9962110791693477,pool377,b10_zeroed
spectral_statistics,mean_b7,olmoearth_base,B08,7,0.9962541009601501,pool377,b10_zeroed
spectral_statistics,mean_b8,olmoearth_base,B09,8,0.9695411727187913,pool377,b10_zeroed
spectral_statistics,mean_b9,olmoearth_base,B10,9,,pool377,b10_zeroed
spectral_statistics,mean_b10,olmoearth_base,B11,10,0.9963815415539479,pool377,b10_zeroed
spectral_statistics,mean_b11,olmoearth_base,B12,11,0.9950249601583823,pool377,b10_zeroed
spectral_statistics,mean_b12,olmoearth_base,B8A,12,0.996589180959947,pool377,b10_zeroed
spectral_statistics,std_b0,olmoearth_base,B01,13,0.8267816362038254,pool377,b10_zeroed
spectral_statistics,std_b1,olmoearth_base,B02,14,0.9125525167858846,pool377,b10_zeroed
spectral_statistics,std_b2,olmoearth_base,B03,15,0.9174825873539367,pool377,b10_zeroed
spectral_statistics,std_b3,olmoearth_base,B04,16,0.9292092639697064,pool377,b10_zeroed
spectral_statistics,std_b4,olmoearth_base,B05,17,0.8900701991768983,pool377,b10_zeroed
spectral_statistics,std_b5,olmoearth_base,B06,18,0.9000947931056406,pool377,b10_zeroed
spectral_statistics,std_b6,olmoearth_base,B07,19,0.9134381930492221,pool377,b10_zeroed
spectral_statistics,std_b7,olmoearth_base,B08,20,0.9327838874615964,pool377,b10_zeroed
spectral_statistics,std_b8,olmoearth_base,B09,21,0.8001690764778948,pool377,b10_zeroed
spectral_statistics,std_b9,olmoearth_base,B10,22,,pool377,b10_zeroed
spectral_statistics,std_b10,olmoearth_base,B11,23,0.8962929075082018,pool377,b10_zeroed
spectral_statistics,std_b11,olmoearth_base,B12,24,0.8856895132649699,pool377,b10_zeroed
spectral_statistics,std_b12,olmoearth_base,B8A,25,0.9187649167151726,pool377,b10_zeroed
spectral_statistics,p10_b0,olmoearth_base,B01,26,0.9537190466278215,pool377,b10_zeroed
spectral_statistics,p10_b1,olmoearth_base,B02,27,0.9589433265298184,pool377,b10_zeroed
spectral_statistics,p10_b2,olmoearth_base,B03,28,0.9665167482374272,pool377,b10_zeroed
spectral_statistics,p10_b3,olmoearth_base,B04,29,0.961774446229416,pool377,b10_zeroed
spectral_statistics,p10_b4,olmoearth_base,B05,30,0.9710882699911768,pool377,b10_zeroed
spectral_statistics,p10_b5,olmoearth_base,B06,31,0.9709953495601232,pool377,b10_zeroed
spectral_statistics,p10_b6,olmoearth_base,B07,32,0.9698576727673462,pool377,b10_zeroed
spectral_statistics,p10_b7,olmoearth_base,B08,33,0.9708360638005843,pool377,b10_zeroed
spectral_statistics,p10_b8,olmoearth_base,B09,34,0.9556806757972881,pool377,b10_zeroed
spectral_statistics,p10_b9,olmoearth_base,B10,35,,pool377,b10_zeroed
spectral_statistics,p10_b10,olmoearth_base,B11,36,0.9778463814796815,pool377,b10_zeroed
spectral_statistics,p10_b11,olmoearth_base,B12,37,0.9717702085124449,pool377,b10_zeroed
spectral_statistics,p10_b12,olmoearth_base,B8A,38,0.9727333311688766,pool377,b10_zeroed
spectral_statistics,p25_b0,olmoearth_base,B01,39,0.9611346455579084,pool377,b10_zeroed
spectral_statistics,p25_b1,olmoearth_base,B02,40,0.9625572033635927,pool377,b10_zeroed
spectral_statistics,p25_b2,olmoearth_base,B03,41,0.9716476307154417,pool377,b10_zeroed
spectral_statistics,p25_b3,olmoearth_base,B04,42,0.9684562802299155,pool377,b10_zeroed
spectral_statistics,p25_b4,olmoearth_base,B05,43,0.9780025928965397,pool377,b10_zeroed
spectral_statistics,p25_b5,olmoearth_base,B06,44,0.9773542154875566,pool377,b10_zeroed
spectral_statistics,p25_b6,olmoearth_base,B07,45,0.9770672347379877,pool377,b10_zeroed
spectral_statistics,p25_b7,olmoearth_base,B08,46,0.9747568707382166,pool377,b10_zeroed
spectral_statistics,p25_b8,olmoearth_base,B09,47,0.9636331229845156,pool377,b10_zeroed
spectral_statistics,p25_b9,olmoearth_base,B10,48,,pool377,b10_zeroed
spectral_statistics,p25_b10,olmoearth_base,B11,49,0.9819636112871658,pool377,b10_zeroed
spectral_statistics,p25_b11,olmoearth_base,B12,50,0.9778409002701199,pool377,b10_zeroed
spectral_statistics,p25_b12,olmoearth_base,B8A,51,0.9784250836733973,pool377,b10_zeroed
spectral_statistics,p50_b0,olmoearth_base,B01,52,0.9685823167919166,pool377,b10_zeroed
spectral_statistics,p50_b1,olmoearth_base,B02,53,0.9704276063231229,pool377,b10_zeroed
spectral_statistics,p50_b2,olmoearth_base,B03,54,0.9776169334404503,pool377,b10_zeroed
spectral_statistics,p50_b3,olmoearth_base,B04,55,0.9776939838785587,pool377,b10_zeroed
spectral_statistics,p50_b4,olmoearth_base,B05,56,0.9830691499797999,pool377,b10_zeroed
spectral_statistics,p50_b5,olmoearth_base,B06,57,0.9845554721561074,pool377,b10_zeroed
spectral_statistics,p50_b6,olmoearth_base,B07,58,0.9846114638302654,pool377,b10_zeroed
spectral_statistics,p50_b7,olmoearth_base,B08,59,0.9826033907712036,pool377,b10_zeroed
spectral_statistics,p50_b8,olmoearth_base,B09,60,0.9668355255453205,pool377,b10_zeroed
spectral_statistics,p50_b9,olmoearth_base,B10,61,,pool377,b10_zeroed
spectral_statistics,p50_b10,olmoearth_base,B11,62,0.9855935627096373,pool377,b10_zeroed
spectral_statistics,p50_b11,olmoearth_base,B12,63,0.981978823288332,pool377,b10_zeroed
spectral_statistics,p50_b12,olmoearth_base,B8A,64,0.9856656356694737,pool377,b10_zeroed
spectral_statistics,p75_b0,olmoearth_base,B01,65,0.96845212095335,pool377,b10_zeroed
spectral_statistics,p75_b1,olmoearth_base,B02,66,0.9676128997684189,pool377,b10_zeroed
spectral_statistics,p75_b2,olmoearth_base,B03,67,0.9744562623657312,pool377,b10_zeroed
spectral_statistics,p75_b3,olmoearth_base,B04,68,0.9801820938717415,pool377,b10_zeroed
spectral_statistics,p75_b4,olmoearth_base,B05,69,0.9830576412690726,pool377,b10_zeroed
spectral_statistics,p75_b5,olmoearth_base,B06,70,0.9841576166910785,pool377,b10_zeroed
spectral_statistics,p75_b6,olmoearth_base,B07,71,0.9844792644728206,pool377,b10_zeroed
spectral_statistics,p75_b7,olmoearth_base,B08,72,0.9843259990587006,pool377,b10_zeroed
spectral_statistics,p75_b8,olmoearth_base,B09,73,0.9631083292240266,pool377,b10_zeroed
spectral_statistics,p75_b9,olmoearth_base,B10,74,,pool377,b10_zeroed
spectral_statistics,p75_b10,olmoearth_base,B11,75,0.9866603003522377,pool377,b10_zeroed
spectral_statistics,p75_b11,olmoearth_base,B12,76,0.9834343034589532,pool377,b10_zeroed
spectral_statistics,p75_b12,olmoearth_base,B8A,77,0.9859023005985924,pool377,b10_zeroed
spectral_statistics,p90_b0,olmoearth_base,B01,78,0.9610021941250738,pool377,b10_zeroed
spectral_statistics,p90_b1,olmoearth_base,B02,79,0.9684290064744231,pool377,b10_zeroed
spectral_statistics,p90_b2,olmoearth_base,B03,80,0.9721768428897879,pool377,b10_zeroed
spectral_statistics,p90_b3,olmoearth_base,B04,81,0.9761398096078207,pool377,b10_zeroed
spectral_statistics,p90_b4,olmoearth_base,B05,82,0.9759325136944887,pool377,b10_zeroed
spectral_statistics,p90_b5,olmoearth_base,B06,83,0.9745941221265603,pool377,b10_zeroed
spectral_statistics,p90_b6,olmoearth_base,B07,84,0.9766109216415098,pool377,b10_zeroed
spectral_statistics,p90_b7,olmoearth_base,B08,85,0.9776208664105356,pool377,b10_zeroed
spectral_statistics,p90_b8,olmoearth_base,B09,86,0.9564724115093408,pool377,b10_zeroed
spectral_statistics,p90_b9,olmoearth_base,B10,87,,pool377,b10_zeroed
spectral_statistics,p90_b10,olmoearth_base,B11,88,0.9793019328611948,pool377,b10_zeroed
spectral_statistics,p90_b11,olmoearth_base,B12,89,0.976266084829388,pool377,b10_zeroed
spectral_statistics,p90_b12,olmoearth_base,B8A,90,0.9787013998583217,pool377,b10_zeroed
multiscale_gradients,g0mean_b0,olmoearth_base,B01,91,0.9265797345506164,pool377,b10_zeroed
multiscale_gradients,g0mean_b1,olmoearth_base,B02,92,0.9808470981683861,pool377,b10_zeroed
multiscale_gradients,g0mean_b2,olmoearth_base,B03,93,0.983116436343505,pool377,b10_zeroed
multiscale_gradients,g0mean_b3,olmoearth_base,B04,94,0.9853535526845999,pool377,b10_zeroed
multiscale_gradients,g0mean_b4,olmoearth_base,B05,95,0.9745067574793789,pool377,b10_zeroed
multiscale_gradients,g0mean_b5,olmoearth_base,B06,96,0.9658139656718485,pool377,b10_zeroed
multiscale_gradients,g0mean_b6,olmoearth_base,B07,97,0.9691614517914123,pool377,b10_zeroed
multiscale_gradients,g0mean_b7,olmoearth_base,B08,98,0.9818966628969863,pool377,b10_zeroed
multiscale_gradients,g0mean_b8,olmoearth_base,B09,99,0.8867215273463378,pool377,b10_zeroed
multiscale_gradients,g0mean_b9,olmoearth_base,B10,100,,pool377,b10_zeroed
multiscale_gradients,g0mean_b10,olmoearth_base,B11,101,0.9619411887981139,pool377,b10_zeroed
multiscale_gradients,g0mean_b11,olmoearth_base,B12,102,0.9638019492926622,pool377,b10_zeroed
multiscale_gradients,g0mean_b12,olmoearth_base,B8A,103,0.9713739599214193,pool377,b10_zeroed
multiscale_gradients,g0std_b0,olmoearth_base,B01,104,0.6735657721452658,pool377,b10_zeroed
multiscale_gradients,g0std_b1,olmoearth_base,B02,105,0.8197179951898189,pool377,b10_zeroed
multiscale_gradients,g0std_b2,olmoearth_base,B03,106,0.8422310306387688,pool377,b10_zeroed
multiscale_gradients,g0std_b3,olmoearth_base,B04,107,0.8572964564963448,pool377,b10_zeroed
multiscale_gradients,g0std_b4,olmoearth_base,B05,108,0.7940631186502267,pool377,b10_zeroed
multiscale_gradients,g0std_b5,olmoearth_base,B06,109,0.7958982675744948,pool377,b10_zeroed
multiscale_gradients,g0std_b6,olmoearth_base,B07,110,0.8337481278761645,pool377,b10_zeroed
multiscale_gradients,g0std_b7,olmoearth_base,B08,111,0.8686258485622345,pool377,b10_zeroed
multiscale_gradients,g0std_b8,olmoearth_base,B09,112,0.6277256016258879,pool377,b10_zeroed
multiscale_gradients,g0std_b9,olmoearth_base,B10,113,,pool377,b10_zeroed
multiscale_gradients,g0std_b10,olmoearth_base,B11,114,0.7822115611467263,pool377,b10_zeroed
multiscale_gradients,g0std_b11,olmoearth_base,B12,115,0.7739907443060731,pool377,b10_zeroed
multiscale_gradients,g0std_b12,olmoearth_base,B8A,116,0.8451801991699062,pool377,b10_zeroed
multiscale_gradients,g1mean_b0,olmoearth_base,B01,117,0.9265090869967252,pool377,b10_zeroed
multiscale_gradients,g1mean_b1,olmoearth_base,B02,118,0.9803656100019725,pool377,b10_zeroed
multiscale_gradients,g1mean_b2,olmoearth_base,B03,119,0.9828042009250705,pool377,b10_zeroed
multiscale_gradients,g1mean_b3,olmoearth_base,B04,120,0.9849366896900098,pool377,b10_zeroed
multiscale_gradients,g1mean_b4,olmoearth_base,B05,121,0.9719862818360805,pool377,b10_zeroed
multiscale_gradients,g1mean_b5,olmoearth_base,B06,122,0.9623762230631352,pool377,b10_zeroed
multiscale_gradients,g1mean_b6,olmoearth_base,B07,123,0.9659912001337077,pool377,b10_zeroed
multiscale_gradients,g1mean_b7,olmoearth_base,B08,124,0.9803127190696119,pool377,b10_zeroed
multiscale_gradients,g1mean_b8,olmoearth_base,B09,125,0.8872040121292742,pool377,b10_zeroed
multiscale_gradients,g1mean_b9,olmoearth_base,B10,126,,pool377,b10_zeroed
multiscale_gradients,g1mean_b10,olmoearth_base,B11,127,0.9594668586804397,pool377,b10_zeroed
multiscale_gradients,g1mean_b11,olmoearth_base,B12,128,0.961502606498117,pool377,b10_zeroed
multiscale_gradients,g1mean_b12,olmoearth_base,B8A,129,0.9685070187472216,pool377,b10_zeroed
multiscale_gradients,g1std_b0,olmoearth_base,B01,130,0.6776992321235307,pool377,b10_zeroed
multiscale_gradients,g1std_b1,olmoearth_base,B02,131,0.828186053340785,pool377,b10_zeroed
multiscale_gradients,g1std_b2,olmoearth_base,B03,132,0.8515159917808863,pool377,b10_zeroed
multiscale_gradients,g1std_b3,olmoearth_base,B04,133,0.8609357571913291,pool377,b10_zeroed
multiscale_gradients,g1std_b4,olmoearth_base,B05,134,0.7928817007352185,pool377,b10_zeroed
multiscale_gradients,g1std_b5,olmoearth_base,B06,135,0.7984778527664717,pool377,b10_zeroed
multiscale_gradients,g1std_b6,olmoearth_base,B07,136,0.8364461676895418,pool377,b10_zeroed
multiscale_gradients,g1std_b7,olmoearth_base,B08,137,0.8733583702515555,pool377,b10_zeroed
multiscale_gradients,g1std_b8,olmoearth_base,B09,138,0.6378890409713616,pool377,b10_zeroed
multiscale_gradients,g1std_b9,olmoearth_base,B10,139,,pool377,b10_zeroed
multiscale_gradients,g1std_b10,olmoearth_base,B11,140,0.7828396303085045,pool377,b10_zeroed
multiscale_gradients,g1std_b11,olmoearth_base,B12,141,0.770181239465328,pool377,b10_zeroed
multiscale_gradients,g1std_b12,olmoearth_base,B8A,142,0.8467767227272748,pool377,b10_zeroed
multiscale_gradients,g2mean_b0,olmoearth_base,B01,143,0.9248283447058614,pool377,b10_zeroed
multiscale_gradients,g2mean_b1,olmoearth_base,B02,144,0.9703845804606904,pool377,b10_zeroed
multiscale_gradients,g2mean_b2,olmoearth_base,B03,145,0.9726161608219296,pool377,b10_zeroed
multiscale_gradients,g2mean_b3,olmoearth_base,B04,146,0.974865250926291,pool377,b10_zeroed
multiscale_gradients,g2mean_b4,olmoearth_base,B05,147,0.9623711424774875,pool377,b10_zeroed
multiscale_gradients,g2mean_b5,olmoearth_base,B06,148,0.9508908213609893,pool377,b10_zeroed
multiscale_gradients,g2mean_b6,olmoearth_base,B07,149,0.9556846895537101,pool377,b10_zeroed
multiscale_gradients,g2mean_b7,olmoearth_base,B08,150,0.9643029314309535,pool377,b10_zeroed
multiscale_gradients,g2mean_b8,olmoearth_base,B09,151,0.886702322651885,pool377,b10_zeroed
multiscale_gradients,g2mean_b9,olmoearth_base,B10,152,,pool377,b10_zeroed
multiscale_gradients,g2mean_b10,olmoearth_base,B11,153,0.9508165410456905,pool377,b10_zeroed
multiscale_gradients,g2mean_b11,olmoearth_base,B12,154,0.952652846624157,pool377,b10_zeroed
multiscale_gradients,g2mean_b12,olmoearth_base,B8A,155,0.959039895899517,pool377,b10_zeroed
multiscale_gradients,g2std_b0,olmoearth_base,B01,156,0.6846213926766846,pool377,b10_zeroed
multiscale_gradients,g2std_b1,olmoearth_base,B02,157,0.8077353051974386,pool377,b10_zeroed
multiscale_gradients,g2std_b2,olmoearth_base,B03,158,0.8325226720124071,pool377,b10_zeroed
multiscale_gradients,g2std_b3,olmoearth_base,B04,159,0.8478799178679017,pool377,b10_zeroed
multiscale_gradients,g2std_b4,olmoearth_base,B05,160,0.7954043310934362,pool377,b10_zeroed
multiscale_gradients,g2std_b5,olmoearth_base,B06,161,0.8101971008922435,pool377,b10_zeroed
multiscale_gradients,g2std_b6,olmoearth_base,B07,162,0.8434412235202695,pool377,b10_zeroed
multiscale_gradients,g2std_b7,olmoearth_base,B08,163,0.8638152716608789,pool377,b10_zeroed
multiscale_gradients,g2std_b8,olmoearth_base,B09,164,0.6625544976240652,pool377,b10_zeroed
multiscale_gradients,g2std_b9,olmoearth_base,B10,165,,pool377,b10_zeroed
multiscale_gradients,g2std_b10,olmoearth_base,B11,166,0.7876949876220534,pool377,b10_zeroed
multiscale_gradients,g2std_b11,olmoearth_base,B12,167,0.7638591339148337,pool377,b10_zeroed
multiscale_gradients,g2std_b12,olmoearth_base,B8A,168,0.8516516692261284,pool377,b10_zeroed
coherence,coh0_b0,olmoearth_base,B01,169,0.4268616532487397,pool377,b10_zeroed
coherence,coh0_b1,olmoearth_base,B02,170,0.60506110351386,pool377,b10_zeroed
coherence,coh0_b2,olmoearth_base,B03,171,0.6128102001619296,pool377,b10_zeroed
coherence,coh0_b3,olmoearth_base,B04,172,0.5877805417415742,pool377,b10_zeroed
coherence,coh0_b4,olmoearth_base,B05,173,0.6275293378218415,pool377,b10_zeroed
coherence,coh0_b5,olmoearth_base,B06,174,0.6813269633125716,pool377,b10_zeroed
coherence,coh0_b6,olmoearth_base,B07,175,0.6791728022680363,pool377,b10_zeroed
coherence,coh0_b7,olmoearth_base,B08,176,0.6333515227971724,pool377,b10_zeroed
coherence,coh0_b8,olmoearth_base,B09,177,0.5712035868185171,pool377,b10_zeroed
coherence,coh0_b9,olmoearth_base,B10,178,,pool377,b10_zeroed
coherence,coh0_b10,olmoearth_base,B11,179,0.6656107291107258,pool377,b10_zeroed
coherence,coh0_b11,olmoearth_base,B12,180,0.6250144607634327,pool377,b10_zeroed
coherence,coh0_b12,olmoearth_base,B8A,181,0.6862799676924892,pool377,b10_zeroed
coherence,coh1_b0,olmoearth_base,B01,182,0.4192122832680336,pool377,b10_zeroed
coherence,coh1_b1,olmoearth_base,B02,183,0.6073561042661605,pool377,b10_zeroed
coherence,coh1_b2,olmoearth_base,B03,184,0.6093655629556725,pool377,b10_zeroed
coherence,coh1_b3,olmoearth_base,B04,185,0.5842087836901573,pool377,b10_zeroed
coherence,coh1_b4,olmoearth_base,B05,186,0.5990778728542089,pool377,b10_zeroed
coherence,coh1_b5,olmoearth_base,B06,187,0.6601891671673159,pool377,b10_zeroed
coherence,coh1_b6,olmoearth_base,B07,188,0.6585921719588543,pool377,b10_zeroed
coherence,coh1_b7,olmoearth_base,B08,189,0.6499759778421341,pool377,b10_zeroed
coherence,coh1_b8,olmoearth_base,B09,190,0.564125812799295,pool377,b10_zeroed
coherence,coh1_b9,olmoearth_base,B10,191,,pool377,b10_zeroed
coherence,coh1_b10,olmoearth_base,B11,192,0.6499601961123518,pool377,b10_zeroed
coherence,coh1_b11,olmoearth_base,B12,193,0.608099032428516,pool377,b10_zeroed
coherence,coh1_b12,olmoearth_base,B8A,194,0.6654719890097767,pool377,b10_zeroed
orientation_entropy,oent_b0,olmoearth_base,B01,195,0.7903366142902306,pool377,b10_zeroed
orientation_entropy,oent_b1,olmoearth_base,B02,196,0.7786013037432081,pool377,b10_zeroed
orientation_entropy,oent_b2,olmoearth_base,B03,197,0.7894236896827383,pool377,b10_zeroed
orientation_entropy,oent_b3,olmoearth_base,B04,198,0.7942448985476505,pool377,b10_zeroed
orientation_entropy,oent_b4,olmoearth_base,B05,199,0.7837420201439372,pool377,b10_zeroed
orientation_entropy,oent_b5,olmoearth_base,B06,200,0.7797838737463296,pool377,b10_zeroed
orientation_entropy,oent_b6,olmoearth_base,B07,201,0.7862902771806725,pool377,b10_zeroed
orientation_entropy,oent_b7,olmoearth_base,B08,202,0.751262758035459,pool377,b10_zeroed
orientation_entropy,oent_b8,olmoearth_base,B09,203,0.7962327963147517,pool377,b10_zeroed
orientation_entropy,oent_b9,olmoearth_base,B10,204,,pool377,b10_zeroed
orientation_entropy,oent_b10,olmoearth_base,B11,205,0.8007376589257723,pool377,b10_zeroed
orientation_entropy,oent_b11,olmoearth_base,B12,206,0.8004661098139174,pool377,b10_zeroed
orientation_entropy,oent_b12,olmoearth_base,B8A,207,0.7873981363043696,pool377,b10_zeroed
orientation_histogram,hog0_b0_o0,olmoearth_base,B01,208,0.6555989375515601,pool377,b10_zeroed
orientation_histogram,hog0_b0_o1,olmoearth_base,B01,209,0.6352829015470431,pool377,b10_zeroed
orientation_histogram,hog0_b0_o2,olmoearth_base,B01,210,0.6229858743336539,pool377,b10_zeroed
orientation_histogram,hog0_b0_o3,olmoearth_base,B01,211,0.7076834859466862,pool377,b10_zeroed
orientation_histogram,hog0_b1_o0,olmoearth_base,B02,212,0.8217402818692809,pool377,b10_zeroed
orientation_histogram,hog0_b1_o1,olmoearth_base,B02,213,0.8166789318544747,pool377,b10_zeroed
orientation_histogram,hog0_b1_o2,olmoearth_base,B02,214,0.8385996901029014,pool377,b10_zeroed
orientation_histogram,hog0_b1_o3,olmoearth_base,B02,215,0.8325893092912342,pool377,b10_zeroed
orientation_histogram,hog0_b2_o0,olmoearth_base,B03,216,0.8401434218365625,pool377,b10_zeroed
orientation_histogram,hog0_b2_o1,olmoearth_base,B03,217,0.8433611681419317,pool377,b10_zeroed
orientation_histogram,hog0_b2_o2,olmoearth_base,B03,218,0.8487982413238014,pool377,b10_zeroed
orientation_histogram,hog0_b2_o3,olmoearth_base,B03,219,0.8478555217184321,pool377,b10_zeroed
orientation_histogram,hog0_b3_o0,olmoearth_base,B04,220,0.8402417625617408,pool377,b10_zeroed
orientation_histogram,hog0_b3_o1,olmoearth_base,B04,221,0.8301845660239913,pool377,b10_zeroed
orientation_histogram,hog0_b3_o2,olmoearth_base,B04,222,0.8436766584879347,pool377,b10_zeroed
orientation_histogram,hog0_b3_o3,olmoearth_base,B04,223,0.8414604796711558,pool377,b10_zeroed
orientation_histogram,hog0_b4_o0,olmoearth_base,B05,224,0.8217957162684657,pool377,b10_zeroed
orientation_histogram,hog0_b4_o1,olmoearth_base,B05,225,0.8326393911616543,pool377,b10_zeroed
orientation_histogram,hog0_b4_o2,olmoearth_base,B05,226,0.8228728765288629,pool377,b10_zeroed
orientation_histogram,hog0_b4_o3,olmoearth_base,B05,227,0.8299829001811496,pool377,b10_zeroed
orientation_histogram,hog0_b5_o0,olmoearth_base,B06,228,0.8118244657702247,pool377,b10_zeroed
orientation_histogram,hog0_b5_o1,olmoearth_base,B06,229,0.8321266105658331,pool377,b10_zeroed
orientation_histogram,hog0_b5_o2,olmoearth_base,B06,230,0.8166869023587289,pool377,b10_zeroed
orientation_histogram,hog0_b5_o3,olmoearth_base,B06,231,0.8303872972592725,pool377,b10_zeroed
orientation_histogram,hog0_b6_o0,olmoearth_base,B07,232,0.8098105179375139,pool377,b10_zeroed
orientation_histogram,hog0_b6_o1,olmoearth_base,B07,233,0.8344376766504353,pool377,b10_zeroed
orientation_histogram,hog0_b6_o2,olmoearth_base,B07,234,0.8100744592516453,pool377,b10_zeroed
orientation_histogram,hog0_b6_o3,olmoearth_base,B07,235,0.8361325286309164,pool377,b10_zeroed
orientation_histogram,hog0_b7_o0,olmoearth_base,B08,236,0.8281930553632538,pool377,b10_zeroed
orientation_histogram,hog0_b7_o1,olmoearth_base,B08,237,0.8391283566171089,pool377,b10_zeroed
orientation_histogram,hog0_b7_o2,olmoearth_base,B08,238,0.8189615205345826,pool377,b10_zeroed
orientation_histogram,hog0_b7_o3,olmoearth_base,B08,239,0.8434240739593544,pool377,b10_zeroed
orientation_histogram,hog0_b8_o0,olmoearth_base,B09,240,0.6845165513617812,pool377,b10_zeroed
orientation_histogram,hog0_b8_o1,olmoearth_base,B09,241,0.6847573205778685,pool377,b10_zeroed
orientation_histogram,hog0_b8_o2,olmoearth_base,B09,242,0.6592531503118135,pool377,b10_zeroed
orientation_histogram,hog0_b8_o3,olmoearth_base,B09,243,0.7125314191948302,pool377,b10_zeroed
orientation_histogram,hog0_b9_o0,olmoearth_base,B10,244,,pool377,b10_zeroed
orientation_histogram,hog0_b9_o1,olmoearth_base,B10,245,,pool377,b10_zeroed
orientation_histogram,hog0_b9_o2,olmoearth_base,B10,246,,pool377,b10_zeroed
orientation_histogram,hog0_b9_o3,olmoearth_base,B10,247,,pool377,b10_zeroed
orientation_histogram,hog0_b10_o0,olmoearth_base,B11,248,0.8203363494821855,pool377,b10_zeroed
orientation_histogram,hog0_b10_o1,olmoearth_base,B11,249,0.8318183192504987,pool377,b10_zeroed
orientation_histogram,hog0_b10_o2,olmoearth_base,B11,250,0.8123587466295794,pool377,b10_zeroed
orientation_histogram,hog0_b10_o3,olmoearth_base,B11,251,0.8192228301550599,pool377,b10_zeroed
orientation_histogram,hog0_b11_o0,olmoearth_base,B12,252,0.8342090468592802,pool377,b10_zeroed
orientation_histogram,hog0_b11_o1,olmoearth_base,B12,253,0.8315040193471479,pool377,b10_zeroed
orientation_histogram,hog0_b11_o2,olmoearth_base,B12,254,0.8228871130561749,pool377,b10_zeroed
orientation_histogram,hog0_b11_o3,olmoearth_base,B12,255,0.8272009364938918,pool377,b10_zeroed
orientation_histogram,hog0_b12_o0,olmoearth_base,B8A,256,0.8111438983569587,pool377,b10_zeroed
orientation_histogram,hog0_b12_o1,olmoearth_base,B8A,257,0.8369443844156825,pool377,b10_zeroed
orientation_histogram,hog0_b12_o2,olmoearth_base,B8A,258,0.8095038212690044,pool377,b10_zeroed
orientation_histogram,hog0_b12_o3,olmoearth_base,B8A,259,0.8358290239092345,pool377,b10_zeroed
spectral_peaks,fftpk_b0,olmoearth_base,B01,260,0.007173524104245099,pool377,b10_zeroed
spectral_peaks,fftpk_b1,olmoearth_base,B02,261,0.6011576022320633,pool377,b10_zeroed
spectral_peaks,fftpk_b2,olmoearth_base,B03,262,0.5872261993725335,pool377,b10_zeroed
spectral_peaks,fftpk_b3,olmoearth_base,B04,263,0.5829508074304175,pool377,b10_zeroed
spectral_peaks,fftpk_b4,olmoearth_base,B05,264,0.30969068138409517,pool377,b10_zeroed
spectral_peaks,fftpk_b5,olmoearth_base,B06,265,0.28847835763245167,pool377,b10_zeroed
spectral_peaks,fftpk_b6,olmoearth_base,B07,266,0.28167171984592543,pool377,b10_zeroed
spectral_peaks,fftpk_b7,olmoearth_base,B08,267,0.5208112291445658,pool377,b10_zeroed
spectral_peaks,fftpk_b8,olmoearth_base,B09,268,0.043803125227151574,pool377,b10_zeroed
spectral_peaks,fftpk_b9,olmoearth_base,B10,269,,pool377,b10_zeroed
spectral_peaks,fftpk_b10,olmoearth_base,B11,270,0.27777481883668165,pool377,b10_zeroed
spectral_peaks,fftpk_b11,olmoearth_base,B12,271,0.2708516307582093,pool377,b10_zeroed
spectral_peaks,fftpk_b12,olmoearth_base,B8A,272,0.2730352935568662,pool377,b10_zeroed
cross_band,xcorr_b3_b7,olmoearth_base,B04;B08,273,0.8945384939197264,pool377,b10_zeroed
cross_band,xcorr_b2_b7,olmoearth_base,B03;B08,274,0.8646911018116542,pool377,b10_zeroed
cross_band,xcorr_b1_b7,olmoearth_base,B02;B08,275,0.8722460309313524,pool377,b10_zeroed
cross_band,xcorr_b11_b7,olmoearth_base,B12;B08,276,0.8985418158855574,pool377,b10_zeroed
cross_band,xcorr_b3_b11,olmoearth_base,B04;B12,277,0.788810299171011,pool377,b10_zeroed
cross_band,xcorr_b2_b3,olmoearth_base,B03;B04,278,0.8014592001845606,pool377,b10_zeroed
cross_band,xcorr_b7_b12,olmoearth_base,B08;B8A,279,0.8501955073780784,pool377,b10_zeroed
cross_band,xcorr_b11_b12,olmoearth_base,B12;B8A,280,0.8887228918096316,pool377,b10_zeroed
index_texture,ixstd_ndvi,olmoearth_base,(B08 - B04) / (B08 + B04 + epsilon),281,0.9675852826154051,pool377,b10_zeroed
index_texture,ixstd_ndwi,olmoearth_base,(B03 - B08) / (B03 + B08 + epsilon),282,0.9718130804427924,pool377,b10_zeroed
index_texture,ixstd_ndbi,olmoearth_base,legacy alias: (B12 - B08) / (B12 + B08 + epsilon),283,0.935970492127464,pool377,b10_zeroed
index_texture,ixstd_ndmi,olmoearth_base,legacy alias: (B08 - B12) / (B08 + B12 + epsilon),284,0.935970492127464,pool377,b10_zeroed
index_texture,ixstd_nbr,olmoearth_base,legacy alias: (B08 - B8A) / (B08 + B8A + epsilon),285,0.970497086669875,pool377,b10_zeroed
index_texture,ixstd_bsi,olmoearth_base,legacy alias: ((B12 + B04) - (B08 + B02)) / ((B12 + B04) + (B08 + B02) + epsilon),286,0.9531587475492938,pool377,b10_zeroed
index_texture,ixgm_ndvi,olmoearth_base,(B08 - B04) / (B08 + B04 + epsilon),287,0.985115606874341,pool377,b10_zeroed
index_texture,ixgm_ndwi,olmoearth_base,(B03 - B08) / (B03 + B08 + epsilon),288,0.9840270911408527,pool377,b10_zeroed
index_texture,ixgm_ndbi,olmoearth_base,legacy alias: (B12 - B08) / (B12 + B08 + epsilon),289,0.9824914950482122,pool377,b10_zeroed
index_texture,ixgm_ndmi,olmoearth_base,legacy alias: (B08 - B12) / (B08 + B12 + epsilon),290,0.9824914950482122,pool377,b10_zeroed
index_texture,ixgm_nbr,olmoearth_base,legacy alias: (B08 - B8A) / (B08 + B8A + epsilon),291,0.9796543265948662,pool377,b10_zeroed
index_texture,ixgm_bsi,olmoearth_base,legacy alias: ((B12 + B04) - (B08 + B02)) / ((B12 + B04) + (B08 + B02) + epsilon),292,0.9831114347289657,pool377,b10_zeroed
index_texture,ixgs_ndvi,olmoearth_base,(B08 - B04) / (B08 + B04 + epsilon),293,0.9688642080578309,pool377,b10_zeroed
index_texture,ixgs_ndwi,olmoearth_base,(B03 - B08) / (B03 + B08 + epsilon),294,0.9700111876487996,pool377,b10_zeroed
index_texture,ixgs_ndbi,olmoearth_base,legacy alias: (B12 - B08) / (B12 + B08 + epsilon),295,0.9599797532211332,pool377,b10_zeroed
index_texture,ixgs_ndmi,olmoearth_base,legacy alias: (B08 - B12) / (B08 + B12 + epsilon),296,0.9599797532211332,pool377,b10_zeroed
index_texture,ixgs_nbr,olmoearth_base,legacy alias: (B08 - B8A) / (B08 + B8A + epsilon),297,0.9610748576351308,pool377,b10_zeroed
index_texture,ixgs_bsi,olmoearth_base,legacy alias: ((B12 + B04) - (B08 + B02)) / ((B12 + B04) + (B08 + B02) + epsilon),298,0.9658271405702349,pool377,b10_zeroed
index_texture,ixspr_ndvi,olmoearth_base,(B08 - B04) / (B08 + B04 + epsilon),299,0.9467338651959905,pool377,b10_zeroed
index_texture,ixspr_ndwi,olmoearth_base,(B03 - B08) / (B03 + B08 + epsilon),300,0.9464712005222503,pool377,b10_zeroed
index_texture,ixspr_ndbi,olmoearth_base,legacy alias: (B12 - B08) / (B12 + B08 + epsilon),301,0.9185000200845458,pool377,b10_zeroed
index_texture,ixspr_ndmi,olmoearth_base,legacy alias: (B08 - B12) / (B08 + B12 + epsilon),302,0.9185000200845458,pool377,b10_zeroed
index_texture,ixspr_nbr,olmoearth_base,legacy alias: (B08 - B8A) / (B08 + B8A + epsilon),303,0.9676797038944622,pool377,b10_zeroed
index_texture,ixspr_bsi,olmoearth_base,legacy alias: ((B12 + B04) - (B08 + B02)) / ((B12 + B04) + (B08 + B02) + epsilon),304,0.9325694764068342,pool377,b10_zeroed
hough_lines,linepf_pan,olmoearth_base,mean of all 13 TIFF channels; B10 fixed to zero in b10_zeroed variant,305,0.6947694978108999,pool377,b10_zeroed
hough_lines,linepl_pan,olmoearth_base,mean of all 13 TIFF channels; B10 fixed to zero in b10_zeroed variant,306,0.6948499524373787,pool377,b10_zeroed
hough_lines,linet3_pan,olmoearth_base,mean of all 13 TIFF channels; B10 fixed to zero in b10_zeroed variant,307,0.7129583513429724,pool377,b10_zeroed
hough_lines,linepf_ndvi,olmoearth_base,(B08 - B04) / (B08 + B04 + epsilon),308,0.73845875172988,pool377,b10_zeroed
hough_lines,linepl_ndvi,olmoearth_base,(B08 - B04) / (B08 + B04 + epsilon),309,0.7384590920211269,pool377,b10_zeroed
hough_lines,linet3_ndvi,olmoearth_base,(B08 - B04) / (B08 + B04 + epsilon),310,0.7629328203470327,pool377,b10_zeroed
hough_lines,linepf_ndbi,olmoearth_base,legacy alias: (B12 - B08) / (B12 + B08 + epsilon),311,0.7158520118674185,pool377,b10_zeroed
hough_lines,linepl_ndbi,olmoearth_base,legacy alias: (B12 - B08) / (B12 + B08 + epsilon),312,0.7158563840865226,pool377,b10_zeroed
hough_lines,linet3_ndbi,olmoearth_base,legacy alias: (B12 - B08) / (B12 + B08 + epsilon),313,0.737416509804317,pool377,b10_zeroed
harris_corners,corn2frac_pan,olmoearth_base,mean of all 13 TIFF channels; B10 fixed to zero in b10_zeroed variant,314,0.940804461862776,pool377,b10_zeroed
harris_corners,corn2mag_pan,olmoearth_base,mean of all 13 TIFF channels; B10 fixed to zero in b10_zeroed variant,315,0.9171510488462314,pool377,b10_zeroed
harris_corners,corn2frac_ndvi,olmoearth_base,(B08 - B04) / (B08 + B04 + epsilon),316,0.9507889661773894,pool377,b10_zeroed
harris_corners,corn2mag_ndvi,olmoearth_base,(B08 - B04) / (B08 + B04 + epsilon),317,0.9397696551349715,pool377,b10_zeroed
harris_corners,corn2frac_ndbi,olmoearth_base,legacy alias: (B12 - B08) / (B12 + B08 + epsilon),318,0.9411334875375591,pool377,b10_zeroed
harris_corners,corn2mag_ndbi,olmoearth_base,legacy alias: (B12 - B08) / (B12 + B08 + epsilon),319,0.929735720009257,pool377,b10_zeroed
lbp,lbp2ent_pan,olmoearth_base,mean of all 13 TIFF channels; B10 fixed to zero in b10_zeroed variant,320,0.9038094799430745,pool377,b10_zeroed
lbp,lbp2uni_pan,olmoearth_base,mean of all 13 TIFF channels; B10 fixed to zero in b10_zeroed variant,321,0.9574611371277171,pool377,b10_zeroed
lbp,lbp2ent_ndvi,olmoearth_base,(B08 - B04) / (B08 + B04 + epsilon),322,0.7903628521570749,pool377,b10_zeroed
lbp,lbp2uni_ndvi,olmoearth_base,(B08 - B04) / (B08 + B04 + epsilon),323,0.8930574303696158,pool377,b10_zeroed
lbp,lbp2ent_ndbi,olmoearth_base,legacy alias: (B12 - B08) / (B12 + B08 + epsilon),324,0.8652000107118317,pool377,b10_zeroed
lbp,lbp2uni_ndbi,olmoearth_base,legacy alias: (B12 - B08) / (B12 + B08 + epsilon),325,0.9073622426332676,pool377,b10_zeroed
blobs,blob2lrg_pan,olmoearth_base,mean of all 13 TIFF channels; B10 fixed to zero in b10_zeroed variant,326,0.28903303686205617,pool377,b10_zeroed
blobs,blob2nc_pan,olmoearth_base,mean of all 13 TIFF channels; B10 fixed to zero in b10_zeroed variant,327,0.7209351272415878,pool377,b10_zeroed
blobs,blob2msz_pan,olmoearth_base,mean of all 13 TIFF channels; B10 fixed to zero in b10_zeroed variant,328,0.4340502815627818,pool377,b10_zeroed
blobs,blob2lrg_ndvi,olmoearth_base,(B08 - B04) / (B08 + B04 + epsilon),329,0.38480987221259866,pool377,b10_zeroed
blobs,blob2nc_ndvi,olmoearth_base,(B08 - B04) / (B08 + B04 + epsilon),330,0.7081856715497443,pool377,b10_zeroed
blobs,blob2msz_ndvi,olmoearth_base,(B08 - B04) / (B08 + B04 + epsilon),331,0.4105981268882781,pool377,b10_zeroed
blobs,blob2lrg_ndbi,olmoearth_base,legacy alias: (B12 - B08) / (B12 + B08 + epsilon),332,0.21073663170381263,pool377,b10_zeroed
blobs,blob2nc_ndbi,olmoearth_base,legacy alias: (B12 - B08) / (B12 + B08 + epsilon),333,0.7212418685990734,pool377,b10_zeroed
blobs,blob2msz_ndbi,olmoearth_base,legacy alias: (B12 - B08) / (B12 + B08 + epsilon),334,0.4542244196190759,pool377,b10_zeroed
spectral_slope,sslope2_pan,olmoearth_base,mean of all 13 TIFF channels; B10 fixed to zero in b10_zeroed variant,335,0.7596800681888007,pool377,b10_zeroed
spectral_slope,sslope2_ndvi,olmoearth_base,(B08 - B04) / (B08 + B04 + epsilon),336,0.9125427909399254,pool377,b10_zeroed
spectral_slope,sslope2_ndbi,olmoearth_base,legacy alias: (B12 - B08) / (B12 + B08 + epsilon),337,0.8877327033377386,pool377,b10_zeroed
index_coherence,ixcoh_ndvi,olmoearth_base,(B08 - B04) / (B08 + B04 + epsilon),338,0.6879268328486243,pool377,b10_zeroed
index_coherence,ixcoh_ndwi,olmoearth_base,(B03 - B08) / (B03 + B08 + epsilon),339,0.7045088427248951,pool377,b10_zeroed
index_coherence,ixcoh_ndbi,olmoearth_base,legacy alias: (B12 - B08) / (B12 + B08 + epsilon),340,0.6394423365387962,pool377,b10_zeroed
index_coherence,ixcoh_ndmi,olmoearth_base,legacy alias: (B08 - B12) / (B08 + B12 + epsilon),341,0.6394423365387962,pool377,b10_zeroed
index_coherence,ixcoh_nbr,olmoearth_base,legacy alias: (B08 - B8A) / (B08 + B8A + epsilon),342,0.6378526489476037,pool377,b10_zeroed
index_coherence,ixcoh_bsi,olmoearth_base,legacy alias: ((B12 + B04) - (B08 + B02)) / ((B12 + B04) + (B08 + B02) + epsilon),343,0.6494812585219678,pool377,b10_zeroed
index_texture_scale2,ix2std_ndvi,olmoearth_base,(B08 - B04) / (B08 + B04 + epsilon),344,0.9666286418342515,pool377,b10_zeroed
index_texture_scale2,ix2std_ndwi,olmoearth_base,(B03 - B08) / (B03 + B08 + epsilon),345,0.9709880606115111,pool377,b10_zeroed
index_texture_scale2,ix2std_ndbi,olmoearth_base,legacy alias: (B12 - B08) / (B12 + B08 + epsilon),346,0.9330569541740809,pool377,b10_zeroed
index_texture_scale2,ix2std_ndmi,olmoearth_base,legacy alias: (B08 - B12) / (B08 + B12 + epsilon),347,0.9330569541740809,pool377,b10_zeroed
index_texture_scale2,ix2std_nbr,olmoearth_base,legacy alias: (B08 - B8A) / (B08 + B8A + epsilon),348,0.9603149702417875,pool377,b10_zeroed
index_texture_scale2,ix2std_bsi,olmoearth_base,legacy alias: ((B12 + B04) - (B08 + B02)) / ((B12 + B04) + (B08 + B02) + epsilon),349,0.9517262089223331,pool377,b10_zeroed
index_texture_scale2,ix2gm_ndvi,olmoearth_base,(B08 - B04) / (B08 + B04 + epsilon),350,0.9861425932769774,pool377,b10_zeroed
index_texture_scale2,ix2gm_ndwi,olmoearth_base,(B03 - B08) / (B03 + B08 + epsilon),351,0.9853063705971138,pool377,b10_zeroed
index_texture_scale2,ix2gm_ndbi,olmoearth_base,legacy alias: (B12 - B08) / (B12 + B08 + epsilon),352,0.9795848357172436,pool377,b10_zeroed
index_texture_scale2,ix2gm_ndmi,olmoearth_base,legacy alias: (B08 - B12) / (B08 + B12 + epsilon),353,0.9795848357172436,pool377,b10_zeroed
index_texture_scale2,ix2gm_nbr,olmoearth_base,legacy alias: (B08 - B8A) / (B08 + B8A + epsilon),354,0.9808930226730961,pool377,b10_zeroed
index_texture_scale2,ix2gm_bsi,olmoearth_base,legacy alias: ((B12 + B04) - (B08 + B02)) / ((B12 + B04) + (B08 + B02) + epsilon),355,0.9825120234301054,pool377,b10_zeroed
cross_band_correlation,xcorr_b3_b7,olmoearth_base,B04;B08,356,0.8945384939197264,pool377,b10_zeroed
cross_band_correlation,xcorr_b2_b7,olmoearth_base,B03;B08,357,0.8646911018116542,pool377,b10_zeroed
cross_band_correlation,xcorr_b1_b7,olmoearth_base,B02;B08,358,0.8722460309313524,pool377,b10_zeroed
cross_band_correlation,xcorr_b11_b7,olmoearth_base,B12;B08,359,0.8985418158855574,pool377,b10_zeroed
cross_band_correlation,xcorr_b3_b11,olmoearth_base,B04;B12,360,0.788810299171011,pool377,b10_zeroed
cross_band_correlation,xcorr_b2_b3,olmoearth_base,B03;B04,361,0.8014592001845606,pool377,b10_zeroed
cross_band_correlation,xcorr_b7_b12,olmoearth_base,B08;B8A,362,0.8501955073780784,pool377,b10_zeroed
cross_band_correlation,xcorr_b11_b12,olmoearth_base,B12;B8A,363,0.8887228918096316,pool377,b10_zeroed
orientation_entropy_scale2,oent2_b0,olmoearth_base,B01,364,0.6237712818404781,pool377,b10_zeroed
orientation_entropy_scale2,oent2_b1,olmoearth_base,B02,365,0.7598316753490003,pool377,b10_zeroed
orientation_entropy_scale2,oent2_b2,olmoearth_base,B03,366,0.7624043970582959,pool377,b10_zeroed
orientation_entropy_scale2,oent2_b3,olmoearth_base,B04,367,0.7630727732082991,pool377,b10_zeroed
orientation_entropy_scale2,oent2_b4,olmoearth_base,B05,368,0.7647544147567924,pool377,b10_zeroed
orientation_entropy_scale2,oent2_b5,olmoearth_base,B06,369,0.7739902789006439,pool377,b10_zeroed
orientation_entropy_scale2,oent2_b6,olmoearth_base,B07,370,0.7782857821519191,pool377,b10_zeroed
orientation_entropy_scale2,oent2_b7,olmoearth_base,B08,371,0.7613696040432354,pool377,b10_zeroed
orientation_entropy_scale2,oent2_b8,olmoearth_base,B09,372,0.7207484233429664,pool377,b10_zeroed
orientation_entropy_scale2,oent2_b9,olmoearth_base,B10,373,,pool377,b10_zeroed
orientation_entropy_scale2,oent2_b10,olmoearth_base,B11,374,0.7791481781752985,pool377,b10_zeroed
orientation_entropy_scale2,oent2_b11,olmoearth_base,B12,375,0.7806727705818344,pool377,b10_zeroed
orientation_entropy_scale2,oent2_b12,olmoearth_base,B8A,376,0.7825216727220817,pool377,b10_zeroed
